,lightgbm-dart_numerai_1_0_10-all,lightgbm-dart_numerai_1_0_10-baseline,lightgbm-dart_numerai_1_0_10-high_autocorrelation_small,lightgbm-dart_numerai_1_0_10-high_autocorrelation_standard,lightgbm-dart_numerai_1_0_10-high_calmar_small,lightgbm-dart_numerai_1_0_10-high_calmar_standard,lightgbm-dart_numerai_1_0_10-high_drawdown_small,lightgbm-dart_numerai_1_0_10-high_drawdown_standard,lightgbm-dart_numerai_1_0_10-high_kurt_small,lightgbm-dart_numerai_1_0_10-high_kurt_standard,lightgbm-dart_numerai_1_0_10-high_mean_small,lightgbm-dart_numerai_1_0_10-high_mean_standard,lightgbm-dart_numerai_1_0_10-high_sharpe_small,lightgbm-dart_numerai_1_0_10-high_sharpe_standard,lightgbm-dart_numerai_1_0_10-high_skew_small,lightgbm-dart_numerai_1_0_10-high_skew_standard,lightgbm-dart_numerai_1_0_10-high_volatility_small,lightgbm-dart_numerai_1_0_10-high_volatility_standard,lightgbm-dart_numerai_1_0_10-low_autocorrelation_small,lightgbm-dart_numerai_1_0_10-low_autocorrelation_standard,lightgbm-dart_numerai_1_0_10-low_calmar_small,lightgbm-dart_numerai_1_0_10-low_calmar_standard,lightgbm-dart_numerai_1_0_10-low_drawdown_small,lightgbm-dart_numerai_1_0_10-low_drawdown_standard,lightgbm-dart_numerai_1_0_10-low_kurt_small,lightgbm-dart_numerai_1_0_10-low_kurt_standard,lightgbm-dart_numerai_1_0_10-low_mean_small,lightgbm-dart_numerai_1_0_10-low_mean_standard,lightgbm-dart_numerai_1_0_10-low_sharpe_small,lightgbm-dart_numerai_1_0_10-low_sharpe_standard,lightgbm-dart_numerai_1_0_10-low_skew_small,lightgbm-dart_numerai_1_0_10-low_skew_standard,lightgbm-dart_numerai_1_0_10-low_volatility_small,lightgbm-dart_numerai_1_0_10-low_volatility_standard,lightgbm-dart_numerai_1_0_10-optimizer
2012-12-21,0.0112370143364058,0.0613073787001533,0.0293569826418616,0.0250753284112941,0.0460788093505892,0.0303301895355472,0.0221380337913362,0.0214468497506538,0.0396703911389174,0.0316696080449586,0.0557692590119681,0.02666009159943,0.0537204123959118,0.0329286386387229,0.0436380954010473,0.0263725575181673,0.0309459267617806,0.0218121111546108,0.0667903852344848,0.0648553739883401,0.0610908250023964,0.0253117410993911,0.0627977854240102,0.0518933452067118,0.0410373657896263,0.0276378595096062,0.0249489502460332,0.0236490605462072,0.0278252412704291,0.0233391014671989,0.0383974874533274,0.0283476677009586,0.0599387882538079,0.0493135202542061,0.023797483624506
2012-12-28,0.0369495759023894,0.0996730978160362,0.0744893709776946,0.0487378641955789,0.079188969839612,0.0614526659353764,0.0665345723077581,0.0558309087891793,0.0818628501542555,0.0615378756331025,0.0909287832825397,0.0518919484956297,0.0899433804670589,0.0589050853282513,0.0787837503882037,0.0598531852316165,0.0780411005338002,0.0584091648874857,0.1098816923154194,0.1015493200071147,0.1018551281445093,0.0588702440296255,0.1022397079135795,0.0824587499736864,0.0742755893138441,0.0532007694527018,0.068009646852838,0.0598586765232478,0.074014090219267,0.0594824283690663,0.0841282919844655,0.0625776233002442,0.0952239201125841,0.0855026297313447,0.0686994666946513
2013-01-04,0.0269568817416948,0.0881805944178037,0.0833987816740411,0.055448516762294,0.0906215031227221,0.0760184510448859,0.0727783625607901,0.0597655367719392,0.0822488542504099,0.0590018873766198,0.0993990178382425,0.0772148480057577,0.1013470595639798,0.0817564707787321,0.0853898077217259,0.0568027165267118,0.0909828037747673,0.0587832869285175,0.0899653145322715,0.0635673257874299,0.0912645253442879,0.0753916931613543,0.0789226034993471,0.0645410562156908,0.075893564163552,0.0420705178599613,0.0766732842738337,0.0686582572152017,0.0739435862070963,0.0701419908146774,0.0781363002046231,0.0717151782733411,0.0791255204786308,0.0747829422235034,0.0622034448694204
2013-01-11,0.0254629792939913,0.0798650160107434,0.0709362785153851,0.0545304380338977,0.0872665771654816,0.0601716636513634,0.0711705927455777,0.0565698752630551,0.0669429412452867,0.0654321046174661,0.0816326558472344,0.0680322429208414,0.0877230958666361,0.0706781292035323,0.0832032723976062,0.0573656594410675,0.0734303122616921,0.0600578703582756,0.0763654872371146,0.0609109356196328,0.0836323038674911,0.0714004859525591,0.0791659171137965,0.0588772649424901,0.0666786409446184,0.0594952471000529,0.0786207857300179,0.0654755459759759,0.0771382052070688,0.0647670289517843,0.0669306392676556,0.052074079094086,0.0750043887432727,0.059706879558988,0.0643568348851469
2013-01-18,0.0477794879162492,0.0612271898958526,0.0605882685041906,0.0586581390421695,0.0673082047949944,0.0603073800555723,0.0713867203449853,0.0641040524035506,0.0571528748406348,0.0656809231096617,0.0625155337060285,0.0623874058005066,0.0752536625427879,0.0570589271066307,0.079378961009102,0.056877333011025,0.074613023015178,0.0485707875294878,0.0540170827922267,0.0446091337949655,0.0635644257850631,0.0707640301811892,0.0549239075661818,0.0510919093426124,0.0626343050282859,0.0642163314027264,0.0706296009032645,0.0675741990906607,0.0725820715947134,0.0717451347692249,0.0634185394664062,0.0508509295858781,0.0560688478366881,0.0565427874216442,0.0615539060872377
2013-01-25,0.0200745589051214,0.047303645390045,0.0502745241421214,0.0448392011246146,0.0554466440588117,0.0508572637203789,0.0575439790039012,0.0499246543080367,0.0413097926152396,0.0290831890164629,0.0503018430036951,0.0537345992648818,0.0529555406951778,0.042066619283801,0.0552829192953117,0.0424251557912125,0.0545613245378833,0.0526092505739889,0.0348548166402387,0.0160652804617596,0.0473039276563843,0.0481609862860296,0.0381630365738379,0.0327523947347182,0.05661645655199,0.0589835888058621,0.053883063147089,0.0542193677533578,0.0567440073746477,0.0541375995745787,0.0486691171112997,0.0373099344689722,0.0453599551479911,0.0313985096363161,0.0464496951158672
2013-02-01,0.0113856965884036,0.0409245150956735,0.0315593930836928,0.0302812025547867,0.0264143936652666,0.0336937248553986,0.0454017944718203,0.0373515470922726,0.0356689081035024,0.0210620750408907,0.0258387540112136,0.0327395748012073,0.0302035736474651,0.0256649690110521,0.0384722565442734,0.0242456013284967,0.0366395473528051,0.031680190333272,0.024897572986885,0.0196982889148901,0.0411499906672303,0.0432472680678996,0.0259904916606083,0.0229724131396805,0.0432906216820124,0.0320805628123221,0.0470066192814137,0.0443242533620772,0.0468057845903956,0.0454701597863828,0.0369754452262515,0.0262185613143383,0.0383933307339655,0.0154924325303855,0.048408571409582
2013-02-08,0.0271746524315774,0.0414100410000724,0.0378083004066551,0.0335132499992284,0.0265764554815578,0.0344248585652354,0.0449755826654879,0.0479065445663248,0.0319753722583167,0.0226760783937334,0.0269003941818772,0.0341323164322218,0.0316266856755329,0.028886688778191,0.0379889230115082,0.0421491528652102,0.033396159271747,0.0370828550162022,0.0311607236795775,0.0211851108180903,0.0469371293793372,0.0418246601078208,0.0285671825344325,0.0290312976734875,0.049278574557586,0.0352136511473699,0.0449090958170757,0.0454788511708301,0.0442859662989016,0.0465505822300964,0.0385376241965987,0.0251054339604384,0.0361470526248008,0.029307033408708,0.0524810244227726
2013-02-15,0.0437070560927354,0.0628915214309131,0.0586385733386421,0.0475106031585414,0.0402078669354115,0.049400143060531,0.0637785519027162,0.0595885333148729,0.0547295575457189,0.028788884626007,0.0459619366997301,0.047796054546521,0.0544196388959125,0.04229870567334,0.0504833754705004,0.0440985322819645,0.0504118272654613,0.0499719726267109,0.0505007991266498,0.0404482763186644,0.067160594776142,0.0459016953353837,0.0512854197275053,0.0489910578571083,0.0528238914938889,0.0514529833994103,0.0594408029536912,0.0549657036939566,0.0545299269321773,0.0538350196246868,0.0638467636629606,0.0403096285016458,0.054370889730303,0.0502298056661133,0.050924898331648
2013-02-22,0.0603493426878201,0.0571442618953804,0.0726248739956248,0.0644526018823792,0.0363991633775223,0.0488996094160583,0.070317600576831,0.063477786267539,0.0488329680143602,0.0313821765196796,0.0411529166986573,0.0534601026722687,0.0459910824619433,0.0492031980237944,0.0431810366903378,0.0543967845961372,0.0623839417046657,0.0668533583785553,0.0428108066809037,0.0431399411592907,0.0615983136246463,0.0529412253140467,0.0422189940108231,0.0484882838755769,0.0574410008487098,0.0771625981062549,0.0599820745184613,0.0626627249017696,0.0519116156578102,0.0630734950972369,0.0586153704386351,0.0512937017720645,0.0616381133506605,0.0493760954382001,0.0616321896705095
2013-03-01,0.0545225386673405,0.0432783904440627,0.0608732158260858,0.0396627660949161,0.0381450326711299,0.0420634803782962,0.0508582515225305,0.051792027417927,0.0382655318436547,0.0340630768560143,0.0311204870629571,0.0507405331001408,0.0406616115434761,0.0404189447483453,0.0310509683095773,0.0431057055289651,0.0412457544552082,0.0544965849994121,0.036844568524573,0.0543115724237508,0.0453872183232168,0.0492001829085883,0.0401447627850156,0.0378269148556642,0.0490726391690543,0.0618679828411141,0.0456606587531771,0.0592818852153881,0.0421081577638016,0.0603064989485342,0.0456554680195914,0.0482189488775512,0.0415514515867367,0.0313446155238533,0.0600818143376109
2013-03-08,0.0378622455489555,0.0380893027193581,0.049843496394761,0.0428639324084592,0.0442459460134175,0.0568011820228095,0.0420426666410855,0.0362621837684644,0.0390918460531409,0.0307210758743794,0.038933549696367,0.0567910701765579,0.0450567322310397,0.0464915112882559,0.0350149334962764,0.0447638563932456,0.0480110460022349,0.0486762216338351,0.037925306699215,0.0394928267199512,0.0376256283466698,0.0290175055586227,0.0415162990807561,0.0344687099469441,0.0479305189357227,0.0454400631298474,0.0320310195933268,0.0347255508417328,0.0358398762986508,0.0339202801766115,0.0470785499260944,0.0493244829044328,0.0377747321159423,0.0176069305449032,0.035483020051847
2013-03-15,0.0303189857515323,0.0539131391320574,0.0493468954356523,0.0321156717811988,0.0357117738132268,0.0367651792771358,0.0333956649787925,0.0425936709809516,0.0482660082466137,0.0255388035625949,0.0369695632329012,0.0384348305773952,0.0515177697227129,0.0359804031264144,0.0424737341805515,0.0197454375074546,0.0384723222024065,0.0344923860094621,0.048026862638532,0.0406291826296327,0.0557151937403586,0.034781581116952,0.0440951559631992,0.0378093028338818,0.0543172657223412,0.0323941289960884,0.0351190057420534,0.0367120358086732,0.0342290346434848,0.0348749461831208,0.0415584653350092,0.0323600953364907,0.0479122037853422,0.0421852670657802,0.0388181187437726
2013-03-22,0.0135086280631142,0.0620648126250214,0.0405445759260407,0.0304613002390149,0.0404148332830774,0.0337596587569485,0.0353986675121237,0.0433675779244166,0.0475563594679982,0.0324697456724585,0.0446606062983562,0.0389849154256722,0.0684865232618638,0.0377554756069702,0.051103757889586,0.037310172467986,0.0311134952479224,0.0283284264799044,0.0556771860540434,0.0405920382770683,0.0573698877391455,0.0376222511699161,0.0595357469159585,0.0461707886721709,0.0479914004770306,0.0319661682955331,0.0297238929010425,0.0372694904528195,0.034234282267224,0.0376970181167085,0.0359035276552931,0.0076597637474918,0.056298228168454,0.0413030572808786,0.034664375463601
2013-03-29,0.0391858941793166,0.0745074027089752,0.0578740504459857,0.046752404090454,0.0612713149776749,0.0590400708070318,0.0511501338487766,0.0484919220718138,0.0675517999220482,0.0639481860073561,0.0727460236640537,0.0539713396862496,0.0793598140834545,0.0537816372836131,0.0703662372070645,0.0524939659121975,0.0542700706635932,0.0527745864383733,0.0618252386760194,0.0580573501638658,0.0668134789027224,0.0472443132135875,0.0737561843847466,0.0635256088134408,0.0678298593743215,0.0394178543013447,0.0492829280399912,0.0483331354898577,0.0548439341516073,0.0486463182413655,0.0611935680913485,0.0316342019100439,0.0719674571976884,0.0529203847169666,0.0497320306421827
2013-04-05,0.0702656342682797,0.1123351668385223,0.0849167340005659,0.0674515372195652,0.0907845612166524,0.0763621773766612,0.0898298497712492,0.0776609634062567,0.0902399735749349,0.0804415809607927,0.0880508877354752,0.0783214556011897,0.1079786468763169,0.0767299059513057,0.0966953295230981,0.0784175271931799,0.0857364357466191,0.0784941297314903,0.0906229862664869,0.0814639792096435,0.1044547481602654,0.0844740404715654,0.1100776655982857,0.0922340049700508,0.1043555833541391,0.0716504844323665,0.0864709831270446,0.0838583089047187,0.0883110816304488,0.0827247369007429,0.0902026730515296,0.0530642704577068,0.1067686542878033,0.0820025623768616,0.0926666910415524
2013-04-12,0.0563403686285767,0.0925169360396642,0.0665466399557922,0.0543014028869484,0.0724415866964202,0.0624803327204835,0.0806987985747302,0.0664296709608155,0.0782393619893579,0.0637299393748933,0.0671678107055133,0.0685890566460301,0.0904021395493206,0.066758600851969,0.0760876047168591,0.0605612420358189,0.0673058486498957,0.0686039502137135,0.0952723361817829,0.0769815820356097,0.0875153302229852,0.062974000000525,0.0958540934658054,0.0774636250677032,0.0647675851331261,0.0619152852928864,0.0721905755922931,0.0665244812331413,0.0713312893885123,0.0636122438644197,0.0755122044434332,0.0489284575307352,0.0875890715459053,0.073721343743945,0.0674691330077903
2013-04-19,0.0595246180581689,0.0805752384255139,0.0637787878511822,0.0596548820133582,0.0578555779918834,0.0505563777782446,0.0647795402450516,0.0634648817664928,0.0598397613853093,0.0684884396150542,0.0541760189428597,0.0565384450284227,0.0724152704053395,0.0525796226833352,0.0575634120245457,0.0479364285139696,0.0612645344419997,0.0636778642169718,0.0758198081324168,0.0679933658857663,0.073413548314307,0.0645937771284927,0.0758169801496718,0.0656694710651032,0.0688240858170955,0.0671451478112027,0.0630786853728854,0.0663204373432065,0.0626281523718305,0.0643965253320324,0.0563129134045129,0.0533854210167245,0.0795007811728129,0.0748545822717809,0.065387556535216
2013-04-26,0.0423080267132133,0.058264016783505,0.0513959271415213,0.0375258595202402,0.044837001466588,0.0406240446033019,0.0481171010046471,0.0419232776408937,0.044831544032938,0.0339143118451757,0.035607571592292,0.0378629470053505,0.0608218246272145,0.0300711870688995,0.0407550230109001,0.0330469437237479,0.0410904732659154,0.0437094956745138,0.0506620842300616,0.0303065843736662,0.0606770207210365,0.0551530063805838,0.0616151535654584,0.0439008696811711,0.0435042961692766,0.0513711867756416,0.054772259426274,0.0455404646640631,0.056280148343748,0.0448930311187272,0.0400697512589246,0.04040119939593,0.057709995960028,0.0479322759183697,0.0497978086543686
2013-05-03,0.0557237668725301,0.0492683302408994,0.0606524081644132,0.0531178413530227,0.0366357178037976,0.0368894190385215,0.0559125133939665,0.0533943936918671,0.0329959147703023,0.0425327421065203,0.0296380619742624,0.0419584056942944,0.0353364436080949,0.0409295662190101,0.0418581847100808,0.0462382195731179,0.0451931864020001,0.0605527269700608,0.0468661751115478,0.0341571826915134,0.046023563138348,0.0493985092799899,0.04890460155707,0.0269950708842919,0.0515569490046332,0.0620583808226629,0.0453290335170473,0.0562160552258665,0.0435853323356937,0.0539573945170096,0.0461574310239044,0.0409162514024359,0.0457761594520039,0.0363746394409719,0.051876504602413
2013-05-10,0.0335159472784464,0.0399117519314224,0.0554332162272295,0.0502460270543029,0.0441740766177813,0.036645050570887,0.0375693801262867,0.032397340974997,0.0359741719656952,0.0465043281810854,0.0414116038489537,0.0442314684644528,0.0345197698885527,0.043878740313636,0.0583757069002131,0.0505661380997132,0.0472374109927628,0.0627640443440033,0.0360021549468364,0.0468805834243266,0.0449119717892727,0.0413800561568392,0.0426255661709412,0.0297860119514412,0.0525807345063238,0.0402197427350012,0.0470957137315707,0.0395855806528353,0.047547362611899,0.0390711928593754,0.0462145171789489,0.0501070033263407,0.0333118675752199,0.0364739444441644,0.0445506883321198
2013-05-17,0.0271166113476317,0.0576872343938931,0.0534328456393702,0.0364504385221788,0.0497371591670489,0.0331200605397729,0.0444384109977279,0.038208463441577,0.0625746107215518,0.0530682471756744,0.0499025952761846,0.038534365476312,0.045841422807393,0.0398189804138812,0.0601331855659175,0.0402522739143103,0.0346112931072066,0.046450625303695,0.0373933533416299,0.0417710199977485,0.0498230723396043,0.0275504373677255,0.0507418462675935,0.0421718297986371,0.0484395862509745,0.0317754483866589,0.0397012935680046,0.029587325084819,0.0489234691195407,0.0281275111775966,0.0540241199736307,0.0402329256998299,0.0527558356391093,0.0402133999787946,0.0215831995127771
2013-05-24,0.0230825672204294,0.0707890854852254,0.0635898766550708,0.0440938346910805,0.0745138607996621,0.0442711464465813,0.0571431021149714,0.0519489210159594,0.0610917120206387,0.0474395846280451,0.0633381290734984,0.0496637060443219,0.0501803679219841,0.0498745490327937,0.0709727168192595,0.0492309600271838,0.0660559145060804,0.0432320293368692,0.0494028295406841,0.0448513596663141,0.0616682385603066,0.0380009814372085,0.0633876359200837,0.0459041701591243,0.0664086068989528,0.0357693111046083,0.0541382823059104,0.0440659212563036,0.0590542068381216,0.0449203532503852,0.0563162324432796,0.0430385664115604,0.0636028678133946,0.0579557517349845,0.0387144418078573
2013-05-31,0.01325422056176,0.0592416306315009,0.0543884458409315,0.0317534630657924,0.0513527395573481,0.02069605177151,0.0440646841155899,0.0445513764946975,0.0367341774022554,0.0302255695817607,0.0439405009352529,0.0261831868788505,0.042728966304959,0.0280321951682072,0.0569416872579294,0.0435418817336892,0.064792001865128,0.029768822083018,0.0347428428579877,0.0327855045602519,0.0512107655951473,0.0474815711115833,0.0373063007635806,0.0228048759346213,0.0468789744308278,0.0204004781876726,0.0555473127110542,0.0397411718299595,0.0561097480228496,0.0427404158180397,0.0427999532860593,0.0210226271138428,0.0571601087382382,0.0222271158899332,0.0364236313782356
2013-06-07,0.0302964136335151,0.053804056715306,0.0487259141483402,0.0527961585661302,0.047639033044973,0.0286923903357884,0.045462623352602,0.0548506074201728,0.03772649382326,0.0484475751584067,0.0377909159737519,0.0291648782724097,0.0374259159539787,0.0306658261293494,0.0709226102250798,0.0497879088867229,0.0588112459326054,0.0404338126353012,0.0327372188914666,0.0061405781856525,0.0522101817452177,0.0474088782936267,0.0367389816807885,0.0337231425425561,0.0402864359348608,0.0324279925691055,0.0515193644930938,0.0483079644158339,0.0472696205491387,0.0525940671625324,0.0428541440043292,0.0285319527062072,0.0505772126045303,0.0295558236514221,0.0430581768973939
2013-06-14,0.0369449594592045,0.0511614165804948,0.0337156149665448,0.0466111298057108,0.0373049012578414,0.0261097337005326,0.0362570706884761,0.0478098693069491,0.0353059355948928,0.021898681280035,0.029312060339665,0.0260631634530053,0.0422477464610493,0.0269421324378249,0.0538656012268315,0.0426249299162136,0.0535346325211219,0.0294679462445561,0.0287841457016641,0.011589948167073,0.0444376145890528,0.0417678240628667,0.0444093524922709,0.0345673883488007,0.0349358621011831,0.0351861327443835,0.0375901884612055,0.0366808243911677,0.0443377196306163,0.037362847443696,0.0381611183660064,0.027138545123007,0.0463736570931286,0.0324048935723972,0.036775742376586
2013-06-21,0.0358522047398466,0.0529149213995784,0.0395138002946044,0.0401359830267592,0.0492606726980123,0.0453756146239581,0.0328706735481439,0.0280231317602638,0.0477582590959426,0.0421989345280744,0.0489176837149062,0.0395315411040754,0.0512325905507287,0.0409525978627124,0.0480636160589587,0.0257048201226237,0.0440382443099974,0.0274708370654191,0.0338935476942095,0.0322432940132148,0.0528643866218698,0.0511171856891193,0.0556658217174273,0.0437006313297613,0.0306258339497271,0.0366344131574318,0.0340634293849015,0.0432409830843762,0.0439472106613987,0.0456426227665014,0.0519126549137838,0.0457087476018025,0.0492658695007866,0.0523384343410879,0.0203365228567361
2013-06-28,0.0350268626322982,0.0467643524487209,0.0350015124488013,0.0378618286076999,0.0474803618676639,0.0477102862592407,0.040035739798067,0.0373234474379091,0.0471233320105816,0.0268325487724329,0.0531277800191378,0.0422818015106945,0.0493176297121526,0.0461467294869143,0.0363378039397079,0.0322674153853559,0.0420407088564583,0.0268781081931231,0.0354714658505516,0.0320077089600205,0.044933288885262,0.0480986936161757,0.0379869840590902,0.040501793171587,0.0395349407184954,0.0404057106579134,0.039997094063785,0.0455851254217522,0.0431905080883527,0.0473952703426393,0.0482860722452402,0.0359077371903129,0.0403851468726991,0.0329990252265566,0.0427623913530728
2013-07-05,0.0358845349643727,0.0456735406516578,0.0336186368137542,0.0382158628484942,0.0465649767567798,0.0454416497011033,0.0394515051151571,0.0249658169766952,0.0337062846653185,0.0283254763408457,0.043097550772742,0.0433192071159193,0.0439617830815788,0.0463560914578423,0.0294551014457363,0.0287488452046888,0.0381080962286068,0.0331627280289711,0.0260081441216446,0.0335883711883638,0.04203632948015,0.0448980930647559,0.0379802108403963,0.033689839759037,0.0455534400746553,0.0378171613440733,0.0420737678838121,0.0444029964181956,0.0424978365309013,0.0449553003451182,0.0451277969152626,0.0461884933704201,0.0350692874827573,0.0367183267020076,0.0436370836554247
2013-07-12,0.0587376353166571,0.0425178716488035,0.0300182133688706,0.0710746585268196,0.0562035583261767,0.0594381347665768,0.0605302243158238,0.0510434000226876,0.0518235896410688,0.0567536491799937,0.0527434569498658,0.0551494667380505,0.0561027581793149,0.0585589041662005,0.0398697125388735,0.051473339916109,0.0617860921141604,0.0560529738135873,0.0389209949262626,0.0467237706925074,0.0364676636031637,0.0573514134016981,0.0388608314878215,0.0470196622230863,0.0522160593228294,0.0493869703842035,0.0619662305965104,0.0526929689181916,0.0634592338188781,0.053378691383231,0.0589872608112418,0.0586695556363159,0.0240838466075471,0.0470131533130795,0.0707354915405199
2013-07-19,0.0450686281954256,0.0158987596123291,0.0090143930011432,0.0474221331801479,0.0358945073542998,0.0383078993026659,0.0341407501139865,0.0305522740784047,0.0297361605298632,0.0339307066872477,0.0363456792299622,0.0386524688706105,0.028462025863483,0.0351895622749269,0.0218460091643964,0.0427899380098594,0.0412474535474449,0.0443903775983807,0.0174343947165025,0.0262516524780853,0.0160993193569129,0.0414214945473598,0.0119616745960698,0.0342722906880897,0.0340822681230969,0.0399476781283022,0.0329393227876314,0.0355494109215724,0.0294321595501934,0.0369401583265434,0.0319888587194784,0.0400721938386349,0.0020285172245381,0.0080279265061664,0.058582183009203
2013-07-26,0.0255792855059539,0.0044707765274706,0.0089331157398749,0.0240437057435811,0.0227296038315505,0.0231289670664533,0.0286553667607071,0.0273971616394771,0.0096017679166224,0.0302528197003183,0.0221704601474722,0.0191239092727647,0.0046320510414431,0.0201230204643085,0.0052388300409522,0.0309425650056698,0.0277722677764853,0.0216109649112506,0.0071099663242006,0.0235506538624621,-0.0017236601590919,0.0212863065068203,0.0053486900857648,0.0208104806807279,0.008807611624681,0.0255457122762591,0.017662155460506,0.0233996622168716,0.0169342667475955,0.0236974268823317,0.018858135852354,0.019885898543585,-0.0031924450142187,0.0189926045472046,0.0369405719002951
2013-08-02,0.0120600259507638,-0.0214667087035951,-0.0137819289697907,0.0041017603733289,0.0061319085582785,0.0128107890766947,-0.0041527522754192,0.0054065531621089,-0.0154131405089753,-0.0149972653767029,0.0004509872032618,0.0048327619316677,-0.0235787261035592,0.0094979034239384,-0.0123359821267816,0.0018540585022988,0.0010295423830332,0.0014254795051458,-0.0170018293893235,0.0042035677349416,-0.0291977161172828,-0.0019068148300669,-0.0220336185374542,0.0073103684685234,-0.0139199070577996,0.0092999348628822,-0.0072569063704842,-0.0015057608734885,-0.0101881467491186,-0.000455751152592,-0.0123880326842786,-0.0005727325750344,-0.0246382637231161,-0.0041688085490877,0.0109669642433275
2013-08-09,0.0204792309455741,0.0175936366893249,0.0175916830026353,0.0139141840633137,0.0199166039769272,0.0125685323772538,0.0222932056481496,0.0168869785166534,0.0121488709104254,0.0122106746304661,0.0102400594650287,0.0101178728001205,0.0157114646576023,0.0134375139926545,0.0105883269793963,0.0104862087638117,0.0100480772197296,0.0105176434145221,0.0114768442534305,0.0292981600434587,0.0133884972491739,0.0210860795414915,0.0214782134893363,0.015742721711416,0.010706961706371,0.0148307616470216,0.0184755827573562,0.0115516125469281,0.0144404036681434,0.0112912554964115,0.0169036726249403,0.0237351148522039,0.0211869545787994,0.0318221671389163,0.030519671498747
2013-08-16,0.0137716164967478,0.0587138320566818,0.0521177486579509,0.02280905371681,0.0430225352690251,0.0265716156060367,0.0540999156820416,0.0353429269036717,0.043778069784934,0.0206475139100013,0.0411944972861799,0.020948483306574,0.0467628755548427,0.0248767294708188,0.0436394069796614,0.012596360335648,0.0378642789128804,0.0221009845457829,0.0428017414175524,0.0330541017525357,0.0472405511417244,0.0401262603670982,0.0471921969327062,0.0292435411999454,0.0425592592811524,0.0198130482587832,0.0632585939703037,0.0300228972747089,0.0580329617126227,0.0329568600160176,0.0360861950944989,0.0296042422664817,0.0626058121485584,0.0570178788688956,0.038207558242344
2013-08-23,0.0233816318145953,0.0832496912756498,0.0696763113313575,0.041893386988993,0.0675489036911521,0.0367359213210145,0.0655327400654241,0.0400038483829593,0.0836064942889295,0.0369308666196967,0.0646898252097462,0.0348819736456577,0.0834018911497622,0.0422357037795229,0.0647134332642655,0.0255238839133242,0.0593803379785754,0.0310045295397601,0.0695489709160716,0.0347462273321718,0.0761894516452171,0.0576168878455425,0.0617971231355401,0.0511953181673942,0.0624513524039614,0.0252817225056035,0.082689535989532,0.0452961661199343,0.0814679980170559,0.0456833739838305,0.0561065089030007,0.040371919414783,0.0822434868382354,0.0632815689878902,0.0409444147368761
2013-08-30,0.0248409692363624,0.0725269333825011,0.0633697345368531,0.0363799639140599,0.0573791860868771,0.0290703474747211,0.059538845489409,0.0373740152881263,0.0642837985256404,0.0423379383157323,0.0659657052197189,0.0254160821558568,0.069377112911786,0.0272588684551683,0.0565760548292571,0.0223340342855266,0.0537960407734757,0.0261846487288879,0.0603227942519168,0.0410123555167088,0.0647398352018915,0.0420071307585152,0.057012366109591,0.0444277444813464,0.0581014251245429,0.0306624945690295,0.0765799588594628,0.0354143243487918,0.0742706398016691,0.0349669740854217,0.0527849785075175,0.043709848650121,0.0763114039278927,0.0574137507714659,0.0194418207300327
2013-09-06,0.0148496504838113,0.0472811616539171,0.0437742261545938,0.0358885651865223,0.0220650212820643,0.0145045292378871,0.0377531186677579,0.024064567500638,0.0285448524249412,0.0215345771171047,0.0296875273001186,0.0181807895095761,0.0383617543649972,0.0183116479819891,0.0457759293809545,0.0203244957485827,0.0364950438759746,0.0195828445711434,0.0351523065285505,0.0030218780342998,0.0386597809409047,0.0284760079264053,0.0316052869734341,0.0237041674495556,0.0332260985747357,0.0256963438915236,0.0456763475214534,0.0317091828485092,0.0466008051088432,0.0310166035982248,0.0282369395633432,0.0154313235837129,0.0516571908629314,0.0390106542075944,0.0084451348628315
2013-09-13,0.0309724514097125,0.0491625064789582,0.0481687127580903,0.0446727951018141,0.0287455948452587,0.0327155746960105,0.0459205439907114,0.0414105953011444,0.0416586406881292,0.05036386965937,0.0343050352082775,0.0436421083132962,0.0431764635435052,0.0469252621286064,0.0505533512618464,0.0454540037502094,0.0479135036054165,0.0370127595446116,0.0504412383288121,0.0343114825973977,0.049646776713892,0.0468375059989151,0.0300506538596688,0.0428315282255755,0.0569387738088174,0.0429099714598711,0.0618794439104411,0.0462610019550855,0.0433371109890831,0.0471862022938315,0.0501066904711316,0.0280874238725735,0.0532954616734881,0.0493484058729414,0.0196943559912348
2013-09-20,0.0242261284425257,0.047687353248416,0.0478984657327551,0.0390313720211665,0.0200174586911822,0.0186358409325968,0.0459995233793521,0.0368591092443093,0.0286648592697262,0.0250836288161747,0.0222683748273067,0.0364452853199821,0.0226784448413053,0.035576523215347,0.043863369644704,0.0354272605903737,0.0433875168211363,0.0331239684672824,0.0369046924411574,0.0354867868827283,0.0493363921462705,0.0496007746879897,0.0248784150515408,0.0277637420332106,0.0428673321041634,0.0484359899402938,0.0495049605957913,0.0480128706189622,0.0448300909331539,0.0503200954100168,0.0320231789528085,0.027442693321292,0.0538258901417255,0.0411280203185462,0.0093166691628555
2013-09-27,0.0191896908191846,0.0351860199770978,0.0317702083746912,0.0153765981144715,0.0030375067317808,0.018004172341755,0.0313869838601997,0.0250155468496656,0.0235687469173764,0.0208664957443529,0.0240078473583274,0.0291681121641895,0.0170166795533818,0.0256347505126953,0.0376241780788625,0.026944144864823,0.0333575766754321,0.0344576998690272,0.0337859587782886,0.0209796532809565,0.0288101899560194,0.0317190766306669,0.0121384300367259,0.020215839908882,0.0443632013728978,0.0263618403985118,0.0273187595667468,0.0295754090117783,0.0316593350740749,0.0301592948722346,0.0204114056514905,0.0245000123583689,0.0396647036573995,0.0300371761021422,0.0052217634670597
2013-10-04,0.0337955949336216,0.0462814003632456,0.0391627365604283,0.0329606635385574,0.0274904655261674,0.0392098979572207,0.0388200304104041,0.0325955993930168,0.0451164262258597,0.0414631646928541,0.0396902455171425,0.0434649039789284,0.0401763572477835,0.0418277048228748,0.0451553780461734,0.0392025617399419,0.0477745822865472,0.0307999728781089,0.0495020867838662,0.0395260539875692,0.0357941901265764,0.0381433517023542,0.0335678228542986,0.0390629989398046,0.0472378157223145,0.0323526308636163,0.036411131065356,0.0342911389436209,0.042090585942032,0.0346429280293237,0.0454928440409985,0.0401693703741845,0.0533948234094729,0.0482841000437443,0.0336130628608513
2013-10-11,0.048421447136579,0.064244019982117,0.0543976431099386,0.0451690730547002,0.0453268368186547,0.0495413083737549,0.0631253785863467,0.0540864736970558,0.0595745607874621,0.0490615670716522,0.0570817189923789,0.0375814204691903,0.056626731783626,0.0409310676784577,0.0619901767842781,0.0518206025325459,0.0589787193010569,0.0450409444729249,0.0574488466022002,0.0594812971258978,0.0597136718191039,0.0591016181448005,0.0549765751100415,0.0571470907177745,0.0571849191562033,0.0439569941035664,0.0624648626729502,0.0521933085296011,0.0592287007789694,0.0555790409312868,0.058870812373004,0.0549427561374369,0.0660411318635888,0.0607254518036257,0.0528140784339571
2013-10-18,0.0295020187313367,0.0477406637286989,0.0365340243994824,0.0279802680615781,0.034232602755282,0.0296248865232911,0.0361210424302078,0.0333817519976825,0.050658425429553,0.030538041345366,0.045071595603319,0.0284706950271979,0.0427061295576467,0.0275839933274701,0.0453808534876009,0.0453965165205696,0.0419064447077449,0.0285493582594406,0.0355778832535933,0.0413944375633682,0.0500962965796766,0.0411949949435668,0.0406138964204283,0.0426514829759559,0.0337835958101794,0.0288048397305301,0.0459609078085416,0.0407508609420545,0.045147648330067,0.0403566746123423,0.0355281096154928,0.0316306249117824,0.0419511713685555,0.0362823716697853,0.0429932851620728
2013-10-25,0.0382510702297385,0.0547473144403012,0.0522201153674899,0.0372511310694968,0.0411862090377902,0.0367261329072642,0.0447640061466612,0.0464525323460304,0.0593879228452315,0.0305773585596227,0.0481166320254004,0.039973999978402,0.044261714326963,0.0439661878385241,0.0516452320587805,0.0521994732379133,0.0528527966390139,0.0342955221496149,0.0399131056961509,0.0461957098505477,0.065816914101876,0.0589362042429961,0.0477096380372477,0.0375237791976549,0.0488521799093147,0.0366169016382545,0.0607143516882771,0.0468328635834799,0.0564173483814066,0.0499491370785666,0.0453485224491731,0.0288902085022254,0.0474947878719041,0.0433328184960142,0.0532152380308304
2013-11-01,0.0315837999196382,0.0547898812266338,0.0507603695581539,0.0365817297722911,0.0473216705195631,0.0343933266341362,0.0302697990370133,0.0331632382280507,0.0508985682695156,0.0292844268125088,0.0445302962999899,0.0365260735378518,0.0456732184804458,0.0401233500321067,0.0571002140356274,0.0518147555133632,0.0403773137111022,0.0300680665934147,0.0418264308059505,0.0334863868877031,0.0695988917911826,0.0475160392152205,0.0465919744735753,0.0420612144903086,0.0603181718859342,0.0342141991842176,0.0517943767690608,0.0439453064635444,0.0511300982047832,0.0446779137587182,0.0333761019185371,0.0264772975973404,0.0429902454805652,0.0453504123206976,0.0355857400507551
2013-11-08,0.0169199364846082,0.0400541412413864,0.0307213970578502,0.0182933708436542,0.0214179637458561,0.0321230375413058,0.0317645139117638,0.0301949960131485,0.0348897864796142,0.0132849146804423,0.0280523500565023,0.0358826080755447,0.0269247847457724,0.0336592518231486,0.0434773619474093,0.0311844192808368,0.0383103737717033,0.0220728215981094,0.0276015618151873,0.0295151604483157,0.0480238153861072,0.0320207478612185,0.0281108013022665,0.0302663609062326,0.0349878282493989,0.0321678954741015,0.0445604091581676,0.0359487055598536,0.0444307629357314,0.0353737084212897,0.0176201620188935,0.0140119870078403,0.0336368228567507,0.0292959682767,0.0269266538263056
2013-11-15,0.0083183279944803,0.0549350095372502,0.0507811041277462,0.0320814213453861,0.0472576852539879,0.0408594244916872,0.0457309882093905,0.0392689467835203,0.0616398041721295,0.0232670682694517,0.0409385192459818,0.042294405278645,0.0498420642788867,0.0437768429181797,0.0538281033219129,0.0498439154327106,0.0462496478535097,0.038674053259198,0.0373023482756758,0.016072306502733,0.0607860856858815,0.0460551084152872,0.0492830158240639,0.0380576190358338,0.0564739069964234,0.0333917016792965,0.0539002983210456,0.0462511624339111,0.0553810530934676,0.0453309706967133,0.0349456611711188,0.0139311946753066,0.0556792571458294,0.0522982088298015,0.0295493794876907
2013-11-22,0.0220515817924414,0.0545222184804475,0.0481607205961803,0.036944070470065,0.0468080052784612,0.0329443138955925,0.0527489142232793,0.0512284346100301,0.0512334826831152,0.0138588957134377,0.0446467569216028,0.0278681398702618,0.0531440100767442,0.0332471982807019,0.0500510556974687,0.0364777967860993,0.0472842068394943,0.0472727645405013,0.0373117384597672,0.0246467961655204,0.0474413701815455,0.0412271922137176,0.046878005225242,0.0305909022232925,0.0644304918805376,0.034360298395979,0.0538041297671798,0.0425385133321385,0.0544008120058454,0.041566590994143,0.0481703119350421,0.0318010936109074,0.0456602417279994,0.04253800852483,0.0211987939792556
2013-11-29,0.0081155890721434,0.0305422996442596,0.0289746782966739,0.0188778450544635,0.0257254546444124,0.0190715629762815,0.0320998486177192,0.0165446688019949,0.0391109601624781,0.0067476450990973,0.0233432613787974,0.0123344095323953,0.0277747686734891,0.0242537691846389,0.0348024990001024,0.0077011267246835,0.0167870680039925,0.0150214483318244,0.0268155795874681,0.0079957324030116,0.0254226235083988,0.0215497758703886,0.0268904480390546,0.0189836009389916,0.0304755725245552,0.0169831360565778,0.0337927821025847,0.0238391389706956,0.0316127000829567,0.0259913551540829,0.0293740326606298,0.0120434969167015,0.0296471514290855,0.0310884530553677,0.0118397070058808
2013-12-06,0.023251641132409,0.0661395414210192,0.0657496206171961,0.0407366436545946,0.0541042203557771,0.0428751814763551,0.0595041998872404,0.0476583169346507,0.0648802486801082,0.0267709658363471,0.0667528708121609,0.0426144535691399,0.0673461188423777,0.0452143693371086,0.0715152551404856,0.04129056494656,0.0508667093846698,0.0343411119279944,0.0593576031948652,0.0392050763844832,0.0603409389989708,0.0475771532408129,0.0537594838417441,0.0333047268642051,0.0499183492754346,0.0422206841431596,0.0580014164425726,0.05079039877768,0.0624856686901582,0.0524153461326605,0.0510037672511712,0.0364419964897271,0.0636472299250623,0.0595763267986715,0.0214836113893227
2013-12-13,0.0215560981965504,0.0727228712750084,0.0678644947908092,0.0387435783603076,0.0633773365975614,0.0513184467328396,0.0602386359621433,0.0472288955073751,0.0491744379985889,0.0225246539314726,0.0658113724669211,0.0426437688458144,0.0645932584994633,0.0455003675062108,0.0594860829947063,0.0520684703938657,0.055132640800378,0.0352254817632642,0.0572481526824,0.0351679821975246,0.0674579509403744,0.0394349221126023,0.0668900373409284,0.0473265267348333,0.0626519315189341,0.040399768198122,0.0558971658181595,0.0483647227062671,0.0644477390706266,0.0474612544563171,0.0552719212734013,0.0369324263497227,0.0663450561196072,0.0597506484452796,0.0207915731787689
2013-12-20,0.0460043099646858,0.0794313787998515,0.0770629914281507,0.0645054681113806,0.0668334072019115,0.0676772493090778,0.063953524252589,0.0596453285694471,0.0582687553057494,0.0472187549865033,0.0660701236182574,0.0658264256580092,0.0692066815284774,0.0655965473607904,0.0713970981186193,0.0611589187361058,0.0653307716461906,0.0536172589690628,0.0629785638791205,0.056498321645717,0.0777083022786279,0.0642774436713974,0.070456349837772,0.0665121843027186,0.0635626974408218,0.0562679377510703,0.0620106818696426,0.060745508572559,0.0652099338609223,0.061325934419789,0.0655060454211962,0.0565352302579538,0.0733345474623348,0.0628112111304854,0.0382358054849914
2013-12-27,0.0226008851119945,0.0632396660363504,0.053918762795506,0.053018857553146,0.0480811312140028,0.0308820280549356,0.0511628029907785,0.0398292016128846,0.0507919278638432,0.030498560970318,0.0501383213137485,0.0315433576724088,0.0581330391926101,0.0395642668232495,0.0548493924146107,0.0441240665391553,0.0485911894465195,0.0401146193203495,0.041789013906554,0.0418378707023613,0.0556198523319969,0.0513636027426186,0.052580993211341,0.0298624152682094,0.0526461356057506,0.0377649600168368,0.0534862710223121,0.0413440980684469,0.0521950077351869,0.0445260018283736,0.0455358768344921,0.0273658497917368,0.0611609852832748,0.0557304936668319,0.0178577464922347
2014-01-03,0.0434363153883348,0.0674320812198025,0.0546023100808113,0.0622006599162029,0.0637001486553731,0.0653169974470211,0.0563994803264811,0.0454237130152027,0.0740494919955572,0.0489707065325812,0.0580687130042137,0.0625720482367767,0.070239739562402,0.0580096132352978,0.0756394772558798,0.0622327282567226,0.0636425599600942,0.052546242551993,0.0613391800460112,0.0650898327102506,0.058581806452529,0.0587228399919874,0.0627550560439311,0.0674236019941454,0.0681287696914373,0.0540274305104476,0.0624986772168442,0.0516829158140227,0.0632444760052658,0.050079834582179,0.0634791961102216,0.050069760757932,0.0683833016507455,0.0603522810639441,0.0344555010721095
2014-01-10,0.0383223765051588,0.0577179444570419,0.0474003330759504,0.0535381445297082,0.0517238208070458,0.0446054606158792,0.0514467853498531,0.054421622444669,0.0492099867246806,0.0409526288591197,0.0412465099401393,0.0449575508326967,0.0555419398233345,0.0379127443059624,0.0446783471268926,0.0464478047821349,0.0506145114597919,0.0459879692881672,0.0488680705975012,0.057657650102979,0.0450908147281193,0.0531428561290178,0.0519528212180787,0.0427312598738717,0.0519258015046138,0.0428800350862834,0.057048205454826,0.047280745825615,0.0508356728181529,0.0464858325270114,0.0538380299914978,0.0494233090303697,0.058588329122326,0.0509419170001105,0.0474016673827882
2014-01-17,0.0051477500120194,0.0298750110871217,0.0259968797867491,0.0311452895552584,0.0300999053970982,0.0265297980914218,0.0252375000669369,0.0160658952233499,0.0223518901194753,0.0342669273869623,0.0249999877305926,0.0206177201859164,0.0270877871427086,0.0220292691959408,0.034872418905518,0.0145890303208308,0.0249702986885495,0.0119727659603485,0.0256285707262928,0.0128128009110443,0.0259666959273387,0.0265715276894045,0.0358704655355318,0.025668650933051,0.0317205972144036,0.0164281015362751,0.0235500079050347,0.0210615713644599,0.0240337743512138,0.0191505866916225,0.031119064234787,0.0100073513770988,0.0327102319491719,0.0281293777010522,0.0148496341343197
2014-01-24,0.0004073554043521,0.0076234007061136,0.0024306471038856,0.0217871826095994,0.0055756873755169,0.0164864642433989,0.0205613339281133,0.0142858898931218,0.0049264184468199,0.0149195355826531,0.0005027393908375,0.0175705525863498,0.0045353441022299,0.0045356730125282,0.0064224669382982,0.011352996763846,0.0220795838647217,0.0119401016461783,0.0095148815622133,0.0084039870299571,0.0025309647448444,0.0145889807329365,0.0052336206653625,0.0183308287406978,0.0113645086242839,0.0187146670587268,0.0085947550029278,0.0201153315637197,0.0085651530760875,0.0202177871216169,0.013909616511952,0.0187445978958653,0.0057460629099976,-0.0013261663224448,0.0079168708782853
2014-01-31,-0.0182674491163346,-0.0126574631446985,-0.0108166709665654,-0.0180938764841655,-0.0114796723110745,-0.021597441711297,-0.0083818783986152,-0.0028125682967886,-0.0210087110092056,0.002548751070285,-0.0141112573794441,-0.0112370987938212,-0.0177498601382441,-0.003830125501886,-0.0139660096929421,-0.0027891837486217,-0.0118576127198297,-0.0050951966217367,2.2561148583638804e-05,0.0029085766882066,-0.008073597594611,-0.0016354362524391,-0.0146240706399511,-0.0099132369437197,-0.0102414440176408,-0.0125225902233389,-0.0065147375034229,-0.0051814888980712,-0.009354477986462,-0.005209978523655,-0.0003726706514217,-0.0075706651291041,-0.0122268250930015,-0.0126113526984234,-0.0176332667572425
2014-02-07,-0.0011295885710556,0.0001320351823455,0.0133796199726656,0.0086802218150888,-0.004764962726817,-0.0045106117345886,0.0025540529685936,0.0140102259300815,-0.0034411514745196,0.002503644028424,-0.0039720926972865,-0.0047048344158304,0.0004332533093009,-0.0053753062671059,0.0001227276484521,0.0057635868944908,0.0079278766198122,0.0065460786128099,0.0137914577191494,0.0135413898394844,0.0121826547462852,0.0164362797270681,-0.0031815289591363,0.008077126619138,0.0124437598775559,0.0130875446428593,0.0074119262910174,0.0171316265782312,0.0053267094130209,0.0166288550573239,0.0042844304442198,0.0128882151735612,0.0065104958315138,0.0040580844187523,-0.0117685107084212
2014-02-14,0.0296373290032382,0.0177088448930899,0.0261734978502662,0.0258756893287669,0.0170435945358244,0.0172874312864371,0.0217670882700246,0.0284430429421017,0.0125419312051789,0.0234953093502893,0.0123949545076752,0.0196777703416854,0.0151266328877272,0.0216862912439652,0.0230865053118774,0.029317514134681,0.0209338990569628,0.0196485356324552,0.0200480231151783,0.020581797504036,0.0322125534998273,0.0394972968970835,0.016077724719333,0.0221097126369923,0.0419869054594983,0.027315418443221,0.0247374632320335,0.0412663180660541,0.0229814531149731,0.0377702002287124,0.011188460545981,0.0236459805440144,0.0271722968722092,0.0350679171881611,0.0055808578029717
2014-02-21,0.0393088606628621,0.0419383364111584,0.0380465955553204,0.0496772581955279,0.0417262541790028,0.0399748938079551,0.0540572012422987,0.0547032680025888,0.0326204464105421,0.0460187022549705,0.0408446490093708,0.0382516162382969,0.0490276202119397,0.0403742215040138,0.0523889529770973,0.0467777495341455,0.0365919713746773,0.0345076755952489,0.0411191462183282,0.0471093863158723,0.0457693659374314,0.0625370709636039,0.0382430128367152,0.0411801816710591,0.057778578247236,0.0399083391919453,0.0566179306753581,0.0608946329031477,0.0518118757577929,0.0622135505984637,0.0352939940341547,0.0460799000360332,0.0557572658605194,0.0439779104684461,0.014061448243716
2014-02-28,0.0343344166396166,0.0486227441023544,0.0471837087398329,0.0389387773971223,0.0497902567150722,0.0373900953767374,0.0573387028676349,0.0601153982495964,0.0364206282175586,0.0358422243544781,0.0464010955487608,0.0388904419088446,0.0529768305496428,0.0436125595941676,0.0587707633575781,0.04779990511556,0.041224170114678,0.0524944488646172,0.0347053671822036,0.0405802376030601,0.0553619760366305,0.0565833392135783,0.0509932913343845,0.035922513168899,0.0495005681846567,0.0415266724154759,0.0596283127754431,0.0587102628974186,0.0555087666973394,0.0602209902055317,0.0337133542751368,0.0288085998119595,0.061591901436815,0.0421991520611101,0.0066612142033058
2014-03-07,0.0242633141900053,0.0174703428949212,0.0110052701110878,0.0298291686935122,0.0262022558511019,0.0285794024601158,0.0288135250166201,0.0411565361302999,0.0118893092551996,0.0299445610737037,0.0210547384614572,0.0272876753611953,0.0240628874800583,0.0332163959858829,0.0280523485583045,0.0293598109817967,0.0167240274654822,0.0206165335135399,-0.0007291495098189,0.0202229914565782,0.0269945850732157,0.0366018749088568,0.0241994192356844,0.0281845888617747,0.0285838528549442,0.0190120072352572,0.0347713321503643,0.0385994664160838,0.0276564223612563,0.0383478601656112,0.0149664393936397,0.0114844822684947,0.0306075109604514,0.044274832420902,0.0028039871558518
2014-03-14,0.0174394565037924,0.0064671230129912,0.0055798148817892,0.020465950726592,0.0151076496644317,0.0163510711758168,0.0213335269448632,0.0272687505319533,-0.0051120440940679,-0.0009883948197867,0.0253679129620298,0.0180481692764314,0.0245438721568776,0.0231601350693967,0.0127800710846185,0.0241683400681747,0.011501414077004,0.0117493153682537,-0.0135875120559915,0.0125338924176289,0.0184003676365203,0.0331515123802129,0.0174450941831891,0.0217223702210306,0.0133391409581254,0.0224709287631491,0.0223351546510117,0.0270833335206838,0.0116058677480485,0.0310882783232232,0.0027973068951028,0.0063064491151428,0.0243033311692847,0.0335713628930622,0.0040809751732922
2014-03-21,0.0419584651775312,0.0524279255773276,0.0528796882319271,0.0490718052951363,0.0538011134101736,0.0339017537752381,0.0372767847828559,0.0371018385159051,0.03575145256211,0.0406546174210833,0.0568298317452241,0.0301706043879196,0.0543240844572865,0.0429102413540476,0.0412336210803869,0.0395199570242223,0.0311634711467092,0.0363706129268169,0.0223535880488866,0.0262517457497623,0.0574340500800135,0.0385688034322858,0.0534533999223016,0.0432230901054455,0.0343760075789741,0.0427209756417592,0.0416491962874677,0.0340075931538205,0.04022456712252,0.0362513879797668,0.0342659657544775,0.0292200733805629,0.0576485304677878,0.0489642538089592,0.0402746851812016
2014-03-28,0.0259109307646239,0.0169917651200271,0.019950164472629,0.043451589036024,0.0213763858232822,0.0235502081695066,0.0229909056790544,0.025199839792735,0.0166697000043236,0.0328927348252999,0.027335753859051,0.0304131604509616,0.0266934881658483,0.0365359691033847,0.0271452802886914,0.037751519849301,0.0177477555546703,0.0344600246929895,0.0113162429998781,0.028519455435372,0.0274117257806707,0.0328841899261402,0.019810183488213,0.0347907899713708,0.0170375967535988,0.0330906657621989,0.0284119450677629,0.0297169842121515,0.0228586927847836,0.0299643202023737,0.0372570032306595,0.037365445769086,0.0242017955708835,0.0335727534366081,0.0482617458157162
2014-04-04,0.0246245429723965,0.0320174802997613,0.0293316518292247,0.0254278235318347,0.0263453913427999,0.022641487883231,0.0303863954829627,0.0259176705254367,0.0262873134888223,0.0254510235324853,0.0311110451677127,0.027153031633904,0.0305165646141297,0.0341209727688952,0.0298141807018161,0.0280491121959445,0.0223134180753736,0.0304063256848638,0.0303101001788098,0.0268934718950818,0.0332641297918476,0.0249547926460868,0.0315643015562618,0.0251618799002161,0.026119463819686,0.0272268356628192,0.0273823846604697,0.0281330370305127,0.0342477163966103,0.0269493698832265,0.036071485575269,0.0353016815268366,0.0342083231069151,0.0307969887830671,0.0361351687985313
2014-04-11,0.0156538830926784,0.036028190830041,0.0311495860396508,0.0117837943990737,0.0259587714364039,0.026876059667493,0.0160068910614123,0.0208993559838969,0.0314877156778481,0.0154697050220346,0.029992678379918,0.0305059024764314,0.0360650732209659,0.0361815940411691,0.0234736203947577,0.0217978505343081,0.016006577833401,0.0275164543365938,0.0415495390848056,0.0324781426495755,0.0382957265034316,0.0238270982055086,0.0418245532787261,0.0287236350921401,0.0281596680577963,0.0282514438651069,0.0186076232392279,0.0204597404700388,0.0340472583721778,0.0212166559593428,0.037544449118331,0.0314189621293679,0.0420757621437879,0.0385575851208776,0.0293895578441618
2014-04-18,0.0316097740638303,0.0401213082989549,0.035435132102556,0.0323990573870278,0.0341715347634543,0.044387111632137,0.0373706742975222,0.0372361303217689,0.0421221847039041,0.0414724055030314,0.0399628158948969,0.0455739817039602,0.0415567279947477,0.0429429339569149,0.0366109968491736,0.0414503948526201,0.0430635275204356,0.0474351217003531,0.0504907269930068,0.045282263083721,0.0375283139557492,0.0373584289356737,0.0406883923355661,0.0454422278106535,0.0516076899990872,0.0547380074994748,0.0371682383155709,0.0384681067264771,0.0440479616103075,0.0373897398609065,0.0427508832818477,0.0520432528699012,0.0422021670673703,0.0393353573535961,0.0539724398770725
2014-04-25,0.0288445844758798,0.0616885840244081,0.0564250165398977,0.0480225421509602,0.0550648545221618,0.0462108082106217,0.0407818306752382,0.035802246562486,0.0525483758411385,0.033403251272767,0.0585129531551568,0.0441045099527481,0.0597299566033564,0.0443036870929725,0.0408820416739136,0.0362362348781782,0.043535610245982,0.0365888406592318,0.0493501822762688,0.0337452757682462,0.0501467352300258,0.0332204128823266,0.0607140161617778,0.0378028875717562,0.05391351728738,0.0461507438542727,0.0377933955361674,0.0339310706943618,0.0474446172300277,0.0347560997548853,0.0528552331227967,0.0537146513614371,0.0492768913129518,0.0485709017151406,0.0435978531023022
2014-05-02,0.0235105905641824,0.048638003769811,0.0417690189572359,0.0406771810380311,0.0452790607976795,0.0415624550265755,0.0271236826228388,0.0335098606885431,0.045982799544245,0.0251698999249098,0.0488374605366247,0.042266193773141,0.0485581280110945,0.0422649577885148,0.0384300064894483,0.0306962961849858,0.0322409679716293,0.0293011785381173,0.0424058600359061,0.0265622366063692,0.0428719807380769,0.0243196970001348,0.0484337570580791,0.0320092208542093,0.0430939944765653,0.0298221460580775,0.0233163864797845,0.0313339097540474,0.0343147956763819,0.0289622097543709,0.0351938897417952,0.0291303036635396,0.0455109624131778,0.0425788978835797,0.0358070926144885
2014-05-09,0.032926835976654,0.077187789576342,0.0730341520445248,0.061591518869321,0.0689194834608225,0.0585265698442644,0.0578045936195849,0.0594517782990014,0.0659908066640992,0.0309886026714762,0.0716817795506855,0.0536226514041738,0.0669011176945649,0.055422573886118,0.0595946367570125,0.0557691350191636,0.0725215238346036,0.055216675801191,0.0540681627973785,0.0273227385958175,0.0684170482254027,0.0464038300473328,0.0722444317431595,0.0517692550098456,0.0677439982783296,0.0670812981207502,0.0532080325644578,0.0460216719110287,0.0624660760815359,0.0470238765269989,0.0613387331016877,0.048371387756076,0.0734680591282972,0.0581745201864874,0.0449554867781886
2014-05-16,0.0421111549518338,0.0744009108605908,0.0681911758166571,0.071114171158934,0.0749914343499291,0.0632725788368601,0.0524657154723599,0.0581108572915218,0.0586775716957505,0.0339327714571968,0.0747613539595268,0.0571595754587994,0.0683195745044704,0.0616727028981332,0.0604621091499984,0.0571536034268081,0.0633387426649744,0.0503975064985244,0.059017034566836,0.0339242848854197,0.0650412432587099,0.0436671836030455,0.0769372166679425,0.0611339627490217,0.0775383488354898,0.0789378473850342,0.0561440157028021,0.0489727053923852,0.0614278495864892,0.0472096986850534,0.0513066697898344,0.0542452238470361,0.0691490583163172,0.0601916389642863,0.0573302498467619
2014-05-23,0.0233602043387537,0.0404285931666735,0.0323063823295145,0.0508877009864334,0.0361422709055149,0.0379474502182284,0.0544054983613127,0.0398716592270778,0.0360025676305764,0.0182237597144475,0.0407487201459739,0.0357076558965976,0.0356083600711369,0.0403314897374133,0.0321068509704657,0.0394791744658719,0.0591812516827229,0.039699849257787,0.0440790457494391,0.0232020201373099,0.0397106559012519,0.0359291137786189,0.0430354998739741,0.0382028942108569,0.0460171937621782,0.0576980790216612,0.0463017687067557,0.0367596591452092,0.0475294973751889,0.0366161970377612,0.0224201829753226,0.0284582775478581,0.0372749324350606,0.0371654564382198,0.0448467872895157
2014-05-30,0.0429576929425906,0.0623646423510098,0.0569833794514046,0.0596843571702781,0.0556677210257367,0.0587372221096099,0.070296977092058,0.0604902749620608,0.0555742080244165,0.0418966678921389,0.0583356848640765,0.0510332988201089,0.0555457750172584,0.0488145764948679,0.0497173244721392,0.0535753676211985,0.0641499189056165,0.0543861822086584,0.0693735362040216,0.0612748679984749,0.0597639695903209,0.0648496868040089,0.0649981702858348,0.0447055330770624,0.0686172182136147,0.073064772377753,0.0698066656797307,0.0690381846807063,0.0716402787191297,0.0683638485276054,0.0482359647991995,0.0479329953118143,0.0605266060267629,0.0559005557621317,0.0517523379789084
2014-06-06,0.0222726940081723,0.0490253749725167,0.0433388513251154,0.0419859226666008,0.0398800761795603,0.0421416554618255,0.0588085183023756,0.0433233094433339,0.0496053694571562,0.032078679480068,0.039981804860312,0.0462536606083181,0.0432438731586729,0.0484274832045645,0.0559329561953888,0.036449245023471,0.0530768606878052,0.0371217846351067,0.0517777791550588,0.0363379400317227,0.0441525237824235,0.0447418593804815,0.0465732896114204,0.0309708101898455,0.0491841687620071,0.040977427226557,0.0582728728413809,0.0475235422419598,0.05920051909842,0.0474954412637892,0.0370010603210666,0.0268969532986348,0.0475263680386474,0.0355482868462587,0.0344762109807451
2014-06-13,0.0121613158520984,0.0465932313607326,0.0384167137550518,0.0315848278070362,0.0360587108932299,0.040179166738168,0.054086466238598,0.0355163936511266,0.0381375936546257,0.033700083601653,0.0385629864251298,0.0326098292496527,0.0404498570369035,0.0313539449051736,0.0516519707318046,0.0288488888360801,0.0472002549019088,0.0320116255444888,0.0484550464943169,0.0281468736841693,0.0463096619640277,0.0309124730684816,0.0393837993379043,0.0327055231095863,0.0434824001414221,0.0371364766501328,0.046908177884069,0.037003941434662,0.0467252199658926,0.0378358379755855,0.035859986123743,0.0301213205690633,0.0366363084164832,0.0262002139233669,0.0119476047684947
2014-06-20,0.0128201996722883,0.0582857080336321,0.044077076320321,0.0297371970590666,0.0478570152488858,0.0243690811275196,0.0737392524021318,0.0504686150658191,0.0456436634354387,0.033529251176505,0.043134421432194,0.0265897331188777,0.0399576014574267,0.0259188933657354,0.0515967255374729,0.0413284816753554,0.0530202602301215,0.0396848543848363,0.0496474227122967,0.0369224359987201,0.0551237987290348,0.0525640767721499,0.046839339383503,0.0284694512694978,0.0498726409669983,0.0403629943158897,0.0673682162839584,0.0515004253182211,0.0627383502590298,0.0527645986803016,0.0468887320766031,0.0338810576226424,0.0496700998607011,0.0326420465759148,0.028604737545253
2014-06-27,0.0048249065234573,0.0397327416730386,0.0301430048667926,0.0108923987036697,0.0290041033221469,0.013077728863742,0.048042392876879,0.0343599560035868,0.038924221854471,0.0264272322644448,0.0294771379216135,0.027557474136789,0.0238768041346631,0.0208173109831607,0.0476400273888725,0.024720194362022,0.0447824901664002,0.0299204822160465,0.0299082658926212,0.0314147395990623,0.0345509327052348,0.0316739112200842,0.0269366065601764,0.0205487065048104,0.0313856678420503,0.0224989884167007,0.0417407802705168,0.0346477354706045,0.0296735269184498,0.0332843009941427,0.0388380890424727,0.0242293765069363,0.0338269222460316,0.0236343333102226,0.0190702220963437
2014-07-04,0.0070749758800256,0.0408479698304983,0.0335459082455407,0.0149061609874289,0.0330193955550867,0.0251596423728806,0.0537625825144143,0.0434089592753524,0.0366053033100545,0.0257595719437421,0.0327320252972573,0.0258348319257498,0.0317766843011593,0.0206637032028194,0.0506959686352998,0.0300501588771822,0.043571305807969,0.0252309089680879,0.0381000587078079,0.0224737825660051,0.0383184662474302,0.0462951027894484,0.0325455648520381,0.0267417915048428,0.0268133652836502,0.020425482320995,0.0497165137265993,0.0489519337461209,0.0425998376728694,0.04923531061715,0.0386760279578669,0.0161692999507584,0.0376984161507666,0.0205202484616047,0.0075185489984711
2014-07-11,0.0253509197670949,0.0446746596842706,0.0461661108590776,0.0307438977904259,0.0397059386167628,0.0354676573826395,0.0491310841142324,0.0387697683864681,0.0371394008827679,0.0340909094126007,0.036365976238424,0.0435114575771339,0.0306505719318158,0.0379964969865554,0.0451275733487311,0.0297122562794841,0.0396991958617893,0.0305832976265122,0.0342084478913429,0.0314407002191622,0.0412854289692995,0.0426578860952643,0.0368051747782872,0.0422687984844085,0.042010888106673,0.04090722171306,0.0399751890824082,0.0441104900587547,0.040481661927575,0.0436878419174627,0.0468520329331976,0.0237590166156297,0.0480730845611216,0.0415612689454872,0.0348721495229366
2014-07-18,0.0177028951461521,0.0393815531324112,0.0347722020139823,0.0291196007073845,0.0339786445818744,0.027458866290132,0.0373656041437683,0.0276896942637158,0.0366122307176929,0.0230984415133969,0.0349091650574443,0.0267022720086113,0.0301705198269832,0.0292817170981341,0.0423987275863762,0.0291080976522226,0.0346795640764112,0.0215939952722785,0.0287795703967963,0.0180355635014367,0.0372418312702254,0.0379151434323734,0.0335991971355979,0.0287685274638409,0.0377059412024942,0.0348470485595696,0.0360064031458286,0.0385459709774565,0.0359425995331968,0.0382613087057146,0.02582420546458,0.0205378614343397,0.0355749618902198,0.0285965951326864,0.0107668596316148
2014-07-25,0.0136954700319909,0.0421400444696179,0.0390358908470579,0.026300835486214,0.0292058277108556,0.0303892288326254,0.041365682891324,0.031553045390613,0.0428948209579737,0.0222906261857678,0.0370248491440347,0.0238325636129995,0.0390320356179669,0.0248090160371651,0.0323274838104108,0.026749584152405,0.0353492123719275,0.0102909943263208,0.0321108199354972,0.0224056662218429,0.0389570899644381,0.0433574484488923,0.0362639811306372,0.020286678104272,0.0364177276667859,0.0242534004205718,0.0367841286395934,0.0432251369864896,0.0334314672129062,0.0432251369864896,0.0324042799739032,0.0233782634169175,0.0372731258974944,0.0415379345271094,0.0095366030977962
2014-08-01,0.0223639620954153,0.0413346264226229,0.0404401419640933,0.0302079361362932,0.0356830244451622,0.0298996374051968,0.0434821156386415,0.0435229745066182,0.0465536500850972,0.0334617878042506,0.0313567822612574,0.0257967260792098,0.0368030836404156,0.0288953450025438,0.041693611554028,0.027832859666712,0.0427554778161025,0.0259422084121569,0.0457864629314601,0.0423194951225791,0.0382405729046845,0.0329646715772016,0.0330505680610161,0.02828787887827,0.042599161692404,0.0401590824783146,0.044673677852854,0.0334480134131524,0.036797202439722,0.0339615350947678,0.0382370132305804,0.0291231641452014,0.0413336201642035,0.0395205078977404,0.0206791528651363
2014-08-08,0.0180233147773219,0.044110696766379,0.0404526093282997,0.0221140806280986,0.0376085129835883,0.0334026987277251,0.038451733611112,0.030048211491072,0.0446169562728444,0.0290572051074209,0.0334147024231067,0.0169381495363914,0.0355795766797942,0.0283388540902958,0.0436367064473925,0.0264784371982883,0.0527208536847868,0.0317354322068586,0.040364530264785,0.0415022311595287,0.0407689144962135,0.0419521358981187,0.0345943383056123,0.0325708582269917,0.0398374589130272,0.0348517162416525,0.0394969904622023,0.0417926582309054,0.0316233457525806,0.0428552191104029,0.032755434530003,0.0155613100869016,0.0385672496926419,0.0382565566420494,0.0078050521645836
2014-08-15,0.0119040367144915,0.0530291130477611,0.046393980675562,0.019576785964144,0.0384668488653449,0.0277623804993765,0.0490515800976237,0.0407176872775464,0.0293054673087732,0.0191496241320299,0.032890048708167,0.0293960155736996,0.0376765523971133,0.0306379548607499,0.0384593162540512,0.0273868484405047,0.0401605879006158,0.0290206404442298,0.0590831351880208,0.0372771670691447,0.0444794419717443,0.0449612152357378,0.0367979046755825,0.0260126176676087,0.0478491870198654,0.0331409788218887,0.0442456171628354,0.042297024778794,0.038374417447595,0.0445863108944738,0.0281506238398064,0.0166786137688894,0.0496370836963077,0.0380632264435236,0.0140855123310301
2014-08-22,0.0200590358058293,0.0467621895627816,0.0324966300525885,0.0118899212355517,0.0366007133450274,0.02306131689602,0.0429809936981349,0.0335212730324412,0.0498850119567272,0.0296346527729171,0.0281747687916332,0.0254107364840639,0.0390291817690766,0.026048638545134,0.0499588643553058,0.0236708747529447,0.0383445117711667,0.0216789070727333,0.0565322002322028,0.0368405368056568,0.0373627000331336,0.0347199179321858,0.0308688853956442,0.0238423571880238,0.0381349221282923,0.0264604168442449,0.0365718967374797,0.0364898560132591,0.0351427189773532,0.0371652354109213,0.0353949823942464,0.0168019718139325,0.0406718858670976,0.0296907113100044,0.0184727051804972
2014-08-29,0.0120947154825278,0.0359027470323011,0.0184847117520099,0.004816123378736,0.0215264738859485,0.015840309673513,0.0353295073907628,0.0324709365764085,0.0359256260968091,0.0168784462330799,0.0285555169561091,0.0165325055437362,0.0248613421312219,0.0187753019310586,0.044436553283504,0.0120956589571351,0.0213148210823773,0.0113992174511791,0.0483585772260544,0.0273390636957623,0.028235836310002,0.02911043727097,0.0151058146917291,0.0218760312279535,0.0237636094256271,0.0122418975212668,0.0330039997295336,0.0259623769979422,0.0324103969557733,0.0239876846448611,0.0144002529312358,0.0091851970393793,0.0371513568574611,0.0221227498377627,0.0160651711215864
2014-09-05,0.0165063475884854,0.0369506572264153,0.0190926895989231,0.0103493692382116,0.0251665058266748,0.0218524167893361,0.0307121641215785,0.0128346614243016,0.0280555265811599,0.0196313604793351,0.0296702839450751,0.0264997672513359,0.0295339294460719,0.0245876660719879,0.0427512150888078,0.0196663513346605,0.0238271249250734,0.0175132369096635,0.0429031036446595,0.036451292033595,0.0255313207981161,0.0138625766406079,0.011834048489729,0.0166091234191495,0.0145956585961236,0.0058509260484259,0.0267208529695126,0.0132708702933799,0.0272482263540349,0.0132708702933799,0.0121790928433632,0.0240588805004793,0.0316660179759406,0.0257136498290042,0.0322046888563527
2014-09-12,0.0360175633385644,0.0363137564676845,0.0292058349166199,0.0268159730684879,0.0345738492609279,0.0419064551053843,0.0395597503221958,0.0326593451573199,0.0276575358348867,0.0473398350772528,0.0317204427334937,0.041025042932304,0.029930369583555,0.0444320884497985,0.051363207584251,0.0592211010622353,0.0171950977368067,0.0192556113265558,0.0302523149877323,0.0414833898629087,0.0258619499211778,0.0319209498271912,0.0137318220288567,0.0394140558511274,0.0256329339634118,0.0298026309716236,0.0468447888906925,0.0316635825128929,0.0438217467466738,0.0316635825128929,0.0356382851911774,0.0414355075718764,0.0265661661159315,0.0418859791256666,0.0491908636437358
2014-09-19,0.0236662976219125,0.0683740940989042,0.0544759554801335,0.0469922080047759,0.0647569225750797,0.0479055274097388,0.0621927250607281,0.0453120629552073,0.0658137136107072,0.0506617096892923,0.0560110383044624,0.0464801956110846,0.05600038132081,0.0505026502317928,0.0686279525922482,0.0604214389420122,0.0436257145867962,0.027128544833307,0.0504200983733504,0.0471025952682806,0.0635113279634001,0.0517907137186248,0.0557462043077256,0.0505077401344327,0.0493087499438005,0.0299547132741604,0.0619426835935387,0.0515923665751227,0.0658889487341045,0.0515923665751227,0.0627949241668217,0.0364507015184454,0.0523738256898184,0.0665756084121305,0.0486640819625545
2014-09-26,0.0346139888763045,0.0972431254848392,0.08847114116468,0.0733051878196268,0.0893064012897679,0.0550242542674702,0.0812107663905518,0.0609910352564156,0.0860031171597475,0.0617225848452776,0.0839018238067228,0.0553779215338625,0.0839846647880399,0.0599148990471903,0.093041732999273,0.0639127729436389,0.0620185820439068,0.0319536782089686,0.0685020039990281,0.0564018042010263,0.0880489707791217,0.0602042052434824,0.0868617957930154,0.0647661943607846,0.0624950769960598,0.0508954278967088,0.0818317551312714,0.0601443048416069,0.08874642811798,0.0610248088872603,0.0882372747020386,0.061351712144304,0.0925091610751516,0.0810911248963804,0.0661872358095323
2014-10-03,0.0608780103935087,0.0635770559628514,0.0656824534380072,0.0544826051805723,0.0617103341376895,0.0578155844232916,0.0623347371313032,0.0635330846929307,0.0670398651793829,0.0672727748645328,0.0622307767560196,0.0624697734893372,0.0608225862180879,0.0595741006018168,0.074377321188995,0.0692062135851375,0.0566998925683611,0.0584252503529206,0.0490825925285173,0.0572228981543407,0.0698761092545301,0.0670618105898819,0.0634883929445422,0.0576156729466293,0.0592106397520196,0.0582205333119154,0.0710065381734453,0.0670618105898819,0.0773428349449647,0.0670618105898819,0.0678824407941617,0.0746430688971544,0.0595414227642854,0.056547716364171,0.0698459943846482
2014-10-10,0.0491256355269409,0.0708351214821028,0.0645558572262485,0.0561925253384955,0.0772334146092149,0.067651114696531,0.0754436190630954,0.0513003852986927,0.0671468085540814,0.0593227347196409,0.0775869604356848,0.0637261922822185,0.0703710820640005,0.0646542702102909,0.068337106347982,0.0470763582831253,0.0669862230465687,0.0610627600332415,0.0690086018152041,0.0495920905216819,0.0669780085421724,0.0582137766261354,0.0689016521893381,0.0676913818749445,0.0713784057991905,0.0617656638996261,0.0732303738687804,0.058478573591382,0.0738959097935973,0.0580863712736353,0.074969432770099,0.0650421236727689,0.0718382569766717,0.0480400323969152,0.06455328012683
2014-10-17,0.0497181657769401,0.0538099801626493,0.0538812507324015,0.0344416424637997,0.0494043492707544,0.0438270835380571,0.0655987256695061,0.0494533078561185,0.0629207713100706,0.0664364792990628,0.0512557863972742,0.0601501969383234,0.0504013386927082,0.0576847709953533,0.0619920028677224,0.0506480578589524,0.0641312522682018,0.063486925180821,0.0635206343707438,0.0571924563025289,0.0467986288897248,0.0565792700858387,0.0509455013300328,0.0586986150122684,0.0663916942324511,0.0417183329284603,0.0625507728206802,0.0578661585411282,0.0603696277127254,0.0561047731076878,0.0678055539697831,0.0750541534428413,0.0502329532630464,0.0387618764522819,0.0634154938021751
2014-10-24,0.0361792708166425,0.0411109299117409,0.0378234773955235,0.0245963183049739,0.0395347846422287,0.0295503974437372,0.0471644028199871,0.0371076301755373,0.0422822286928064,0.0483578018095479,0.0428766861604996,0.0402013072662963,0.0460512363711899,0.0349107639196604,0.0408814421976791,0.039657775842441,0.0451867747842804,0.0413497055693211,0.0516225135381023,0.0405736439075643,0.0378391715851339,0.0418682544056332,0.0453240188709758,0.0428230376551986,0.0519924480074911,0.0368904738376623,0.0458672300052471,0.0418507986233114,0.0427468087342337,0.0416840878948985,0.0566328034988376,0.0513973499606301,0.0417707262273398,0.0395400694203628,0.0421528317009163
2014-10-31,0.0289503155395424,0.0294721958939948,0.0176762607637807,0.0120445650845594,0.0183276701100198,0.0232179446556304,0.0307701531570448,0.0284903772601685,0.0328609670264251,0.0300914580076652,0.0227413839904352,0.0172086385513384,0.02658742771356,0.0183599739918987,0.0313144578852094,0.0282590751933166,0.0430689937001807,0.0335067310340834,0.0384175483395297,0.035474601974371,0.0246758533441198,0.0245271927614923,0.0220496731993277,0.0235994754547156,0.0332424978255103,0.0223493465889914,0.0307024090940753,0.0243027905529058,0.033121593490905,0.0245524399701452,0.038706244681953,0.0381547264656018,0.0240707044112511,0.0203093407668382,0.0194669307986156
2014-11-07,0.0439664927967461,0.0476574032510109,0.039845255815132,0.0340858944942774,0.0354149417252343,0.0456892099583247,0.0529778215230031,0.0496317054394059,0.0472568402789501,0.0481962905670275,0.0349481146686276,0.0437874379894637,0.0406452845997262,0.0411702300583467,0.0599922896819561,0.0540308455077382,0.0547201203564193,0.0571166036825837,0.0656482597755085,0.0573907470883091,0.0501182708212248,0.0491025303396685,0.0351454979207499,0.0438552689007089,0.0471619083338818,0.0542171063702568,0.0595514670855496,0.047344722822157,0.0601375073603032,0.0466534114796048,0.0565336964753241,0.0582105141981155,0.0466397826360058,0.0356917482383297,0.0310215978317659
2014-11-14,0.0388850052318299,0.0460645451156853,0.0329259363182671,0.0208587825122491,0.0271058338339139,0.0511831416563421,0.0531845722853875,0.0437868301139034,0.0507822588385206,0.0440061929405766,0.0306289861188575,0.053477579468331,0.0371406232407689,0.0539064125962082,0.0546967154642441,0.0444014228867014,0.0525924339751623,0.0585668912616771,0.0595702759878343,0.043463674281911,0.0453701052616097,0.0388554846796363,0.024882999063416,0.0390497236321021,0.0451874861009648,0.0550884908776654,0.0572452184541552,0.0398882329337733,0.050037964065127,0.0391004424531582,0.0590742364964524,0.0394947302540003,0.0439507633931066,0.027993805762931,0.0415925737503165
