,lightgbm-gbdt_numerai_1_0_10-all,lightgbm-gbdt_numerai_1_0_10-baseline,lightgbm-gbdt_numerai_1_0_10-high_autocorrelation_small,lightgbm-gbdt_numerai_1_0_10-high_autocorrelation_standard,lightgbm-gbdt_numerai_1_0_10-high_calmar_small,lightgbm-gbdt_numerai_1_0_10-high_calmar_standard,lightgbm-gbdt_numerai_1_0_10-high_drawdown_small,lightgbm-gbdt_numerai_1_0_10-high_drawdown_standard,lightgbm-gbdt_numerai_1_0_10-high_kurt_small,lightgbm-gbdt_numerai_1_0_10-high_kurt_standard,lightgbm-gbdt_numerai_1_0_10-high_mean_small,lightgbm-gbdt_numerai_1_0_10-high_mean_standard,lightgbm-gbdt_numerai_1_0_10-high_sharpe_small,lightgbm-gbdt_numerai_1_0_10-high_sharpe_standard,lightgbm-gbdt_numerai_1_0_10-high_skew_small,lightgbm-gbdt_numerai_1_0_10-high_skew_standard,lightgbm-gbdt_numerai_1_0_10-high_volatility_small,lightgbm-gbdt_numerai_1_0_10-high_volatility_standard,lightgbm-gbdt_numerai_1_0_10-low_autocorrelation_small,lightgbm-gbdt_numerai_1_0_10-low_autocorrelation_standard,lightgbm-gbdt_numerai_1_0_10-low_calmar_small,lightgbm-gbdt_numerai_1_0_10-low_calmar_standard,lightgbm-gbdt_numerai_1_0_10-low_drawdown_small,lightgbm-gbdt_numerai_1_0_10-low_drawdown_standard,lightgbm-gbdt_numerai_1_0_10-low_kurt_small,lightgbm-gbdt_numerai_1_0_10-low_kurt_standard,lightgbm-gbdt_numerai_1_0_10-low_mean_small,lightgbm-gbdt_numerai_1_0_10-low_mean_standard,lightgbm-gbdt_numerai_1_0_10-low_sharpe_small,lightgbm-gbdt_numerai_1_0_10-low_sharpe_standard,lightgbm-gbdt_numerai_1_0_10-low_skew_small,lightgbm-gbdt_numerai_1_0_10-low_skew_standard,lightgbm-gbdt_numerai_1_0_10-low_volatility_small,lightgbm-gbdt_numerai_1_0_10-low_volatility_standard,lightgbm-gbdt_numerai_1_0_10-optimizer
2012-12-21,0.0124966150572315,0.062906775123987,0.034481854796132,0.0203069757127069,0.0434345600401535,0.030154020273597,0.0206547532201165,0.0192794167058415,0.0409837738458615,0.0360175870569938,0.0521953225068614,0.0293153633663847,0.0532321935890619,0.0324185649611888,0.0402509705297022,0.0242030340074634,0.0316473730895668,0.0220308499038067,0.0686984104663932,0.0660136821346033,0.0618675281022779,0.023441534295884,0.0671201087182857,0.054607530103337,0.0413055155508038,0.0291228504620099,0.0273377826329943,0.0194563461372067,0.027316877974079,0.0194502647818859,0.03809360972964,0.0302598738646501,0.0619538073308921,0.0512128035378409,0.0274506677911371
2012-12-28,0.0398086452934241,0.1002121910764966,0.0773194690715025,0.0445908028846939,0.0760659397405104,0.0592525515400898,0.0655292872294745,0.0568032461176754,0.0810391564095703,0.0600183026903213,0.0897468300976374,0.0523666611894057,0.0909405232853375,0.0594479657802082,0.0762263233271192,0.0560456372274489,0.0775660091302565,0.0522668711656243,0.1121626612461039,0.1009325911504619,0.1019670368808562,0.0589393585622256,0.1043135226013478,0.0846172062945292,0.0728887541446317,0.05576084748216,0.0703576474124002,0.0572866691361079,0.0747957471797407,0.0576316737344565,0.0855132336048395,0.0639724113745777,0.0971600737998039,0.0880255942035712,0.0648125789941565
2013-01-04,0.0306016424459269,0.0832507574025146,0.0854076210443348,0.057190930785742,0.0872203202428591,0.0741530863708224,0.0706918803386903,0.060074171948445,0.0795317416833417,0.0595225398167856,0.0980947728263584,0.0760341345137046,0.0987244350559675,0.0787713838802436,0.082525347996991,0.056588182163118,0.0895081704596678,0.0590177644685103,0.0846790174250177,0.0585515201115303,0.0864694499702809,0.0748828517285706,0.0755448490111762,0.0638751864716484,0.0734759864886135,0.0417727255754782,0.0752952688715802,0.0665557042781396,0.0724141575626674,0.0684257159059272,0.0763857540121579,0.0665886202003516,0.0773724571862319,0.074439648517139,0.0574316042640336
2013-01-11,0.0334469627765814,0.0786889276719682,0.0721476388752485,0.0560072520048323,0.0897377369221307,0.06297401571205,0.0696215046560604,0.0571809375582003,0.0628963594782537,0.0678730860852389,0.0801758325899504,0.0671209354841369,0.0885477128047213,0.0704978283438764,0.084705843634206,0.0595927018290993,0.0725812835867451,0.0557304575081324,0.0771095646653963,0.0632821418080292,0.0832424849513054,0.0748909798869859,0.0800693435960811,0.0635345245678674,0.0675743786908835,0.0651268617974942,0.0784514413191897,0.0712828482914616,0.0779324516378772,0.0700653369427827,0.065716395631785,0.0501007649946959,0.075649473695304,0.065163191075186,0.0639481785657135
2013-01-18,0.0422812540688576,0.0581320703227127,0.0590081516365387,0.0528589669248783,0.0642974854412462,0.0583384876057406,0.0683232986038689,0.0615688002401896,0.050859904267785,0.0596713233442553,0.0604437188402857,0.0581017087639414,0.0726773559834697,0.0533256503840373,0.0758372078174155,0.0524316193055665,0.0707581107101442,0.0425617606161181,0.0525437073540634,0.0416199918679297,0.0626461439703758,0.0713091943693639,0.0506238892287013,0.0498633326747609,0.0602703356238715,0.0619678871590285,0.0683118415631367,0.0681489606340604,0.0719538438612301,0.0724474513661098,0.0607238434861885,0.042201245734411,0.0527877423216597,0.0537214911413355,0.0541820641787706
2013-01-25,0.0221756619690487,0.0470541959030055,0.0537248021559036,0.0471581014573635,0.0578154719661608,0.0500410891801231,0.0599465315748482,0.0566871087801978,0.0442240557243525,0.0293102181764372,0.048162116721681,0.0522416705813668,0.0526424100197611,0.0409148937610439,0.0586395595559759,0.0449013750854374,0.057246862833545,0.0530180914678844,0.0360901944011938,0.0150126564644352,0.0473141015772462,0.0500855529824085,0.038644225349418,0.034663584609223,0.0591959223023691,0.0556810210505195,0.0567087754635148,0.0565433550465378,0.0599041402379235,0.0566857899386045,0.0525693085143088,0.0389878777874205,0.0476641598172728,0.0342025552694248,0.0469376665053554
2013-02-01,0.0114379432515651,0.0420576377616976,0.0353939646704112,0.030148733178331,0.0251091534455037,0.0303901424056342,0.0482286724381995,0.0371244037978185,0.0381352470396959,0.0226945053569064,0.0246828429067281,0.029028764813751,0.0289696630919477,0.0228434639284733,0.0410688415946603,0.0201772166605377,0.0375740585903471,0.0282550695465076,0.0241114645053444,0.0190796661904348,0.0401843537580176,0.0420061319100301,0.0240975691162057,0.0238782072396692,0.0412865360245001,0.0285083361725425,0.0500986212725595,0.0413658323785183,0.0497806947690658,0.0432767262928737,0.0388116745829682,0.0248760814516838,0.0406323411038496,0.0171161550692075,0.0393398846420944
2013-02-08,0.0139339812559822,0.0381966023204288,0.0344961472415884,0.0288789319792096,0.018819102443067,0.0249057887295118,0.0398664377363921,0.0383287446811704,0.0329724902988094,0.0159080865967537,0.0204216201754905,0.0241716631116274,0.0254101653489942,0.0195168449800148,0.0350838171072761,0.0292082265645399,0.0294904262989116,0.0243404658323183,0.0261838137045459,0.0149172478697223,0.0429041479660685,0.0344813723863857,0.0229723142405477,0.0237950889896484,0.0417469074323165,0.0282724241731385,0.0408393619514903,0.0375755964372125,0.0415481856298401,0.0394427687634545,0.0341997267090841,0.01943632201916,0.0332304962077866,0.0202022135757303,0.0392124657079823
2013-02-15,0.0411339157239479,0.0688530995832971,0.0651641032826821,0.0538001723123879,0.0407125968896118,0.0500244289532033,0.0711029750170108,0.0642543660020302,0.0628791946725364,0.0361818902166344,0.0472568479961102,0.0480288642499641,0.0548926726245644,0.0439443143892379,0.056570348282099,0.0531757010616715,0.0521022926280418,0.0526159197683609,0.0585922338276064,0.0464761199141816,0.0734030829867763,0.0541043448628259,0.0552098202380924,0.051327866719614,0.0598522978116878,0.0575825885611617,0.0656173037006107,0.0620537953019694,0.0638564022812561,0.0632215509800677,0.0717111347598427,0.047677796114358,0.06303730508419,0.0560506043263231,0.0525984961122115
2013-02-22,0.0635348016889919,0.0636736383933631,0.0751709457705037,0.0672530216737394,0.0436691849577768,0.0496996764664456,0.0778582602939818,0.0694177565389012,0.0574524779790023,0.0395239046571469,0.0473042883054064,0.0561213159800816,0.052181328219683,0.0518322013207865,0.0486756202603506,0.0630285121510906,0.0669901583670412,0.0658267105623942,0.0500421392251723,0.0481987640081994,0.0664544355433899,0.0557999563318927,0.0464116637526606,0.0462409877183114,0.0617086421674577,0.077270520154005,0.0681663791070136,0.0655818034111535,0.0626682783519111,0.0662313719627058,0.0633278431137181,0.0536193015763254,0.0687435676917215,0.0546318806521279,0.067920731495754
2013-03-01,0.0502425934425996,0.045042591020871,0.0603565524509676,0.0387573538508985,0.0447928793276557,0.0396347732102219,0.0520013252114356,0.0526701883106198,0.0409489557241124,0.0372310927933643,0.0323886945079457,0.0504607896365407,0.0434532992958638,0.0412407491049649,0.0339733513183189,0.0453779491560995,0.0412563213057219,0.0530185236108878,0.0388656177228286,0.0553829027591681,0.0478385422590573,0.0494828925056659,0.0420453128107463,0.0373083976471225,0.0471348270915121,0.0571796381131851,0.0467746272573339,0.0595645948124657,0.0435871460690376,0.0604527664056451,0.0471891444108194,0.0490337086671616,0.0435554455174964,0.0303631961094739,0.0610146633162957
2013-03-08,0.0476563959764314,0.0404506026529761,0.0537205620993452,0.0509774939889319,0.0494033553051947,0.060905672342178,0.0399612809790218,0.0376410718936722,0.045337841556832,0.0387169723348343,0.0413602089449826,0.06317495449277,0.051449441431253,0.0521831937656136,0.0386037196568172,0.048556166441067,0.0497888924250028,0.0525098983254128,0.0431457771412517,0.0449105700897676,0.0418439228993055,0.0336093868673146,0.0425429272529109,0.0389916468493757,0.0520089023065873,0.0462194106982149,0.0324481792141397,0.0390144444663792,0.0366205108292684,0.0385897469238151,0.0478628614917125,0.0571872706978677,0.0422176935071118,0.0219031782395506,0.0464221991784954
2013-03-15,0.0239847211064236,0.054694093346403,0.0503719091835333,0.0301499094426223,0.0343234916987317,0.0405452814688065,0.0324469084681916,0.0383714952108713,0.0461053258576144,0.0270865160824777,0.0355295936353807,0.0413773771462412,0.0536633462627998,0.0389209477152841,0.0419912570062559,0.0189348176152206,0.0349182617498814,0.0310005689343829,0.0498537603660232,0.0369076838518146,0.0576121607670213,0.0337625733089999,0.0441379255354208,0.0382670282557428,0.0566315545749788,0.0310611743282118,0.0338215407192118,0.0344943879894384,0.0336657502774174,0.033224586689906,0.0412254086662198,0.0297780871615638,0.0507169777321808,0.0436680062355223,0.0378760961658194
2013-03-22,0.0145320922734958,0.0621481007592699,0.0418621601109367,0.025217351833593,0.0365064277899673,0.0367774579720899,0.0345043961877436,0.0408771788878747,0.0480723980027224,0.0297964608199881,0.0412407514918849,0.0406657057099373,0.0675138199442799,0.039981075040289,0.0499133508151654,0.0316856089927409,0.0273256697817472,0.0263449033620583,0.0566409100079193,0.0388973208164399,0.0610924753791979,0.0381305931071764,0.0582740546888363,0.0429488463719149,0.0509014473276771,0.0355185145297762,0.0286843024864507,0.0374201238603278,0.035765172153263,0.0378513165706282,0.0318014244593409,0.0078105804073207,0.0586515544692098,0.042441603948578,0.0330378278662245
2013-03-29,0.0342830840606476,0.0714769205652932,0.0575004995239185,0.0414559203261979,0.059646679454228,0.056612904482846,0.0521484038692078,0.051247271723222,0.0629085729367842,0.0621772034037653,0.0676679629169123,0.0514366082581582,0.0757287600912355,0.0530981964193414,0.0672726428666737,0.0510204337489991,0.0532403360209311,0.0509392111195192,0.0600359626874107,0.0580864366460444,0.0657952690926216,0.0459173110643831,0.0734067807309031,0.0596876566366683,0.0675205182336674,0.0464661126149225,0.0460910982220539,0.0484039308898773,0.0522395049265973,0.0478809230122132,0.0565647928802488,0.0292705136318706,0.0681227364684593,0.0498416080184404,0.0486384520858078
2013-04-05,0.0617214490094193,0.1103883524304965,0.0823590098175982,0.0622785914614538,0.08597024634455,0.071940154838519,0.0860261061527716,0.0749831497333011,0.0833985117210836,0.0721528587988155,0.0792392304307329,0.0704026454591295,0.1020116548541042,0.0693857058234599,0.0903789862572845,0.0755346516183815,0.0809588755366039,0.0720838983189589,0.0860255602914534,0.0729585501043701,0.0995754757913059,0.0808076719514828,0.1079702770027723,0.0846807399573626,0.0995940350761222,0.0696857475946567,0.0786129455450692,0.0813728203695164,0.0815886175439491,0.0803893602280253,0.083333918131772,0.0462237183727191,0.1009696055978008,0.0758867321685731,0.0877120898106914
2013-04-12,0.0498467731186269,0.0890259381720386,0.0623740798290839,0.0455214631087269,0.0650914294158024,0.0561182365154455,0.0745824462364677,0.0609866168591659,0.0701176452511917,0.0543693320858945,0.0588528408452117,0.0600116330625277,0.0841304945236279,0.059439320479963,0.0677855305066248,0.0514683557073725,0.0588935257130297,0.0605792232943634,0.0906230002603325,0.0677208706274141,0.0836124889744453,0.0581793609797247,0.0921419625351621,0.0731475781303868,0.059156342693979,0.0553266978817365,0.0655026371869627,0.0625778674259222,0.0662758313043788,0.0595114271430154,0.0692966827398644,0.036432935873261,0.0824891143875959,0.0701861193367604,0.0586136356179069
2013-04-19,0.0524840015167715,0.0762851885449109,0.0564447680999962,0.0504893899369736,0.050773248704998,0.0440739343311318,0.0582790684079397,0.0555774611419042,0.0522998291405066,0.0594130894886649,0.04669423709325,0.047182064116754,0.0648049920897562,0.0458900295001548,0.0502688072828675,0.0319549677754897,0.054294263971383,0.0542058895106033,0.0705189312259286,0.0558812925380649,0.0695542356120574,0.0599261916079518,0.0725361666676861,0.0606869189663435,0.0610708176239706,0.0545404752191152,0.0594213966879782,0.0601950267176437,0.0576954434689506,0.0584354912035198,0.0497253043490723,0.0455335269253694,0.0738289082799717,0.0663994441111435,0.0556971201618
2013-04-26,0.0362999380080124,0.0545359529675706,0.0448148079030783,0.0330971521133272,0.0397777785586537,0.0366046447201331,0.0408665365718135,0.033249960255525,0.0400260917897253,0.027389404173327,0.0305057807018884,0.0339537872819102,0.0565788518788538,0.0285200025111361,0.0348100586215832,0.0245691843775014,0.0339359596653204,0.0366775924165871,0.0419403775996635,0.0202287054812621,0.0552274093926777,0.0492504280592813,0.0602014963356731,0.037682124037083,0.0351566056583534,0.042117926107741,0.0474760344652361,0.0364956779615896,0.0504934495302789,0.0367505401130411,0.0345177220924023,0.0323978729483169,0.0525963806300495,0.0425643441803048,0.0400004418515706
2013-05-03,0.0492540255271649,0.0493042262831459,0.0605106233608938,0.0500880008625868,0.0422504320091574,0.0360590423021736,0.054100438830205,0.0487214328641985,0.0316597549340901,0.0466122939468703,0.0342210578250785,0.040242593655765,0.0403246417146544,0.0378792137138518,0.0393010202080275,0.0398793150792349,0.0441931357193086,0.0609870778783042,0.0446541162607005,0.0323299940116406,0.0475216599328946,0.0495489307212871,0.0508581010644436,0.0274628887639245,0.0517437162965789,0.0559956410325781,0.0457630245653834,0.0572072893408266,0.045615122143438,0.0546326716332639,0.0495523493904075,0.0376057201842205,0.0443734255329209,0.0359708766248582,0.0460284212470981
2013-05-10,0.0272199547572473,0.0334729036144481,0.0459393214918033,0.0412531524461866,0.0368503779229542,0.0271026757662228,0.0292502358921408,0.0262234398046365,0.0296116975848424,0.0454078230856711,0.0337209181594162,0.030631026687683,0.027284832496963,0.0287087562952831,0.0499029236231142,0.0425286060324651,0.040744468190284,0.0542869834137363,0.0317200458900532,0.0425779772794465,0.0380573890585436,0.0356191267527457,0.035783459928619,0.0198500930553149,0.0463369650008848,0.0251568782813986,0.0392512107635315,0.034001995619668,0.0407027610718953,0.0331272155467984,0.0419523705036167,0.0412665201123368,0.0260170430392773,0.0306025089998958,0.0331594761811076
2013-05-17,0.0214481170245237,0.0493475326074128,0.0483463953096696,0.0297808072296236,0.046539733594238,0.028960904452695,0.0372612884648092,0.0325151182007877,0.0544893646539359,0.0480835081019123,0.0440528667605578,0.0347130043631452,0.0417241582672637,0.0344234911721579,0.0519971726236097,0.0413948836079862,0.0275341067646778,0.0432693528273769,0.0317511299886422,0.0346246060988216,0.0423954880577689,0.0239910759295417,0.044145702688753,0.0376981320963358,0.0417497192111645,0.023631625155937,0.0341861649083013,0.026687933017629,0.0424837088155376,0.0254105958488094,0.0496404180946467,0.0372050188869165,0.0443466401088619,0.0313455275107721,0.0171260099200784
2013-05-24,0.0220202766931667,0.0650019633418462,0.058956773150693,0.0406811978443676,0.0695624739163507,0.0400123287468843,0.0502951816725757,0.0434806169069574,0.0573699207170576,0.0493882583766182,0.0574108253101583,0.0453553814980396,0.0464610344051129,0.0452986768475181,0.0631227216239939,0.0471576413811794,0.0601995354449406,0.040629759879653,0.048405670361234,0.0426756917594612,0.0582419083304957,0.0336668501304721,0.0579281894125948,0.041319695720364,0.0611963435120036,0.0293041031641847,0.0485552442381516,0.0374946773749666,0.053816663359299,0.0386614238374006,0.0525128075096907,0.0384569008718972,0.0593235100390506,0.0516676799938681,0.037949894584881
2013-05-31,0.0151197866084951,0.0579229989508012,0.0535735928022953,0.0321221373869912,0.053889951656033,0.022015916410183,0.0443514503816728,0.0424002772063651,0.0349336093605478,0.0294193477145238,0.0447919924157474,0.0271125350482938,0.0412704744848319,0.0283399228505456,0.0531853662356817,0.0442919129136531,0.0662045194865771,0.0362152502401667,0.0334770551503266,0.0341346094938694,0.052393588369562,0.0498093451940687,0.035874759335782,0.0222630497463712,0.0471946286991452,0.019558674756708,0.056393343654541,0.041543677481573,0.0560398179198798,0.0442239204205892,0.0397756965155567,0.021691102531401,0.0569885421883827,0.0194506970410391,0.0320123982077715
2013-06-07,0.0327331594134904,0.0596258776874443,0.0557772273930013,0.0559459604775773,0.0577767850448439,0.0383714213243486,0.0534991542521827,0.0596079626101954,0.0446272533847168,0.0515622537604076,0.0469118569901057,0.0361657127909319,0.0463426475782253,0.0369175987117414,0.0789940879350644,0.0571410354939624,0.0633793941491286,0.0468947365829887,0.0396517453782339,0.0141619301675831,0.0610879070810844,0.0548050706672224,0.0448939434378489,0.0422653431987375,0.0495806990108941,0.0405910732821183,0.060212648329607,0.0536075246642431,0.0571530374288485,0.0570924982572904,0.0510512890325336,0.0328129369806748,0.0560155011003001,0.0349143345800074,0.0443106141025731
2013-06-14,0.0471418884282935,0.0621271102220874,0.0470978066672752,0.0555291544581614,0.0503299951445168,0.0338908755163996,0.0482195808357679,0.0592741489053129,0.0503049325303895,0.0323810752015245,0.0435318054997422,0.0335453313897081,0.0546784475701237,0.0339781502932543,0.0672499259159984,0.0535668050967038,0.0628090439914822,0.0429862937071414,0.0371763887045503,0.0187109300618844,0.0568213899525272,0.056043737918435,0.055886963268362,0.0415401275472845,0.0451052399696357,0.0410388752647383,0.0505854205097717,0.0508141835195721,0.0602768312194418,0.0507197987812628,0.0484918923594775,0.0347342946939464,0.0576788513039467,0.0423981221458132,0.0454827789228727
2013-06-21,0.036300921779396,0.0530579230990462,0.0415375069749685,0.0425582307198861,0.0466174712869283,0.03891186717326,0.0350201786956661,0.0361425088948267,0.0500969995444888,0.042199651328457,0.0477661439001519,0.0343582135422733,0.0498351882047197,0.0355321533689859,0.048142464101052,0.0240296576283313,0.0446007534102952,0.0290736027210621,0.0331699377079073,0.0308005540430021,0.0544870434881317,0.0552070694725206,0.0549929253581989,0.0380361163057367,0.031731856940182,0.0381703371773911,0.0383231948589948,0.0458470900756572,0.0460628469908399,0.0466941689278737,0.0493990151718669,0.0484958466897068,0.0500434187158844,0.0501846283912698,0.0206076526014799
2013-06-28,0.0342043112237275,0.0480011932349924,0.0372482832574707,0.0443445618964983,0.0466455785523708,0.0476271447483313,0.0408318773790781,0.0405099477760685,0.0467122335803067,0.0279695842755736,0.0521224591057747,0.041422199833936,0.0478088506090608,0.0460455060269372,0.0376108086088775,0.0331828583754118,0.0437962533821213,0.0299289939132746,0.033539888232494,0.0331690310025953,0.0461201383853442,0.050651971188944,0.0396574370597287,0.0403319646695588,0.042571467243799,0.04060904394792,0.0414147543254963,0.0467109926622335,0.0423684885018133,0.0478755056369967,0.0490914280747956,0.0378198146672191,0.0422880061010609,0.0332303678102172,0.042640426833871
2013-07-05,0.0360232669928965,0.0432396945408174,0.0311727194230967,0.035991601801014,0.0369198642768619,0.0415566280650021,0.0337682154825914,0.0275341964354066,0.0273524277372524,0.0316987814782935,0.0341872107011469,0.0394387340709172,0.034190709617377,0.0430231988028522,0.0256958658481074,0.0238213214778266,0.0308396225979903,0.0293777753970509,0.019443302544903,0.0335024727949146,0.0397860015067555,0.0425256529149307,0.0320185824217255,0.0270058600846601,0.0427432855044434,0.0340862669679083,0.0356513321976359,0.0398622778805718,0.0379968306924894,0.0416488245076654,0.0389889483895367,0.0451211489744254,0.0333740625692696,0.0329412466316052,0.0413606887561159
2013-07-12,0.0534156338454317,0.0350707110147522,0.0254202841567786,0.0627550401227384,0.0473808187702196,0.0531336397172998,0.0494184594353175,0.0429809715221179,0.043864072285201,0.0504751897707438,0.0426681920088188,0.0467322146838676,0.0452422020417733,0.0504651625310036,0.0328849484356438,0.0431197696301005,0.0509281747239188,0.0469957375808992,0.0270788247931027,0.0382241897225629,0.0276845052567073,0.0474835539984348,0.0301846303652604,0.0420336612414003,0.0435651901743488,0.0435460152773018,0.04758206723097,0.0423082668770921,0.0506143397116997,0.0436385473492901,0.0511368116771093,0.0533725343061975,0.018102334227796,0.0406930016964888,0.0611784765692025
2013-07-19,0.0506265247890759,0.0145714993883764,0.0094766290372443,0.0512294337221818,0.0360692508405917,0.0406157426728798,0.0296325437892479,0.0309098396443248,0.0264616959048241,0.0336286375451148,0.0336079141969917,0.0421894877790731,0.0254931428124621,0.0379584123300819,0.0197227440897532,0.0400149411989051,0.0390412950803094,0.0462754997912029,0.0126887479963198,0.0242546593297174,0.0111269451585364,0.0341047476871625,0.0102737754536053,0.0369196106000146,0.0320455844944255,0.0387912099300785,0.025765180661976,0.0316262001273247,0.0224756125798302,0.031404916918553,0.0327039898513186,0.0439536066934479,0.0029672146458754,0.0102930938289743,0.0582198756602378
2013-07-26,0.0304331659498827,-0.0020169425476696,0.0066183206516552,0.0284713292136369,0.0201147589889386,0.0240656777525436,0.0206313648636654,0.0258193956198963,0.0044937152730151,0.0330168984278037,0.0169787380937357,0.0227420839326412,-0.0012165461922369,0.0240314014185621,0.0017874668731191,0.0323257469138785,0.0224571509204152,0.0203121555174579,0.0018755306850409,0.0221604409113853,-0.0077285223205136,0.0208306949289734,0.0013112894948833,0.0239067761837266,0.0040078702108358,0.0259979841087437,0.0067640390150947,0.0211581657505509,0.0071022321770458,0.0218974799081218,0.0161717501485601,0.0225446874041219,-0.0059218958555791,0.0193982957206887,0.0418436696443
2013-08-02,0.0139132022402237,-0.0287330547976394,-0.0180398410156105,0.0057989614328657,0.0012770913056375,0.0130832164013568,-0.00987478474873,0.0008495709638912,-0.0212131605972478,-0.0122347040928723,-0.0037732243121107,0.0064720898289705,-0.0298270867565767,0.0130818048608145,-0.0164749718819135,0.0023046928204251,-0.0026349933073211,-0.0012935004644416,-0.0222412914397388,-0.0009949596397471,-0.0360214559838516,-0.0047605969214431,-0.0279402099366696,0.0098252043871821,-0.0181906994110678,0.0074573451274894,-0.0152823965662457,-0.0059369395208746,-0.0200368179978163,-0.0042362096099821,-0.0160036937833562,0.0033961665447514,-0.0271010490842778,-0.0038466244203099,0.0117558389639002
2013-08-09,0.0319193126413941,0.0184564912101002,0.0203970035824163,0.0232895242384618,0.02232357471748,0.0156109448140878,0.0228881552519902,0.0201629308726068,0.0135124598830487,0.015331940089421,0.013831956700156,0.0146533423472494,0.0183015377986207,0.0160790902337068,0.0147630972293907,0.0124681901306359,0.0131382632217675,0.0146005960689387,0.0163996526321941,0.0385404801430019,0.0124926985023763,0.0229996861030982,0.0203684104820527,0.0191229234457141,0.0137779672435687,0.0201972070736639,0.0187011308161256,0.0119853041685934,0.0139328317374639,0.0117972290550211,0.0213110948095709,0.0333631754113118,0.0235901957845221,0.0368993072208851,0.0400552040746904
2013-08-16,0.0155930768849839,0.0579059434374224,0.051137331515542,0.0217171730117011,0.0425306378559615,0.025244541450446,0.0538314787128598,0.0351121777738718,0.0465554146654154,0.0165850492611656,0.0438600230583068,0.0212983402306466,0.0484069186614606,0.0236570301029008,0.0406202910540891,0.0088320207181486,0.0364061861835898,0.0259245225147641,0.0438246462656795,0.0312093531239269,0.0471941524338062,0.0378438350377441,0.0466814555999518,0.028650668820991,0.0385865699100894,0.0177512390080745,0.061535797501204,0.0278062478914456,0.0553203261412686,0.0287996424502455,0.0355790092182899,0.0244427859994461,0.060421695192686,0.0562932768249321,0.0362854784338716
2013-08-23,0.0294374554965924,0.0860215810012976,0.0709794044012639,0.0443670460954815,0.0692386680782611,0.0377550023410978,0.0702693742767061,0.047676287252835,0.0878763328767616,0.0380121870562399,0.0665988583456481,0.0382271634314839,0.0843658867093004,0.0441880183487101,0.0689895315635233,0.0277240830549642,0.064417259489387,0.0348762504809258,0.0750451763966224,0.0393231494776527,0.0781034925502595,0.0588432547382612,0.0641604324720406,0.0505364388276282,0.0629789566526882,0.0296332950397639,0.086965276590994,0.0475831069770429,0.0829529804160996,0.0472697637079685,0.0632345317277495,0.043735709485988,0.0848616558542058,0.0663985475800297,0.0428203608266713
2013-08-30,0.0154160302935717,0.0663485412148191,0.0552960756978587,0.0290084567829442,0.051432793569046,0.0232495460097942,0.0532748560006173,0.0327150215460294,0.0604643103951026,0.0354108859770264,0.0602335775529518,0.0214364382878261,0.0633134538200618,0.0219749958864464,0.0526047354402373,0.0171833533809797,0.0461872859905484,0.0204832854410743,0.0566098956461059,0.0328791585560928,0.0610171643815896,0.0339086794494231,0.051013131246734,0.034969869556382,0.0489964357228681,0.0210316152541857,0.0710586576719943,0.0293863157432665,0.0698778484209871,0.0291463535874297,0.0474989343355754,0.0316458688939297,0.0677154745144298,0.0484971479491472,0.0162026935601048
2013-09-06,0.0085168553717501,0.0411329704080564,0.0372063171937466,0.0300930447640796,0.0152857255580886,0.0096721127923518,0.0312252941016196,0.0187135704329717,0.0241835624302223,0.0157261146479398,0.0202671552915776,0.0093911625280916,0.0317737133314711,0.0105750003018713,0.0384731997673269,0.0096410159300888,0.0283007510437094,0.0095218412498556,0.0309267282737653,-0.0028317018477436,0.0339175993211267,0.0187002688849517,0.026109770384037,0.0143190265682028,0.0273362090616106,0.0183930750259493,0.040239070142306,0.0233897835645965,0.0412352482386145,0.0227975051764088,0.0223982789851599,0.0058538495080168,0.0448938929467095,0.030781130248141,-0.0012069357321658
2013-09-13,0.0239544683523948,0.0523994540317055,0.0502241762284327,0.045410304779506,0.0279815792345172,0.0330085727126943,0.0461479935513401,0.0423268409327791,0.0470570754172857,0.0529329751296201,0.0332404996268787,0.0445547720620863,0.0442839817190387,0.0480476451179447,0.0506896419040813,0.0423682116796336,0.0519363162281253,0.0335352885849847,0.0531102783304251,0.032552061744157,0.0551648463300563,0.0473468497394094,0.0339857103526863,0.0396252057972807,0.0613129691385762,0.0435604413844405,0.0659454182214267,0.047515198233103,0.047026629413107,0.0472796894360742,0.05162791611521,0.0297784307634833,0.0550917759200276,0.0484751428354412,0.0213212471792273
2013-09-20,0.0161305526822961,0.0462123346540801,0.0436111426221442,0.032886399570768,0.015177595731718,0.0162574706029321,0.0422150454951483,0.0333173842280263,0.0266239833543725,0.0249046924238415,0.0192089379094405,0.0319352301965368,0.0203309995824435,0.0320825264875284,0.0397791152071107,0.0289178013228247,0.040624638819235,0.0246042008399131,0.0353516461108961,0.0312782958890195,0.0507137197216231,0.0465020110904898,0.0232663787018289,0.0244161478082103,0.0401262625336953,0.0403781320409857,0.0497629078626613,0.04576052442176,0.0455585282945506,0.0472374199996397,0.0291585878567637,0.0173963354935968,0.0492257411703921,0.0356928944355358,0.0044140622736121
2013-09-27,0.0265563518783568,0.0389377897689215,0.0339455038764813,0.020967353548717,0.0034265296914708,0.0216331204837964,0.0326390966021833,0.0289502311930894,0.0234903800519645,0.0220976989415293,0.0246094799753007,0.032310693751388,0.0184647094588949,0.0298257964180829,0.0392937788751476,0.0283668724640148,0.0341930799154169,0.0358389597995258,0.0366655018060218,0.0269571474389047,0.033513783274874,0.0343744131107196,0.0158079672951577,0.0230395070101557,0.0464042540828166,0.0319325648402529,0.0306317803006929,0.032915664867112,0.0354599523360879,0.0323639340209391,0.0207501754194591,0.0266849719354901,0.041600154380519,0.0304251447990689,0.011230709797449
2013-10-04,0.0441485695605772,0.0520385842326498,0.0438628064303837,0.0402656145580089,0.0350506121038174,0.0502192893587895,0.0448483049515033,0.0382160151877824,0.0501876737557547,0.0494571961209935,0.0459822745365988,0.053037270153051,0.0455763371805049,0.0490369356740219,0.0483438378130146,0.047800608390703,0.0507944837278159,0.0407669227387274,0.0574859872452872,0.0468619219226957,0.0417985346255995,0.041745958401768,0.0428432469004696,0.0461239333988158,0.0518404187055657,0.0382133951101828,0.0410207209222061,0.0395573202469241,0.0488910846876456,0.0402231693008958,0.0485782474222565,0.0470832311439397,0.0578903525548214,0.0528390176146833,0.0425854312646715
2013-10-11,0.052928261047648,0.0653243095065297,0.0547562288143083,0.0508705334567975,0.0486782272739327,0.0538120867749957,0.0610707888383152,0.053488540315438,0.0597657948748192,0.0540537006720576,0.0573264707322598,0.0427339327025661,0.0574425709165623,0.0458442322345853,0.0628323389319736,0.058985343635897,0.0586872485680933,0.051884231011931,0.0579420108985842,0.0580183650738462,0.0608743250129265,0.0585992146445607,0.0574437911887697,0.0612820702547936,0.0565320735252532,0.0465957455897324,0.0620748985403906,0.0541192467220542,0.0586726053016047,0.0557891020755578,0.0557817804423135,0.0554965853949879,0.0666014111313788,0.0629514026344941,0.0589890044525192
2013-10-18,0.0307964813893495,0.0508968519370538,0.0406215539032129,0.0327247747814956,0.0395749152335048,0.0377567851732385,0.0372209354120095,0.0307400944706622,0.0543757852541235,0.0358079558045335,0.0482729455084207,0.0363016894104467,0.0472414477705823,0.0359282130909931,0.0514419251453872,0.0498839754661009,0.0448705866802207,0.0326015589221419,0.0390883170092773,0.0458688439814256,0.0532668425199398,0.041290017343577,0.0459650846173333,0.0477661593750336,0.0346887450820704,0.0338154439772158,0.0490835944814005,0.0401351297126851,0.0481669589853326,0.0400794389287964,0.0384818095659895,0.0351069480623345,0.046236403155091,0.0399024466562502,0.0484657748476353
2013-10-25,0.0455189920359268,0.0589152184600926,0.0523659864164982,0.0437927939500803,0.0470301679386833,0.0411579981273688,0.0481606685684973,0.0474584921273986,0.0646580305438942,0.0392030164387145,0.0515729846052623,0.0453722608981862,0.0480166897147002,0.0499911094087058,0.0541253839274138,0.0549445324361134,0.0573309346329194,0.0425227869278776,0.0429794940447607,0.0504175414022099,0.068301366414171,0.060690613239264,0.0538609926510863,0.0434017976123495,0.052410366995088,0.0421815037188771,0.0616862519558439,0.0514861156432939,0.0588832227770827,0.0535766473161681,0.0539230910575627,0.0370085860469712,0.0523685666826953,0.0491578554447955,0.0569999724887073
2013-11-01,0.0212711278029083,0.0548409137554889,0.048888950081375,0.0373278658136826,0.0469305356289186,0.0375907344901884,0.0317713186172107,0.029809650415664,0.0496083711302355,0.0256380015819951,0.0438867389799189,0.0375657319971787,0.0454291872986733,0.0423632994058501,0.0568541278544295,0.0498518885621517,0.0394580439681164,0.0294012192798553,0.0377705469399155,0.0268292162489492,0.0666093813770053,0.0431084079475288,0.045609855998161,0.0389874490996877,0.0580653787657817,0.0335995831060551,0.0505423683691038,0.041183387235736,0.0504933908827971,0.0418276295556154,0.0350502414504726,0.0263579363807121,0.0413849484293825,0.0426655555713437,0.0317524811224774
2013-11-08,0.0059018766580608,0.0427954027176979,0.0311344638556779,0.0132837252655576,0.0211061671296431,0.0280547288862718,0.0352629229205971,0.030756569755156,0.0312612214991084,0.0036970412945842,0.0267575869962609,0.0330229148598147,0.0269942805583234,0.0317439540258991,0.0417187270821208,0.0225766237600012,0.0378468417994804,0.0210975013926258,0.0257418266846963,0.0247602195719647,0.0480127708193204,0.0289731270937002,0.0288915672158897,0.0233912030396334,0.0352370956259571,0.0324553940433835,0.041872501435076,0.0340507392366389,0.0433278355047567,0.0338864300661332,0.01645759392727,0.0089812717946427,0.034755382597639,0.0288830713952845,0.0209486546156216
2013-11-15,-0.010787767195585,0.0462613440567162,0.039674349470958,0.0198651524012268,0.0370534522297147,0.0253083860770979,0.0347689601242904,0.0295036055022266,0.0497888856781269,0.006875437732093,0.0298307548689261,0.0284361628926718,0.0380502144205381,0.031011286148451,0.0416210901468732,0.0293067100500464,0.0373493002681188,0.0263867673228849,0.0261269326406915,-0.000607767457734,0.049222769181431,0.0297809420023916,0.0391147961560014,0.0212964308805369,0.0418735202137709,0.0213718233271837,0.0396157856954378,0.0310156616029439,0.0427955631047926,0.0299159079448262,0.0259332346360253,0.0037025600779,0.0448128159127279,0.0366197773747844,0.0130507186019674
2013-11-22,7.563696172593684e-05,0.043507491234987,0.0354666677471425,0.0254554974737625,0.036191571042171,0.0224502112970659,0.0401548132213275,0.0394088762884442,0.0395672175142153,-0.0043065952834985,0.0336348902936419,0.0213460294442393,0.0405520965731293,0.0275376593522868,0.0384578193192007,0.01621836507344,0.0360413067333361,0.0334166452672604,0.0265721312401992,0.0091148848971103,0.0329019100816772,0.0255064830119226,0.0332914530547484,0.0133557710959504,0.0495632435683397,0.0219073751713087,0.0389969535246954,0.0274565536447187,0.0409414712770977,0.0252394399457178,0.0395009194876968,0.021245236251639,0.0335613566957015,0.0258763384999618,0.0102035859924758
2013-11-29,-0.0035403880676803,0.0230746751402586,0.019508519432514,0.0076902154032639,0.0190272462246698,0.0095041806226449,0.0223852473581601,0.0091479679449171,0.0300542276512768,-0.0039555218810737,0.0148413275951599,0.0042081609385574,0.0190297642219205,0.0189293800648605,0.0283601191010276,-0.0092513736986778,0.0059257707964794,0.0028662362704349,0.0169277401170631,-0.0051174936790151,0.0153163897431192,0.0084756626789888,0.0197374893158414,0.0063205927653841,0.0193309166931003,0.0041663621841963,0.0223365660779805,0.0107072797090138,0.0208244247957129,0.0117193467372988,0.0170575009087142,-0.0027269070892313,0.0215838527665143,0.0216511672263488,0.0020242179898116
2013-12-06,0.009496486874673,0.0558015460257742,0.0550649642038659,0.0312068545632747,0.0437664759781703,0.0324146037971463,0.0475836798058844,0.0383537780122087,0.0520347971846454,0.0116668207826793,0.055061617247419,0.0331686730846378,0.0558481520124455,0.035373313296225,0.0611614453719336,0.0247246366646992,0.0405291323548854,0.0181292916382179,0.0438782643234975,0.0277996529003085,0.0485907790007631,0.0324176160579485,0.043893995018798,0.0238460605973823,0.0370462894762188,0.0265662994496178,0.0448751553012131,0.0343677202317474,0.0496721806287635,0.0362472036245162,0.0411638826450441,0.0247691511854433,0.0529684306855142,0.0479043182334995,0.0132209800088073
2013-12-13,0.0303122197500046,0.0800602205773427,0.0784295762892921,0.050157663710694,0.0727898974748409,0.057767503598758,0.065440238906238,0.0560463948963988,0.057526039146737,0.0315053778942089,0.0721622922440991,0.0503178531167135,0.0728595377113525,0.0533297511907352,0.0663720353879895,0.0540489173135491,0.0630842742947594,0.0424894811547535,0.0644413314943858,0.0410314203191211,0.074895966612929,0.0492885940279313,0.0735982638037436,0.0534889288741904,0.072341704378841,0.04872101766934,0.0598341155568371,0.0558937934096118,0.0696237117097582,0.0559777663824515,0.0644173873936966,0.0436747141388705,0.0722735817261759,0.0693524014420894,0.0298448039252824
2013-12-20,0.0472108339601329,0.0838399356291532,0.0835565477271555,0.0671674385692778,0.072600757061975,0.0716234372338428,0.0656816562611537,0.058550878670518,0.0656174453878103,0.0509507381343145,0.0689527030871953,0.0703869144576736,0.0735317304592161,0.069880979964821,0.0731102307368229,0.0672592887686799,0.0723540255171594,0.051548859891521,0.0662780926936005,0.0559504225663486,0.0812960216270114,0.0657645742393294,0.0738998053867278,0.0723376778669906,0.0654339135214823,0.0582594860195712,0.0605281016785617,0.0618726537718257,0.0648383197514153,0.0618038925216312,0.0710040803846645,0.0632691138676874,0.0762504963615142,0.0645770944136665,0.0387181454312087
2013-12-27,0.0186219943771643,0.0651747142076439,0.0558226667970662,0.0502299907656755,0.0492365692509285,0.0317209882221134,0.0504781362784009,0.0386327977402993,0.0552264795740026,0.0353939783316488,0.0504589965027238,0.0338376123621194,0.0609877199455667,0.040324821067259,0.0556388242149049,0.0455906098772177,0.0470789792752627,0.0328280731415391,0.0407880372171976,0.0418764860392536,0.0581117168109348,0.0516684960112987,0.0534308664085101,0.0323656964554459,0.0529396121661322,0.0341367972766503,0.0498666708133496,0.0412525965092891,0.0501064216876201,0.0445243229006826,0.0490230096486371,0.0291853037304412,0.0624779361640718,0.0560397521475086,0.0138388972783595
2014-01-03,0.0421322588395571,0.0659283110762455,0.0541231318407944,0.0592439924997002,0.0627469969845335,0.0639135458323393,0.0554147640063342,0.0428026718431968,0.0755224529975434,0.0528059793204955,0.0566553554623557,0.0607020106623868,0.0692375619468935,0.0531353933733733,0.0673960668745368,0.0565524345579652,0.0627587497794883,0.0494624770529069,0.0558850437015996,0.0640396365324979,0.0562670095376327,0.0561296697337316,0.0582139439704417,0.0659316686231605,0.0627572387058512,0.0498682842729914,0.0578590095628047,0.0507796295732058,0.0581101835806973,0.048243208524875,0.0666326388936829,0.0486503589215257,0.0652201208371788,0.0544471731874072,0.0331610146563664
2014-01-10,0.0368496353329664,0.0555485282911514,0.0428039795965303,0.0533841988783001,0.0502375697781209,0.043895442589829,0.0466459493475443,0.0492495155647497,0.0466120913115358,0.0384442987924604,0.0399118695256564,0.0423343035896341,0.055585971948981,0.0383005272306903,0.0388886229694389,0.0482422806905855,0.0467365154241581,0.041398287342936,0.0430369829280765,0.0559479026787271,0.0431323858669773,0.0489020954218644,0.0487664964894757,0.0455174593394974,0.0469811939405348,0.0380655224388874,0.0529373728760007,0.0439336371230603,0.0472814129790339,0.0433101822531107,0.0495485670847656,0.0475064104695534,0.0563190067679828,0.0495610762113698,0.0448397982542632
2014-01-17,0.0026764671401806,0.0319280908046866,0.0257867473447333,0.0299211113883501,0.029240407629952,0.0229930084884826,0.0234492301012108,0.0156116528800913,0.0200222899538308,0.0331182913381413,0.0253212891411473,0.0183314990094793,0.0276099844044213,0.0175965302797914,0.034009787295045,0.0123621872284798,0.025517071879509,0.0131715435023977,0.0247367448911442,0.0133472036678191,0.0267155195433133,0.0219802822765698,0.0339274826729368,0.0217280903583264,0.033585069054707,0.0149025795926298,0.0222831105054089,0.0185671970154766,0.0223504056673731,0.0174995460757842,0.0309823297022666,0.0072561668144431,0.0330826644876897,0.0259119361386815,0.0126257599461731
2014-01-24,-0.0008495753003161,0.005377107813731,-0.0020045438125346,0.0188200828093081,0.0033137712546208,0.0161591984966646,0.0137726253727411,0.0097452832261202,0.0025342538478266,0.0122172085724332,7.828065097764294e-05,0.0171926346536888,0.0037071479712984,0.0035176956395206,0.0007854377921622,0.0056873524217644,0.0185842541254804,0.0097699514984871,0.007040982754111,0.0072552678134049,-0.0004836625935404,0.0081298402963862,-0.0007755704832154,0.0160935808921686,0.0023505574462678,0.0156237325311536,0.0035303586860022,0.012934890843161,0.0050808418318368,0.0131983479920396,0.0122732877782806,0.0123888997481069,-0.0006893959850804,-0.0041595640865074,0.008485556783917
2014-01-31,-0.0151820061976255,-0.0147074811144922,-0.0127630229016755,-0.0174015621144893,-0.0112748104947384,-0.0230179706724833,-0.0118660113955799,-0.0043098380991426,-0.0251222506476789,0.0026971276752037,-0.0148231686592039,-0.0113639023296563,-0.0155530300498806,-0.0058999873744978,-0.0135694604536033,-0.0074674108213527,-0.015490616361463,-0.0078949198850252,-0.002963085740624,0.0021418269961961,-0.0107950978974818,-0.0043918486976437,-0.0172365528379871,-0.0138345951194403,-0.0137720167511061,-0.0154117346813786,-0.011025320420985,-0.005405453584741,-0.0114012846707401,-0.0061458544900845,-0.001892172242526,-0.0047119864556481,-0.0135460759054363,-0.0095940872652153,-0.0144318891771985
2014-02-07,-0.0060103600721839,-0.0021121510797244,0.0100213302527385,0.0048802772958325,-0.0068570984789545,-0.0049921324277774,-0.0015297301255392,0.0076000537736112,-0.004963139050425,0.0017804569455985,-0.0051021754736379,-0.0053593269625424,-0.0009935173796174,-0.0066134552681347,-0.0044727226619121,0.0002474321180874,0.0032673559455035,0.0023568650555772,0.0104219660125179,0.0077875223158106,0.008432130756607,0.012887885703364,-0.0078817507922061,0.0048552375608463,0.0062750893756236,0.006794499141489,0.0020657781363625,0.0161519469468957,0.0025930951869603,0.0147765736087385,-0.0004605993356674,0.009850499955497,0.0023764685323098,0.0053697052737537,-0.0145302946363412
2014-02-14,0.0178224907174587,0.0175400224983703,0.0243969270585823,0.0204091199632529,0.018288157871626,0.0161941816654425,0.0240578365575657,0.0254588537768303,0.0122741605442623,0.0183920856566369,0.0126943693318794,0.0208229035400502,0.0154808226341705,0.020713996216654,0.0202422251122078,0.0243464891536466,0.0204216491243516,0.0159869686165028,0.0206993788620389,0.0185674939120183,0.0320774634423403,0.035535672535845,0.0192304150383546,0.0198449864532716,0.0399717987161282,0.0224523370039599,0.0246320897745882,0.038150412078976,0.0234223832074842,0.0348560458613771,0.0109730553532461,0.0223247965691862,0.0279153725035229,0.033379050524168,0.0061376023205102
2014-02-21,0.0404818451879516,0.0460081511657611,0.0382592456698882,0.044002097389874,0.0474306340843683,0.0443725306428846,0.0604013171030167,0.0517966168946102,0.034909762872947,0.0491058624678341,0.0462208010279758,0.04197916171984,0.0543938702023091,0.0432555493922423,0.0524915444827514,0.0458977676478308,0.0395111217641991,0.0349057046646537,0.0451984571947329,0.0501467117308944,0.0494788929741524,0.0616846848936835,0.0433006766684636,0.042438063913644,0.0598799185014962,0.0402933819948117,0.0563422971680785,0.0626769979855562,0.0535664826954753,0.0624184089531084,0.0372594654747559,0.045971302382105,0.0582879645522085,0.0460794130510379,0.0128081111944196
2014-02-28,0.0229806050827547,0.0471856554579501,0.0416947112270719,0.0301070078108263,0.0478132054848176,0.0328024411806163,0.0563037070599186,0.050983721556504,0.0349824041418618,0.0309603400384389,0.0453124116651388,0.0384487723297173,0.0529919151147764,0.0417338013367192,0.0543125444622809,0.0394484086191634,0.0363314184237576,0.0420084053020011,0.0346533011025488,0.0351202738231906,0.0533260463424673,0.0515929433483521,0.0508333625040431,0.0320783820542026,0.0484827655372002,0.0400993157146604,0.0565980993794618,0.0511627899426064,0.0521934063604452,0.0536064894942526,0.0344387109985512,0.0287033322552743,0.0613390322212955,0.0417132019843324,0.0031315881616642
2014-03-07,0.0214088627356537,0.0200544328833676,0.0128658530346715,0.0281928538807415,0.0264427361145038,0.0280760310164981,0.0326451560211333,0.0424749655981905,0.0109733226339274,0.0247730433405206,0.0197272492612376,0.0262243488825711,0.0252899249112958,0.0302683272974642,0.0269132064249264,0.0284419170484551,0.0194308211771368,0.0216828799029405,0.0037891138396354,0.0231729674570663,0.0288105051058437,0.0349921035223836,0.0253242565285429,0.0324709548521389,0.0335284004518828,0.0229843025048799,0.0376435851840291,0.0372776991520721,0.0309621120626652,0.0370777492701424,0.0159865334653601,0.0130948894256576,0.0330566586000807,0.0424818001331054,0.0056094842670917
2014-03-14,0.0139487933439972,0.009258870547865,0.0067663897925909,0.0135145354282452,0.0132091611275902,0.0097338449839305,0.0239348461798277,0.0226518043104602,-0.0048155961191243,-0.0116108790186234,0.0241622325821616,0.0103273673426395,0.0238939730042015,0.0153143645756443,0.0142195585572447,0.0166785263874423,0.0120930572092474,0.006833572138735,-0.012738414897965,0.0088924213339717,0.0182960705676812,0.0287162247170581,0.017332340595255,0.0202903996542667,0.0157619336788608,0.0213664134080107,0.0225318470210746,0.0247501172614739,0.014274682533568,0.0282879176851138,-0.000408810057364,0.004985196307642,0.0281252079936366,0.0285403604403219,0.0045603345242178
2014-03-21,0.042397542952503,0.0497551699386592,0.05055075496468,0.0461680708145,0.0468770390048569,0.0315138306190459,0.0373208326418836,0.034965439529991,0.0294988356262115,0.0361316960942817,0.0516219117343916,0.0287612285451793,0.0503537069451428,0.0404178796345778,0.0404312652030455,0.0391826718280635,0.0294315964915827,0.0349128311329897,0.0220953710943746,0.023113608174795,0.0523258992481093,0.0392947370524448,0.0474034342671592,0.0411620238536988,0.0328376010820504,0.0410564957674064,0.0392668763924945,0.0356403212145986,0.0388628190001418,0.0387141769316916,0.0291095646176313,0.0303321650864027,0.0588032692173504,0.0462392011027532,0.0387705208361722
2014-03-28,0.0266692517245954,0.0162377942728699,0.0162732166833141,0.0371513572046851,0.017495758710361,0.0215337673296234,0.0216953436046429,0.0262853527096211,0.0126734837100422,0.0283911265861738,0.0255559290449896,0.0269580693161928,0.0251956450240566,0.0329290894871793,0.0258357356520186,0.0351173604810738,0.013035787434413,0.0262817793881543,0.0134276099013353,0.0274631505374318,0.0271727793278053,0.0325389760000889,0.0164574757815575,0.0335907754057449,0.0116813432367011,0.0282018959102374,0.023539954290515,0.0295962680912955,0.0224642291672118,0.029077515031401,0.0334624465565467,0.0368191936700777,0.0244722804697383,0.0298619367742603,0.0472807913921842
2014-04-04,0.0203739603028668,0.0315481862941066,0.025853831597472,0.0202165428487881,0.0245997859247224,0.0236232060315655,0.0313056760456538,0.022026765718342,0.0253750396377371,0.0220524569942302,0.0313014720186902,0.0269517054537618,0.0294227390801011,0.0345756304997654,0.0265520114828221,0.0239975201360217,0.0185735468295611,0.025302169837036,0.0306920438136813,0.0251020892945126,0.03163234451119,0.020735039507623,0.0320792170069426,0.0239743201353711,0.0230248328604236,0.02152368382504,0.0286146316748899,0.0225704865389581,0.0344442157309796,0.0224027925745241,0.0338312063178166,0.0274909108380096,0.0313726290676655,0.029277933706913,0.0316978961908805
2014-04-11,0.0044594271968637,0.0302829626358818,0.0227868679799846,-0.0011482938894221,0.020193340046429,0.0239437756397175,0.0094038879692239,0.0140297958540931,0.0246621640836317,0.0043100174354741,0.025538262831235,0.0246731270640272,0.0299362973378842,0.0312335311466789,0.0168201875927502,0.0120339069660959,0.0097882187390878,0.0140526614989179,0.0356165307087857,0.0286049216758578,0.032297410087056,0.0128157240822982,0.0341592373862172,0.0198819914031978,0.019667900057475,0.0161118224451975,0.0109844365142386,0.0110583583249052,0.0251650516557722,0.0103139719560532,0.0264884400035105,0.0198165267488363,0.0346970498816175,0.0339545428808333,0.013711712808619
2014-04-18,0.0201648558683055,0.0368435814405449,0.0342592673559385,0.0282881809112773,0.0349557029354999,0.0473588594468155,0.0363189682197737,0.0354210266857432,0.0397619299587492,0.0358713149916915,0.0396387013173623,0.0471874243809364,0.0412070376614535,0.0420403422854736,0.0304704903981779,0.0341236383481228,0.0414531849350666,0.0411696815575866,0.0473509542132171,0.0409193491603038,0.0356047071134708,0.0322620333379888,0.0405919794865816,0.0446028780079993,0.0472794971016708,0.0469530574554308,0.03374015701631,0.0306626960778254,0.0403731130191121,0.0301766017138137,0.0406451460576454,0.0470491602952545,0.038272645950642,0.0370322992985944,0.0458126887577159
2014-04-25,0.0220221449946292,0.0625266840788012,0.0549716458448224,0.0461740849253928,0.0565504358953828,0.0521951476315217,0.0458527561796401,0.0352440837484352,0.0528606793727248,0.036328354305532,0.0611206176206891,0.0497076118786872,0.0613135704752816,0.0470692928064173,0.0392968717305804,0.0326182132474292,0.0457100644315261,0.0396387406189188,0.0498306971270603,0.0325117779631218,0.0497945962703946,0.0288316690831934,0.0642408520080178,0.0393701626938973,0.0568421992843834,0.0476241878705113,0.0397526450459846,0.0305909634170822,0.0468274793096135,0.0318835919357107,0.0561671755075915,0.0496691769149096,0.0512986948933708,0.0471604785909262,0.040973694279845
2014-05-02,0.0197386744810542,0.0474251938535568,0.0386554191856589,0.0412424895064576,0.0426743776959568,0.0391442511053368,0.0279514833262631,0.0302085457518558,0.0435378674554638,0.0235978819784106,0.0450969075633874,0.0389919160001527,0.0458843842683806,0.0398617401808692,0.0369647467150407,0.0320311595813251,0.032261207219884,0.0292914451591856,0.0407320278558205,0.0216190705918003,0.0430583054204826,0.025147961197794,0.0460595850891501,0.0297275932341701,0.0418547653906813,0.0281033549372123,0.0218041592895797,0.0298675684930918,0.0327920626168541,0.028205787163112,0.0340329911815992,0.0246874024264413,0.0455758516060554,0.0403601509814005,0.0332563293420856
2014-05-09,0.0300749985261715,0.0764989797412026,0.0651910502032249,0.052993666469945,0.067638618603485,0.0576211200785608,0.0569414839018099,0.0572052467189061,0.0603719686739838,0.0272695783134182,0.07044011844143,0.0558108478071229,0.0665714925806909,0.0556243947812445,0.0577117591441265,0.0552654452638051,0.0710134340533823,0.0522781196599509,0.0520891575941953,0.0275984193523307,0.0672744941912986,0.0421160377121001,0.0722519588627912,0.0511739852989674,0.0657433526062051,0.064947046075162,0.0496122647903698,0.0424368811864038,0.0590751086874288,0.043946382302556,0.0571498910266142,0.0429761679450208,0.0716985587548647,0.0574130265837411,0.0476531750912124
2014-05-16,0.037611857481322,0.0748427625999361,0.0694306867723288,0.0704006704947082,0.0767766004391235,0.0604544083719043,0.0553904395607397,0.0581125860376245,0.0593972015507044,0.032962159099871,0.0782263897843843,0.0570429636762321,0.0712273254492959,0.0619757049423243,0.0635890965323999,0.0546048030364082,0.0635373913080541,0.0482697343635124,0.0596059083529273,0.0329686026080721,0.0646332591784609,0.0439115654384797,0.0775086458342698,0.0567622781726401,0.0780253837602554,0.0777575852730658,0.0594792384112167,0.0483648153991637,0.0645771535094898,0.048027081274181,0.05303840190858,0.0562511979611726,0.0708187127341005,0.0610467396502011,0.0538512268943457
2014-05-23,0.0285956315524781,0.0369142413597039,0.0285179490139473,0.0469833703351549,0.0308163184755186,0.0307698029232129,0.0500411805816775,0.041897200095664,0.0291235909020493,0.0168560145350333,0.037367180449566,0.0297243776314931,0.0310092718776758,0.0345361530977865,0.0312499937763085,0.0401393194253624,0.0570656554519286,0.0366713265812347,0.0394209125619738,0.0223714747707196,0.0368995190381689,0.0357541714489034,0.0383756438882752,0.0328106923578798,0.0466533761644203,0.0550152123179667,0.0436469366288616,0.0373817459255405,0.0458666838437748,0.0384052446942879,0.0184095086876279,0.0287069869655737,0.0333514943851919,0.0318971394400368,0.0429708166312055
2014-05-30,0.0328467576360012,0.0538819705356637,0.0484729065255174,0.048922463960918,0.0477570265897355,0.0495926931240959,0.0654769505341478,0.0573135182567409,0.0452190647785688,0.0382791995758677,0.0516743051703744,0.0467572904658248,0.0485594692361989,0.0434276273664544,0.0444376309651723,0.0500123959019804,0.0579180355811534,0.0489603746371288,0.0602087881911951,0.0573010393258216,0.0510200300834351,0.0583513230180135,0.0552852970794595,0.0330563720832171,0.0609022376435523,0.0635713072099482,0.0620292904550712,0.0632910841282896,0.0637164735076057,0.0628002988325097,0.0389107282570804,0.0418871902230862,0.0506004852667015,0.044522614064345,0.0398310099220992
2014-06-06,0.0281070222357236,0.0487184620455693,0.0442652416725156,0.0441233238833189,0.0408554470028779,0.0389795889684627,0.0606564323473252,0.0464106493131817,0.0463404753621076,0.0352066794244755,0.0406253015615479,0.0460374871617209,0.0434609885374993,0.0452296232864927,0.0595796468206656,0.0417744588811495,0.0539473630562739,0.0413879526897753,0.0527785821485643,0.0405453943107723,0.0449539511207522,0.0477629500168768,0.0468882089533768,0.0322909282090436,0.0492747512447134,0.0473813104753534,0.0583042705823537,0.050215584552961,0.0592067986466146,0.0512934690005545,0.0327372470969709,0.0290045266614288,0.0459180187573197,0.0317450784822329,0.0346737027714635
2014-06-13,0.0145847277307428,0.0471673945598838,0.0378806408104973,0.0330141475159301,0.0361957732244235,0.0384092205979934,0.0555382654186671,0.0375047340980665,0.035954899446483,0.031770907873987,0.039199124237902,0.0323463198930983,0.0405986274260009,0.0299789505849533,0.0530238429032506,0.0318848663042505,0.0471969766456958,0.0367764928964512,0.0516358916656168,0.0345219892664986,0.0442904122442219,0.0326004628033297,0.0383605150771137,0.0341092411985306,0.0410875559240629,0.0408265442865279,0.0462200562942041,0.0396893015954737,0.0461070345085729,0.0409139644522095,0.0313536326902962,0.0297271492863026,0.0363710818781028,0.0250960660093208,0.0122666883732324
2014-06-20,0.0151919808786979,0.0615964163921233,0.0484098095719776,0.0298613000835539,0.0506623027648625,0.0270207542614963,0.0766270163962097,0.0541460408577611,0.044469577375239,0.0288009104112449,0.0468422905192543,0.0270477804520605,0.0430763306547744,0.0261219004408354,0.0555526453505735,0.0442451357352087,0.052217551305778,0.0385377945152008,0.0523261220368376,0.036954898491984,0.0570418816444213,0.0553184183656838,0.0513994654109411,0.0321634966154074,0.0491701153352635,0.043632386759486,0.0713121762311196,0.0557848531373176,0.0681956215548518,0.0567756581350705,0.0496031556760277,0.0310420650299276,0.0513850203780533,0.0379138622882101,0.0306498746208782
2014-06-27,-0.0007792931886275,0.0331871891565865,0.0243677766267541,0.0018634532333677,0.0232395450354798,0.007700381638554,0.0428620531965489,0.0354071578040404,0.0296616198690353,0.0191704268758318,0.0252980728511382,0.0196375852690938,0.0184900240521467,0.0130485024697247,0.0404778598475539,0.0222775482249922,0.0350985023412959,0.0246563292787988,0.0228060975093913,0.0243928278216261,0.0280586526712353,0.0275778862214996,0.0221671374031488,0.015383985162024,0.025379566552975,0.0191125926358186,0.0363874017811631,0.0308274282526177,0.0284644201733603,0.0294095615502611,0.0296798670356706,0.0210331842426753,0.025551986813977,0.0218151835788971,0.0135705569998976
2014-07-04,0.024130116537375,0.0451639761999359,0.0368272434610773,0.0202330317955752,0.0385766540632567,0.0331766735583029,0.0600793524736622,0.0554465630097871,0.041796859742387,0.0386706522448664,0.0402767616976311,0.0309102729572704,0.0369330682112881,0.0283632601376091,0.0578703952058356,0.042946801549105,0.049596404938987,0.038131237843211,0.0420750144922156,0.0332493224797103,0.043132801218924,0.0548349604621243,0.037779819804775,0.0338349680131704,0.0355144943463426,0.0273930207369096,0.0550845471371499,0.0574268220873901,0.049460169012373,0.058370950882087,0.0431684345165277,0.0315608878221371,0.0417795038689852,0.0320691230883893,0.0233368148902936
2014-07-11,0.0407939740783918,0.0453346834660777,0.0459288884795562,0.0341721289611448,0.0431893377827192,0.0399640022389294,0.0533161895307239,0.0474951998110084,0.0381468297735777,0.0418843082064892,0.0401839079977235,0.0481768310410543,0.0337188319336098,0.0432146231138697,0.0479883403906595,0.0371977870110609,0.0432469576888562,0.0390908154698643,0.0359339801868278,0.0368206524658399,0.0431937818712244,0.0494279185774966,0.0402376967930801,0.0451428977918526,0.0448434581732578,0.0473493111124914,0.043957705360833,0.0507338676203139,0.0445247097563299,0.050365314763241,0.0496069080731561,0.0346018263462727,0.0481955268616626,0.0493063957435428,0.0423132393694609
2014-07-18,0.031572972312332,0.0395785621315058,0.0357185200186414,0.0359769553246139,0.0353623854308264,0.031291991018242,0.0406605392643664,0.0356047164595721,0.0403725027631104,0.0384751121576587,0.0374879966506918,0.0330447498767904,0.0303577895650203,0.0329580935279034,0.0439899835504504,0.0376278738014615,0.0377192847464821,0.0310626967853465,0.0307769608951229,0.0287061042178285,0.0383738852722332,0.0447034797186309,0.0321054870792973,0.0335340131563466,0.0399944356834532,0.0453146753829042,0.0389225043164253,0.0453622213442404,0.0361962802430357,0.0450810866760815,0.0318617756839322,0.0334817125988768,0.0367981200891106,0.0373597759291529,0.0232255886164539
2014-07-25,0.019653957905859,0.0426210228042491,0.0348868932993361,0.0261349064261378,0.0288414314571754,0.0317731018671266,0.0432578293291812,0.0323589424797932,0.0438791380494848,0.0281593643263977,0.0351621566564327,0.0212878039946199,0.0359398334686669,0.0254984852077975,0.0311175587124949,0.0311442368978046,0.0363208843120202,0.0111574956168114,0.0342543273100868,0.0268923818379352,0.0380481811539467,0.0451473542112564,0.0338902394747338,0.0232963783510249,0.0342660472065234,0.0228368350433791,0.0389256312950556,0.0451897617312573,0.0327706809467108,0.0451897617312573,0.0323521572765931,0.0225638848237371,0.0359396792595033,0.0447055449574291,0.0139984910385426
2014-08-01,0.0221700372409656,0.0348547039384696,0.0329590999133866,0.0229462009640823,0.0294354868557198,0.0235756442067375,0.0371779328004134,0.0311899418836862,0.0379302621838771,0.0270036103689135,0.0251007324076532,0.0181390932392556,0.0305926904764065,0.0219207052852445,0.032206306224605,0.0191893518683823,0.0361361864354485,0.0183441614213353,0.0367908569337105,0.0335020275984701,0.0309930764288897,0.0284031813655526,0.025531298205801,0.0255480131972459,0.0346435996067869,0.0337132865181219,0.0385710035226016,0.0285239007482108,0.0302046859990678,0.0292994453975703,0.0318483268244915,0.0228637093859325,0.0324831869625224,0.0335938052829782,0.0153037354311801
2014-08-08,0.0156858679130047,0.0492746241971839,0.0446221007137223,0.023709480868823,0.044131352232405,0.0364945076953123,0.0406309499453984,0.0281639431004489,0.0456076508721999,0.0277787336032015,0.0395936435938467,0.0176206453595193,0.0389532386506284,0.0302419854308043,0.0421463775142944,0.023642603137411,0.0550946234195445,0.0326263558316133,0.0410941055165526,0.0413641107165658,0.0429591991729946,0.0398026949640648,0.0379754830995415,0.0357585408654843,0.042844306660056,0.0350836837575991,0.0424360251249321,0.0394851426589684,0.0360552036227735,0.0404251723102844,0.0382612334064838,0.0177851115754627,0.0411762606784504,0.0379135939168595,0.0091206259999826
2014-08-15,-0.0023271061015502,0.04972786762909,0.0413760061187361,0.0109822334074239,0.0319098676635731,0.017354037914892,0.0453751949980878,0.0354064116684717,0.0209483489372069,0.0098973804517278,0.0275169429147231,0.0182270361779525,0.0298608404622823,0.0196284157373863,0.0312932920433026,0.0155501344394506,0.033593563217119,0.0179313811846744,0.0532557187759251,0.0267279018817071,0.0407922287434737,0.0409537090980826,0.030920427784264,0.0160476006436393,0.0432456630135955,0.0237594253143779,0.04090286397185,0.0381336877450002,0.0358732766392797,0.040577392392201,0.0229521804707354,0.0107289493526729,0.0437040537966981,0.0284633841378973,-0.0009539738344678
2014-08-22,0.0124265715007027,0.0452374288222856,0.0292721618954588,0.0056247498448343,0.0325328476467742,0.0170177027010384,0.0403275037867322,0.02577086534451,0.0444103289260621,0.0226147382129307,0.0252397264523872,0.0181193474354858,0.0346551986660541,0.018250675581359,0.0423903319773069,0.0143270503886452,0.0296445732443679,0.0145390020485317,0.0497018769043883,0.0287859013265661,0.0347901485713459,0.029691026245606,0.026698823094667,0.0166906420787618,0.0351745274731163,0.0178639346625764,0.0323621525506992,0.0311310692839882,0.0330809930613841,0.0323163294206642,0.0294082140753563,0.0112068259156499,0.0362144448296473,0.0207341002678899,0.0103568147268924
2014-08-29,0.0132899405642103,0.0358920543209078,0.0166631767768474,0.0015760743314963,0.0202670925309694,0.0127592360976035,0.0365770953131505,0.0326465800991343,0.0288047514982045,0.0149480971865419,0.0276878348089279,0.0142458375871742,0.023191392076299,0.0167664872463468,0.0411814086425475,0.0102566697017375,0.0164482218121506,0.0120638953120226,0.0454781492499643,0.0281874046134938,0.0274680052254268,0.0291398422295642,0.0150806553688677,0.017387136292183,0.022914796770592,0.0125123602420264,0.031441605779843,0.0256705288527504,0.0318381796064452,0.0239296609565121,0.011441202071204,0.0089205524120313,0.037854717177204,0.0222697746307338,0.0142640780962487
2014-09-05,0.0141087679052064,0.0339108463068021,0.0140505544194409,0.0054978793018698,0.0194399306878692,0.015064347765885,0.0277894077890891,0.0084664532565789,0.0218144446503731,0.0144017182500154,0.0241666774404278,0.0186826846439225,0.0220237621436646,0.0179216727680126,0.0381203401416473,0.0172687716513815,0.0184863906528373,0.0166047299485257,0.0409798618790868,0.0317182688944309,0.0238892611524673,0.0136352145358258,0.0053856888912975,0.0088737907472721,0.0129046431349523,0.0056668710112213,0.0205447316400922,0.012595217275304,0.0216853079959662,0.012595217275304,0.0048631797063944,0.0176489637700062,0.0290282095953383,0.0201055414873763,0.0285358270661414
2014-09-12,0.0405917396999696,0.0378024389442704,0.0331970758862148,0.0272867630944594,0.0347044230085125,0.0427032857314767,0.044858933873145,0.039662917758466,0.0276928175230157,0.0508776118498681,0.0327571573373561,0.0412343704480338,0.0278728486369955,0.0439242841527987,0.0533312642501977,0.0603271189820655,0.0234171179428805,0.0278989948880196,0.0323468502053201,0.0456814382276527,0.028001217279072,0.0368238444168342,0.0157586290058396,0.0422521841475414,0.0264859947799598,0.0340778580291499,0.050352796738949,0.0367621014626084,0.0469438611310191,0.0367621014626084,0.0393088408168855,0.0436473859040004,0.0326084702230982,0.0383752936492931,0.0492029917240302
2014-09-19,0.0375701619803278,0.0689774861596284,0.0566528432154735,0.0484868897268999,0.0689296883831249,0.0516104993532777,0.0651859059319562,0.0516318133205826,0.0658342322807247,0.0528066264736749,0.0580186867770228,0.0491811842588858,0.0584370131502469,0.0530840261675542,0.0696820396170982,0.0625730362236098,0.0461916617551802,0.0379872158778918,0.0549709485118724,0.0486499256708371,0.0635073514769626,0.0574809067512166,0.0573767228065543,0.0538939569251424,0.0526023941302454,0.0352860681706331,0.065481279344533,0.0575842953985913,0.0698729109660978,0.0575842953985913,0.067189896036994,0.043918224929138,0.0555198626997036,0.06783392778041,0.0550735418619596
2014-09-26,0.0299997462169407,0.0968678717317308,0.0898996701636621,0.0674473745830293,0.0887190268703136,0.0542165546996282,0.0820651436651745,0.0634483855195245,0.0845252021911341,0.0606278094152559,0.0849499215299639,0.052109844820902,0.082651562227152,0.0560269487605663,0.0945763621781727,0.0630228696327975,0.0646690155173165,0.0391213348078535,0.0675662195293036,0.052578692913241,0.0864426522894666,0.0612515064188262,0.083238140098709,0.0579428057631043,0.0601008133264154,0.0497624181676176,0.0814036902912731,0.0603980850016803,0.0877762327790929,0.0610657514491804,0.0916254708379091,0.0620467798394706,0.0928797151569662,0.0745605473057401,0.0619609119761438
2014-10-03,0.0543504521611441,0.0623372203507319,0.0654133418348079,0.0555758710685696,0.0607269554876653,0.0588441353781386,0.0649814817858642,0.0661024597615719,0.066687136756618,0.0678840426489427,0.0623946465001107,0.0620910950191209,0.0589774096959135,0.0602018674904704,0.0756604068685346,0.065192285875037,0.0600516135120174,0.0643404195025287,0.0483167457577459,0.0552516556609056,0.0670167984705372,0.0660186827565283,0.061175635011809,0.054791122411383,0.0588873854572242,0.0575208431435971,0.0719242407774507,0.0660186827565283,0.0787583940148888,0.0660186827565283,0.069908146350149,0.073166318974598,0.060050812584627,0.0525192117755639,0.0699400232602899
2014-10-10,0.0333642565523614,0.0577216315312949,0.0480899636981478,0.0372474621698376,0.0634868441737291,0.0523342853716356,0.0605270454916294,0.0395766768379833,0.0536993427198504,0.0442206099900458,0.0626557296112762,0.0478596354376231,0.0533585213217592,0.0493245553883032,0.0542154068783968,0.0317741862111724,0.0531322197790759,0.0489445942927942,0.0542598618433652,0.0353515223414203,0.0534645045353434,0.0416813617192958,0.0553780008535489,0.0510518562735251,0.0570486055515648,0.0462586124239056,0.0597550431470873,0.0423945739833542,0.0607111470313355,0.0418276121112933,0.0574530490915492,0.0496205996839986,0.0569606620339098,0.0312002983844244,0.0464472238875941
2014-10-17,0.0390360445303204,0.0469121167714649,0.0447751143746469,0.0261426004247673,0.0423406687824153,0.0339276575774535,0.053802435435963,0.0437858299103898,0.054546605933496,0.0521266071369456,0.0429869221092203,0.048752798785533,0.0420697111034171,0.0457451364446624,0.0529173284205624,0.0431885351689488,0.0579544445147354,0.0562946682109193,0.0544822374327387,0.0512747277516117,0.0387686182902664,0.0470140466653265,0.0430345965349682,0.0445738223548224,0.0595039436115184,0.0338650547961684,0.0532568281190703,0.047849874055459,0.0503928311352514,0.046824954161855,0.057486368334665,0.0623358366049346,0.0417932957460504,0.0299104852583722,0.0498050070709792
2014-10-24,0.0230807079940234,0.0321420208096714,0.0269885612070216,0.0118702522684147,0.0296994922450363,0.0197741984747719,0.0341263747287225,0.0233334164757098,0.0296889226887681,0.0347408502954086,0.0342083688621974,0.0323953696726083,0.0382228785066299,0.0260108772522083,0.0298490674807113,0.0287391039277529,0.0375616406606963,0.034846866147675,0.0415828763863904,0.0317099499630914,0.0296346336042993,0.0294850583686243,0.0359340891401775,0.0314871885574984,0.0438708650288831,0.0270500568071278,0.0342384760830828,0.030047166588345,0.0303322243180039,0.0300196216841308,0.0467019046608552,0.0457357511310618,0.0330412336185153,0.0309483013326095,0.0279896263014586
2014-10-31,0.0183221815863996,0.0232410749918077,0.0092817991091043,0.002702470623113,0.0090603763847688,0.0162746486461386,0.0219226530812599,0.0180830387715188,0.0198051806685814,0.0164005710594824,0.0155793311109378,0.0094191690145702,0.0195848556489699,0.011326823009996,0.0256457538752919,0.0173362859292486,0.0376830270641845,0.0246198704031936,0.02863198116957,0.0255858505603513,0.0168249123428052,0.0150943024378714,0.011374337943051,0.0119371468365638,0.0284550938940385,0.0147504072293249,0.0215660558609066,0.0148009016466309,0.0240129965057585,0.0156208870754908,0.030493531566586,0.0325957929280885,0.0147278258750017,0.0126630432890773,0.011519862226467
2014-11-07,0.0258694249912494,0.0409348585995101,0.0301488818813108,0.0218030166907804,0.0253502757074928,0.03601038120247,0.042519955534764,0.0382140242243783,0.0368404874350066,0.0353441343998698,0.0269517431570534,0.0327559073430723,0.0339284578527036,0.0307911607175818,0.0525019085706638,0.0378015558887926,0.0492829950273231,0.0447851633329296,0.0611612371639694,0.0470514677047181,0.042294218021821,0.0360459415185269,0.025674704846497,0.0340963902703823,0.0423617356263168,0.0414749208721387,0.049170674557663,0.0345936080816809,0.050806449096283,0.0340519007119674,0.0465824475008655,0.0450096476188751,0.0349556340306132,0.0285908074165421,0.0222627943455256
2014-11-14,0.0285649028285075,0.0384862424756449,0.0226669163341114,0.0098810627015484,0.0201886031677672,0.0413898554903057,0.0479909964140808,0.0354612492742193,0.044525000942959,0.0366301375217176,0.022990700262959,0.0440949116213714,0.031126909900805,0.0441674568081453,0.0499013529991244,0.0364274192617069,0.046713133362208,0.0504124668150308,0.0533031255668036,0.0364684025815076,0.0376030595503984,0.0328937463544389,0.0170278627682651,0.0281583671389893,0.0383585030429715,0.0475854028698454,0.0504027313137754,0.0346549299363762,0.0422560010536051,0.0336879748278197,0.0528242017147254,0.0322918725429584,0.0316823045450019,0.021037476067549,0.0364570968381143
2014-11-21,0.0284126083798036,0.051390545839306,0.0396232613203959,0.0353754055553644,0.0410651176735042,0.0472196965884159,0.0568625819394897,0.0540212583028876,0.0630675567482763,0.0391758211411322,0.0313164166449485,0.0542581661030663,0.0360076306788365,0.0545032377240595,0.0662987028287773,0.0505056344663074,0.0547911694043296,0.0444480794218466,0.0681862723990539,0.0460386115117137,0.0414238547996858,0.0440146119359002,0.0423394587033583,0.0387841147385837,0.054950363910215,0.0620448811946889,0.0634545532542009,0.0418267079575774,0.0577962404468867,0.0398596981309122,0.0719036368076882,0.0431811172300365,0.0462882360327766,0.0313862801115352,0.0476855053645126
