,lightgbm-goss_numerai_1_0_10-all,lightgbm-goss_numerai_1_0_10-baseline,lightgbm-goss_numerai_1_0_10-high_autocorrelation_small,lightgbm-goss_numerai_1_0_10-high_autocorrelation_standard,lightgbm-goss_numerai_1_0_10-high_calmar_small,lightgbm-goss_numerai_1_0_10-high_calmar_standard,lightgbm-goss_numerai_1_0_10-high_drawdown_small,lightgbm-goss_numerai_1_0_10-high_drawdown_standard,lightgbm-goss_numerai_1_0_10-high_kurt_small,lightgbm-goss_numerai_1_0_10-high_kurt_standard,lightgbm-goss_numerai_1_0_10-high_mean_small,lightgbm-goss_numerai_1_0_10-high_mean_standard,lightgbm-goss_numerai_1_0_10-high_sharpe_small,lightgbm-goss_numerai_1_0_10-high_sharpe_standard,lightgbm-goss_numerai_1_0_10-high_skew_small,lightgbm-goss_numerai_1_0_10-high_skew_standard,lightgbm-goss_numerai_1_0_10-high_volatility_small,lightgbm-goss_numerai_1_0_10-high_volatility_standard,lightgbm-goss_numerai_1_0_10-low_autocorrelation_small,lightgbm-goss_numerai_1_0_10-low_autocorrelation_standard,lightgbm-goss_numerai_1_0_10-low_calmar_small,lightgbm-goss_numerai_1_0_10-low_calmar_standard,lightgbm-goss_numerai_1_0_10-low_drawdown_small,lightgbm-goss_numerai_1_0_10-low_drawdown_standard,lightgbm-goss_numerai_1_0_10-low_kurt_small,lightgbm-goss_numerai_1_0_10-low_kurt_standard,lightgbm-goss_numerai_1_0_10-low_mean_small,lightgbm-goss_numerai_1_0_10-low_mean_standard,lightgbm-goss_numerai_1_0_10-low_sharpe_small,lightgbm-goss_numerai_1_0_10-low_sharpe_standard,lightgbm-goss_numerai_1_0_10-low_skew_small,lightgbm-goss_numerai_1_0_10-low_skew_standard,lightgbm-goss_numerai_1_0_10-low_volatility_small,lightgbm-goss_numerai_1_0_10-low_volatility_standard,lightgbm-goss_numerai_1_0_10-optimizer
2012-12-21,0.019451785120716145,0.07712564897428095,0.04797182123654941,0.03074866279856139,0.05161987425962857,0.03785719704154304,0.04327093357355263,0.03380473388962911,0.04627987416088396,0.0400246300863554,0.059180709304596485,0.0355447616807998,0.05968185099150312,0.03310556807008815,0.050294708926750295,0.03725837358479568,0.048384213144242745,0.039612618263369585,0.08027484044664257,0.07874613975287052,0.07246048890173784,0.03261107786556368,0.0791446585687382,0.0663240212983191,0.05385287191649352,0.047757073376782824,0.043684845820076174,0.0316331199130337,0.046088501510631784,0.03137143159188451,0.041366329104012126,0.03274790836028219,0.07294262635326691,0.05875748498273791,0.04749405475915718
2012-12-28,0.025037638870055168,0.09081100494521684,0.06789111069555688,0.046101097438167274,0.0610008651825446,0.048251411499005165,0.06974792468644947,0.06522044941393863,0.06521552618695889,0.04858372932013675,0.0663823309811543,0.039720973982208266,0.07174599742068344,0.0459971416069415,0.07025539577512901,0.051059544426288114,0.0732434158420559,0.04424295796308789,0.09196512256177235,0.08677793487397802,0.0899151665893674,0.05758850082094199,0.08820737489205349,0.0734083439458768,0.0630453298633183,0.05743360852596442,0.06821623303110275,0.05946349288068275,0.07066250877537578,0.060821735462436,0.06851920084523985,0.04872385193417516,0.08749085601161932,0.08539999938430588,0.06251229586532085
2013-01-04,0.020567707617265802,0.05384115509152285,0.06697915793624395,0.04524980869950086,0.05618873776592131,0.052930642336144744,0.057932894397015836,0.04892322561836463,0.04876445469945949,0.043095171156115,0.06903330510534718,0.05396652577046486,0.06891112894701895,0.054367131906092596,0.06535950094033968,0.04278111453359775,0.0683349066852364,0.0407736305248069,0.051352033431469594,0.036771248006894554,0.058594891679621536,0.058960258416175186,0.044789566657747776,0.037005531923815525,0.06111876842099774,0.042064321921662616,0.061981359206025086,0.05066622051102818,0.059625353667930266,0.05216796105618458,0.05623036672636598,0.043513784237423435,0.0524802750710553,0.060917206803216994,0.04522328233865937
2013-01-11,0.02649384657579821,0.05564088403224445,0.0601566706161255,0.04348114771875608,0.06766625908631595,0.054255181284401696,0.06082751283382193,0.05475379581526261,0.0511122182180537,0.05824698080729622,0.06430724253782157,0.06064548200856166,0.0693746962298362,0.0605451440035079,0.07852717536898124,0.06042346975600019,0.057763359311673236,0.05007308554502593,0.058525313051200074,0.05183534384068234,0.0610479873391795,0.05813703188221821,0.05143552956767132,0.04480341809569987,0.06756745882846601,0.061683269152786026,0.06623211760028923,0.05973282904305372,0.06985370448384756,0.05681476150527441,0.049831082578813926,0.040859288736125855,0.05078160256921762,0.056761517008339805,0.05772030238996439
2013-01-18,0.04236985518385349,0.03720616712496899,0.05268443800439084,0.050772830758220214,0.04867771990965519,0.048684785084773405,0.06026670756097297,0.05659396220358151,0.040246674585494545,0.04961261443340424,0.04899660754336861,0.0500911368346532,0.05649829591346749,0.04597653160635584,0.06407407314696802,0.0478172961506656,0.060697683243183274,0.04334943216645819,0.0365544522588583,0.04286747265298951,0.041335857257770794,0.05863121499644881,0.03250457931069797,0.03539480878607894,0.06341338379807675,0.06484876005114493,0.05718380885061189,0.06035187156374913,0.06205305116180472,0.06282258239765207,0.046528760969648766,0.04275061083752089,0.03220497769555048,0.045934331506325504,0.05091451616194201
2013-01-25,0.022589778229317004,0.019945971948650686,0.03464530923286004,0.03356404753236878,0.03681725293093688,0.03184917664931054,0.04403621500029091,0.0385087614772011,0.029591319841733077,0.020913530564345653,0.024372098439570913,0.03634548445245106,0.03300843840974312,0.028524753804709015,0.042914069210410084,0.031936973818230026,0.035376135881440895,0.03164381417265336,0.015272091446414053,0.006902911101838048,0.023374112165393868,0.03562106360589442,0.014874178097148064,0.01976745721984515,0.045763897487397495,0.048101073196509525,0.03966161743560954,0.04211786569999436,0.04094466189986212,0.04293837357691357,0.02724283977610779,0.024985548186355993,0.017353035074559344,0.02723963687509572,0.02717426001326083
2013-02-01,0.0008166783376457665,0.010040437698980099,0.01756933002698467,0.005687660682256684,0.005396413325909338,0.0023951945438032032,0.030539286249056392,0.017675676071859596,0.012637393242018607,0.008116759975558342,0.0003082923670241727,0.0041600942362745325,0.004400947648012161,0.0003344156986049529,0.017987859147842615,-0.0027701847786931956,0.01558173356458362,0.011052207249074597,0.0004602152882740679,-0.003623917487375509,0.007642278754435203,0.028040524738206007,-0.0031796355786471615,0.0015057043670705878,0.017424076892521373,0.009415700952244931,0.03205518056816203,0.025427450492707837,0.0286404350052879,0.027678688805034,0.01346907859993418,0.013539296633048458,0.008651825093326265,0.002494129714470827,0.00873038035992378
2013-02-08,-0.010002761657922153,0.013642362616171525,0.012602212745148283,0.001181434359146394,-0.006978348797928194,-0.00679901899290533,0.019400308309603445,0.0060312805794347215,0.013743754995247376,-0.009898044871672984,-0.004235027558165697,-0.007393337543434203,-0.0014438727246844701,-0.008767583762975902,0.010944843362784713,-0.0040989142046107775,0.005747049302472652,-0.004027440842567695,0.008318428164813638,-0.005007198428197138,0.014787413829628528,0.011227966525606571,0.0019901729958045284,0.009110175717988656,0.011527711400531467,0.0054197862597327165,0.019129743773703897,0.01324362614663577,0.01939735333856292,0.015407403691072092,0.011528450143291603,0.0019619160852293533,0.009833589565851168,-0.00393602142600094,0.007697330189229879
2013-02-15,-0.002426336797826557,0.02933457887658648,0.020952687951834723,-0.0037145752046175862,-0.0010795252490864674,0.0008873089573106063,0.0280072297538577,0.02527394003493101,0.026863941337586197,-0.0059642657863762565,0.005297903617683634,0.0012963941607333051,0.010625093806341777,-0.0028988144523460356,0.021465202943888963,0.0050358073432660005,0.004299750549975767,-0.0036007653655140384,0.023027956614055205,0.0042539671130725435,0.03265063411767382,0.011383578922973281,0.02030856874843918,0.018273337423753516,0.019180479691787364,0.014963028113410921,0.029330686189035803,0.016504836324589035,0.025668938026998874,0.01777917287806936,0.030999093944363298,-0.0031271755627297134,0.02250580300370551,0.015737083305750393,-0.002580740048597333
2013-02-22,0.006941257331876899,0.021298406982494085,0.030241868090622386,0.008610254214406232,0.008366272638189108,0.0029755385858225873,0.031451779761453316,0.02607067168933206,0.016903406425732095,0.0008655977620571372,0.011162990129454988,0.0031652814656576,0.01138179606503058,0.002190650965822098,0.012208519676097134,0.009668186466364422,0.015552066891297296,0.011737216874087422,0.018685693691148277,0.0027824636359026524,0.024155656965533706,0.01857610560835577,0.011263137347006938,0.0005731160546041259,0.024405747336906522,0.024152139780444105,0.028900154536432864,0.023704901929047603,0.025526988920477972,0.02344648138246252,0.01883026850983234,-0.0008374602813401313,0.02100462935523934,0.01608186603479764,0.013542643515093229
2013-03-01,0.02849545893533845,0.021686792332871907,0.04086034248647105,0.026453832186082497,0.03195990283709958,0.024280768647103254,0.036134550323388026,0.03423678104779254,0.0233888893870769,0.022327198985461625,0.028448000799697892,0.02861466042446692,0.030761770295517705,0.02668203908051035,0.025448869087225105,0.03354437426413042,0.03749211253938748,0.039496662620174205,0.018731503677319565,0.029899737753609046,0.02426278646289572,0.02730140482728818,0.017513535118106664,0.014943009693137712,0.033307083585927606,0.025403635551692696,0.03277392109334066,0.03150682594840608,0.028549034721276442,0.03134146400703349,0.029709534444362078,0.030799773880698635,0.020297622153458157,0.009344432754290002,0.03169424850751784
2013-03-08,0.017864690698442067,0.009362742340243571,0.022695946985670113,0.029098768032134972,0.02988712433625376,0.02715012333359133,0.01905641774212166,0.015999514694411,0.009926707539245887,0.01588093031564315,0.02394448422010825,0.02923500217890549,0.025818668959890687,0.02652447582824704,0.01736443008661669,0.022961980467960198,0.03163757684826756,0.035633778486869744,0.015797829324630617,0.01906891966112355,0.012006254683809258,0.009934980867997123,0.012239194851094355,0.009429204703670912,0.027067206194328838,0.01476329552722472,0.01206986738931884,0.011592220542746858,0.015471860171831492,0.011615385863250343,0.014934277654750487,0.025419342958830495,0.005217528814036241,-0.0035477872202846175,0.021787903192283273
2013-03-15,0.0025580754143008084,0.022744039637357143,0.025951575434078233,0.008954219440496042,-0.001792773068803678,0.010737255606687573,0.009029020692338933,0.009106005922337807,0.01392913968167653,0.012286424112007793,0.0009506674914873274,0.010414754832318738,0.027694572000743174,0.00888815410127715,0.012194515031276276,0.002484366151535924,0.007637280612430114,0.016163349335261014,0.02165878437028735,0.008255710426936482,0.02641130283591554,0.007427436711274789,0.016148425484528363,0.009735173629444488,0.03391308580358402,0.009053226450234557,0.008606056922794267,0.00720812890477679,0.010683930140045312,0.00639186706897309,0.0048139428512655675,0.008089910085260402,0.015390585064397565,0.012195971016713608,0.01786885427691466
2013-03-22,0.02126148398945549,0.04998701846400752,0.03985243191124908,0.02265053657937363,0.01724807491665902,0.02680889823774076,0.031170303467298995,0.03135758733892121,0.04085775414189434,0.02133863321641533,0.021231980365843776,0.026683553650471075,0.05067824600122328,0.026085051571490485,0.033311606833155656,0.026038138977424678,0.021434840684714396,0.03226706860590851,0.04273444115684838,0.031106165155099594,0.04751531094819067,0.03549469172810221,0.04721935845047064,0.026991051044386975,0.05032475227484435,0.0346268087378842,0.023352209714834926,0.032809312222474164,0.02860587049324696,0.03474372371840767,0.021110850581947206,0.012899130844899477,0.0426298040818031,0.032099392732587245,0.038915096291535216
2013-03-29,0.036955747611774635,0.058564717489754045,0.04617067444688219,0.040389598913499844,0.03767998272463652,0.040578752514585766,0.04453359942162307,0.0479881222484186,0.05365486412543859,0.048666075097184965,0.04158159588127148,0.040703513400408384,0.05723323316880582,0.04125231495094784,0.04058424053009118,0.03859739598328824,0.03360897282273503,0.0371454500144111,0.05044620439328471,0.04526076147608785,0.05643527571432152,0.0420797247553111,0.06270350409073268,0.04856820548733879,0.0612647293590685,0.04253559590995919,0.036730921909903666,0.046240189309950525,0.036132179418265145,0.045475159948498566,0.037232160659396336,0.023437301951187057,0.05508595563539523,0.030585076279262755,0.05397408369400237
2013-04-05,0.028971589459560486,0.07553201360010213,0.04668933807708098,0.034929847700683206,0.040729260298231165,0.04074891130568372,0.042296974003890285,0.03932676061819164,0.05276677603932798,0.03784438323193293,0.035131452480844566,0.04081204926481366,0.06660781757551455,0.040038927684573934,0.044724601239371234,0.05033423605198388,0.03900342876408806,0.03184081850140572,0.053230940113508166,0.038120589058904926,0.061643026933381924,0.04023743925059923,0.07069468126432715,0.05019831658377039,0.05144943072491619,0.03581596257377513,0.038691923905210604,0.04048726178052843,0.02961534190740425,0.04174983900935486,0.036440791829257205,0.024044463248378577,0.0653021173025561,0.03500990736067509,0.05943610962419672
2013-04-12,0.00595270472261956,0.06043909693111839,0.01961446538125133,0.00024683364002075467,0.019536364965350744,0.01724402694423091,0.01985457875292716,0.012766511937761831,0.03748202425056779,0.013454158855435532,0.017234582242773154,0.01653131524191933,0.05475329552592681,0.019243215962412196,0.01937889273143022,0.0065765999054534586,0.004159664476641033,0.003957329910796222,0.06046170941276423,0.028025698544872284,0.05039729023628915,0.006603844236581573,0.05609171869981415,0.04684590085930187,0.014030830530980693,0.007244086018092352,0.016888215979697682,0.013689368247508289,0.018924638917087396,0.012973205596587165,0.021880830473362374,-0.002843400025404566,0.05564182397845183,0.03432150021083191,0.01768011787115498
2013-04-19,0.016088393836023358,0.055724604837504736,0.018074874965429526,0.00962362528106653,0.007814600068906007,0.010577008963957978,0.014687481883743515,0.01269658203129837,0.02507642999516229,0.02701748665172766,0.009522524897934568,0.008870498126301904,0.040214975126725394,0.009634937212046323,0.01278442624531338,-0.00267049945584107,0.002140959686849082,0.006835587792388468,0.05181429985298299,0.030075773241470056,0.04440003609140899,0.014212734280434947,0.04843574421737492,0.043698873119582836,0.02499088351712751,0.01598623295936203,0.018275661740321015,0.014316309148468773,0.020581174673141914,0.013259350597543509,0.011763524474386267,0.007880527416647664,0.05241701367550055,0.03465887277750545,0.027021728625845107
2013-04-26,0.0009774263667013318,0.04264575112178164,0.024896084653131863,0.012067295372256258,0.013025620721182856,0.00488203822876673,0.01746033130511085,0.008411906313537375,0.02244333205640117,0.005873108179592875,0.0017669351013903033,0.0030268746167026665,0.041740999356986316,0.0008384437230832719,0.01409364048647292,0.00013716349906808096,0.003228253918384861,0.00047461481308835917,0.026928796773273443,-0.0006572569259058065,0.03813036125419679,0.028265504188594755,0.040565831977702776,0.020570704656657352,0.01799115768479342,0.013935374910625138,0.02559900210724204,0.01579508638406414,0.028026286680273092,0.015163115567402978,0.011632337910357334,0.0018087754260397062,0.03873213427132839,0.028599681042425096,0.017802694309416063
2013-05-03,0.02085478128416034,0.030766852687490305,0.03959862435145538,0.018447678363496894,0.009158074783669328,0.0004766344473641356,0.03435330634105169,0.026375931913593578,0.00510821138568061,0.022926494771117942,0.005685786537073176,-0.002666921773813252,0.015466958750422373,-0.005843585106472326,0.018762195922572954,0.01735460389473995,0.015009576808104661,0.024928575365991777,0.020203434851748782,0.01195886444303898,0.026348222700723026,0.027751496409667148,0.023886421074133305,0.007129364555647166,0.03346805096882383,0.027155028613135557,0.028050180132817164,0.032064057540064896,0.02875568548129388,0.029954558762829278,0.026495225472899894,0.013965263356801734,0.019701250350958554,0.015201202208800314,0.01771464373210333
2013-05-10,0.013873498637331437,0.008300251304324085,0.01853097175961244,0.018392660973844947,0.008376892551914749,0.008849751462534767,0.008496310369523271,0.009147761299910052,0.002736093907624495,0.021439062971702914,0.0055798420866453105,0.004116706467617919,0.005982832662186908,0.002756056289075468,0.01947455075426842,0.014743644585935628,0.012563289119062428,0.02044450861012748,0.010655277570556135,0.02022028828990133,0.009145266002228683,0.013898273378596494,0.007087180121742731,-0.0034182013523824176,0.020304593704421964,0.0061796047079179664,0.022150401046442628,0.00923563142540408,0.023504991216330352,0.007508350723248595,0.02400993252571085,0.01695483480272861,-0.002287296796074854,0.004940689409116715,0.016372361029676912
2013-05-17,0.005695475319447726,0.010516020877939902,0.016497459209296,0.0009785936369792211,0.0074385896882371355,0.0013623628086006823,0.008506291615759358,0.010670274026137322,0.009429325701065345,0.014312708531998668,0.008814798008117405,0.009242766311900626,0.008976683986155677,0.006954706819670949,0.012160441554241895,0.011000081205079344,-0.005985698536654517,0.008583329460571422,0.0006976007606254911,0.01035111724048727,0.00508112513305464,0.002300129937960588,0.008546053084049456,0.00492704944343048,0.007348593864919789,-0.005654471305273561,0.010815829401127878,0.005765057888955411,0.013195659782223541,0.004001707772911221,0.012373804433191474,0.0023420214849090987,0.006163205091521047,0.0011697681965704872,0.00791590481427325
2013-05-24,0.011320126695371031,0.031243823679767278,0.03309207915273989,0.024729810984651233,0.03646346029396496,0.023322903649420145,0.0368194882545151,0.02877603013394074,0.020563511398963157,0.0294789571329756,0.030061101470837615,0.028324850716478323,0.02632315899744852,0.030830564267233667,0.034834474373873985,0.028931046252858784,0.03173924312512689,0.026649517961286118,0.02403583735148821,0.03081722199652271,0.029854120718624318,0.032417065588481904,0.022617869976062514,0.009638298361016921,0.02905253113880586,0.02424457366563717,0.034435610702093965,0.035722437600926506,0.04287003246573789,0.03696361988943207,0.026674622496965936,0.029889758625918035,0.028010429573803137,0.02491554943744316,0.0320735021176749
2013-05-31,0.020450503752517606,0.029968484102877602,0.032536962053223026,0.01852663326224852,0.03185369034183738,0.008637248448553392,0.025675004644422152,0.03080139201654279,0.01172368488240206,0.013988398569766086,0.026514518172770674,0.014846055172688645,0.02335304339165461,0.013985756374439773,0.02876919151789469,0.027710375777461833,0.03478036203162142,0.019396267817317046,0.01647470437183057,0.031159145263726137,0.02856979384393528,0.03961188040532506,0.01687684650049605,0.0015137137024471162,0.02506148688965131,0.009994103821794812,0.038322841378792424,0.03239516423737732,0.04056113311289327,0.03290475564264638,0.02361814365606177,0.016301376358424154,0.031223967122398468,0.008798774656168925,0.026752491898494307
2013-06-07,0.010256359356392974,0.03535408211134416,0.03376797329933677,0.03120203022029287,0.038435313977713215,0.020611911174639196,0.035108836524780196,0.037230355014951304,0.024890600961555015,0.02392832818215296,0.03116108244244598,0.020509894728106857,0.03083014673786436,0.020253088621351525,0.05716150938288588,0.029928413130020416,0.0317257028792228,0.024972673016291268,0.01897417655980577,-0.0007351185117772613,0.0378638100782811,0.03539758895821779,0.0246532097494685,0.01919991883509105,0.026215932271263422,0.014468509004307585,0.04277824941607849,0.03599715620539844,0.04132336780921657,0.034892095700659584,0.031407122107612255,0.02611762230462239,0.031357172878600736,0.02603272626520705,0.020902958095628556
2013-06-14,0.03288126098985258,0.04564604163086852,0.03949228089933588,0.041670950838048434,0.03967500690871796,0.026116665912950834,0.03423126492103655,0.044914159755544525,0.03884580765408028,0.02561967960727732,0.03571706911600256,0.02202488309585338,0.04278597054315929,0.024592467926130224,0.051978972954864915,0.03912131866044436,0.04605744155743727,0.0337136597271448,0.022143441703108124,0.013308959097748554,0.044158548601961486,0.04116880981032035,0.04293687947503228,0.03263632281774308,0.0302201801664483,0.029428663707519762,0.039480549462935846,0.03570924815840253,0.04497157269429007,0.033242624780780425,0.035957919060275664,0.032800740676379704,0.044169035795106976,0.027981253304408378,0.03098947799583135
2013-06-21,0.018314249777137404,0.040714261933617844,0.0334675890668098,0.026333454058222527,0.024709721991386508,0.025671668104925372,0.03376344842475552,0.031125981416732895,0.036596601937246134,0.018913853297238208,0.031075088589563572,0.02198355093600889,0.031366647145213304,0.021032536028305675,0.03590058876567666,0.011785990291999289,0.03698618294522556,0.019213475857192953,0.024168000102186046,0.019408983161565314,0.042810544454584855,0.044710244668747595,0.037916410641831426,0.019090544591565575,0.01867945957210617,0.027444673851451763,0.03651649949448313,0.0331815857141257,0.03583858553257597,0.035058169115947474,0.031097488601521922,0.03051222108907445,0.041270678032520866,0.029070914719627142,0.010561157638117356
2013-06-28,0.014698320029919873,0.02966157619492735,0.023726885383046875,0.034290111844793976,0.02419754788083901,0.030992106154050295,0.027905056535763355,0.02876696277465799,0.028095448823005815,0.012621732271299618,0.03654840546414375,0.02079955964819146,0.03110857517892767,0.025938733211654096,0.021219167230968842,0.015227128403145433,0.03439434896294905,0.016294495220172282,0.017562536217048737,0.01953967325579655,0.02987421624404012,0.04377551232289659,0.023111567292713003,0.021874371973657977,0.029632946315793378,0.024722101677813323,0.037047254529600254,0.03453279996512443,0.03193644480781248,0.03731192462722872,0.03517790008921689,0.021929149642892526,0.03061858981399456,0.01903603779205741,0.023985528164319456
2013-07-05,0.014941072085810555,0.025704350816892145,0.02121637834451067,0.02832547634084571,0.012171329998056422,0.01463876572352915,0.021637647858615765,0.022884661603026542,0.0030592774057956198,0.010804653318575956,0.015436518623993948,0.013523311229370453,0.010023870161827167,0.02008797786030059,0.006117855028345226,0.01319511288698626,0.022773396066909087,0.008763735481553478,0.003942228916463569,0.018731273092075913,0.024608227737978126,0.033979550022890014,0.01192588102451432,0.005654423573667307,0.033171825211169396,0.0327801215392087,0.028543283876169976,0.032533098053363026,0.030916248863429755,0.036039711899178054,0.023866282551383552,0.018438413803615786,0.019144320153040226,0.016493366271298316,0.023863308472587982
2013-07-12,0.02458274576374308,0.008253561801450685,0.0038925041005456055,0.03868667416601825,0.024960086627650088,0.029805882169460028,0.030121300430059245,0.031642978039754154,0.013403604868842194,0.024237069867436647,0.023133545746556173,0.026183761708926116,0.024831667592381028,0.028584669918997378,0.010166565597628772,0.023998878944485557,0.03662581252467998,0.02356207830808412,0.008552179999458781,0.02473192294443918,0.005072024143667502,0.03502708349382364,0.0065250943235611435,0.02361819566733183,0.03624987899266636,0.03134163309808855,0.03587025121443264,0.02976876379077269,0.03966529758136309,0.0293690815330586,0.031215325060659552,0.03646273794153697,0.004207570528171446,0.01967537945159862,0.04474910812963748
2013-07-19,0.012340841618084308,-0.005889031137953515,-0.009088856557110956,0.023046031517997445,0.01163730151146556,0.008290656411184297,0.00965576306339285,0.01035649322450339,-0.005178817382433049,0.0006809727317559091,0.006145438637258193,0.008473829734000914,0.004367621238530909,0.006720248115281951,-0.01537944644202778,0.0029935578850149255,0.01264097892268027,0.008400244286004587,-0.004488097652195525,0.0007807257972974607,-0.009795733474020685,0.013223515750851612,-0.0067128720083228935,0.014214899650467884,0.010493302446434481,0.014389291893571332,0.010484345745127058,0.01293479384988276,0.010117472234711034,0.01275425485098009,0.017205032914394663,0.014396316757341867,-0.010766218403919645,-0.009505606600297737,0.028821698888534298
2013-07-26,0.013820745189570214,-0.02592046700491221,-0.015966971025029447,0.006097496151207631,-0.0042729405269597304,0.005242521338457929,-0.0012397486337013834,0.00426432749944642,-0.023640299659029203,0.0023253416525217153,-0.004306689532726167,0.003964453521125906,-0.029987222055979368,0.00554257109285014,-0.027113634835824803,0.003854593476313291,-0.002043924161729722,-0.006266768508254896,-0.024798488195461696,0.0005876194076937133,-0.030801768372238022,-0.002195267359463575,-0.021092425499735053,0.007024363377282685,-0.013609110799243204,0.005072721653195559,-0.013319607609153003,-0.0009600889036263926,-0.007120161336359282,-0.0009861037622380204,-0.006968466586482012,-0.004768101720939138,-0.02404335419143771,-0.007332850383116497,0.023476827912348033
2013-08-02,0.007251789536018407,-0.036917343287541364,-0.029812618466018265,-0.01106665429412678,-0.0013683121131830408,0.011930693548576472,-0.013040164414816945,-0.010181618374110527,-0.021927576554214685,-0.006791627319231643,0.0007294135752287153,0.007082933998646887,-0.03525181350316766,0.009929658387311637,-0.028234163254601707,0.002420086259757378,-0.007453816276133768,-0.007135690326414999,-0.023326060346489194,0.004300787589791938,-0.03784287261111,-0.015163121390422135,-0.026731049019629898,0.002553476841003858,-0.018980809229615096,0.004001364552258533,-0.019458086375477156,-0.014126697747245206,-0.02054197306938859,-0.012273168572649743,-0.00681068311655257,-0.0005422080108074118,-0.029485846830477974,-0.010094279303056284,0.0038132767749982964
2013-08-09,0.03257109325216882,0.010388974511879482,0.019478294835948498,0.03088676428416154,0.012249923544629997,0.019505111967345508,0.008931703127269375,0.010934285734107235,0.012919286248174865,0.021775865888153313,0.01691255246977376,0.017884007494552327,0.017138100528543174,0.019041406470143147,0.015277950632833732,0.018627605700904763,0.010302395975759491,0.013238960662178775,0.011941615332012885,0.02792000812530855,0.008897071732418944,0.021033510860077553,0.012105359670741563,0.023226477340144398,0.001932431832653667,0.01336718562157367,0.012467302146152664,0.011352348828865676,0.01184109548849833,0.010742836279498217,0.022497974870008833,0.0271057263540819,0.018794013993083468,0.0324686198427909,0.031375688540690845
2013-08-16,0.007570900281476099,0.03942263569697424,0.034564104147390085,0.009341162095457642,0.01756831076881091,0.019738916989810572,0.029751971485945373,0.020676135335192237,0.03524977394218088,0.022639102893937387,0.023144333269046396,0.01944168082261062,0.03337267065900846,0.018208292946992614,0.022923006099091883,0.004946617805276505,0.02278274333837373,0.01569422962370211,0.02751754481995482,0.027056402106009427,0.03445832931516283,0.02191787853369205,0.027025291861236707,0.01586364712809297,0.022581148952246482,0.005622865640221847,0.04111503283238908,0.014501551725529568,0.03583322436128987,0.01397232201873873,0.026334999972936812,0.010055275542612069,0.038893050264307595,0.04102223541655269,0.02576612692566418
2013-08-23,0.014180750263492694,0.053384428922191925,0.0437804217104564,0.024054997915089166,0.0348299286163766,0.011705481516923332,0.040839966980518026,0.023373404765293208,0.04994051429991368,0.008381753598842027,0.02848168698635639,0.017222433469627475,0.044680747062351645,0.019728285377733218,0.03318201487137009,0.01150731693807948,0.029919989823055156,0.018134205150986623,0.041671256657834096,0.015739954955153956,0.05300848829403588,0.04009452477418123,0.032624006310004734,0.017846437274308145,0.037002406178846106,0.010386292046208319,0.04826237509116656,0.02855340539440367,0.05208598567880432,0.02952705879442706,0.026646876143072054,0.017979858552121777,0.05114059040464493,0.03387380240834483,0.00836386870905467
2013-08-30,-0.0036282060802214004,0.04294707322711259,0.03734741314867831,0.0035626960497440606,0.02182859363601505,0.0024770754065574596,0.024580376849933274,0.01264886489017681,0.026534819748152205,0.0041103019951154,0.035480015346204145,8.487349252451504e-05,0.03226767128265934,-0.00012341944968381912,0.01784243495832355,-0.008622712519845838,0.014739394923530975,-0.0007017897740086088,0.028378510882138715,0.0029957266423255597,0.03705840895345095,0.01593848183497528,0.023692734033658867,0.003095258456586706,0.019050751183453892,-0.0008185134470966834,0.0388925088398814,0.012423742023011601,0.03824935235281935,0.012866387146071174,0.014361897897078701,0.006602940558084606,0.039793181275477284,0.026189715803068538,-0.010893847554350237
2013-09-06,-0.005863376292409573,0.025343044118768608,0.025312576256081867,0.010246595866296596,0.0006969831411829797,-0.0058103498509785,0.020339235301794153,0.01611904956647655,0.0024973656407545294,-0.0039865997670474876,0.008654184867524176,-0.009835685882868015,0.01049824677478301,-0.006156729351445189,0.01515792284670728,-0.0024119840825180595,0.01227310468220809,-0.00838797415647531,0.012055606397016248,-0.005273614413306707,0.016044992299121978,0.007803425046191094,0.010461577642403564,-0.0018662611124003264,0.014235622267104469,0.0019138950343638322,0.026779341551259953,0.017830635245482184,0.02688898944710047,0.016830502634897503,0.0026246291001890943,-0.0067089233449240055,0.024160734097809635,0.012319300598980244,-0.020861590687552417
2013-09-13,0.007599233095916312,0.029870574840478892,0.031655158279882904,0.02597733668885186,0.0023947573227919104,0.017567792146428264,0.03778984902773574,0.0388638765986727,0.017560807474881413,0.020227877440929888,0.007632544606370588,0.022084904601684427,0.013677688283109777,0.024798180856427522,0.02035521337605346,0.0190931369557779,0.03768167616583049,0.016644920031531153,0.03121584034899944,0.016519733226114296,0.028404778692600233,0.03317047381726785,0.01201497826667183,0.016837088046141008,0.04294507391174765,0.030607636641995638,0.052580338763574645,0.03452854469777721,0.023364711342040465,0.03537763002607668,0.033717785515914374,0.008303073074869475,0.025834956845781173,0.022272416168596352,0.006183672995752001
2013-09-20,0.0065035602656039,0.028459109354071987,0.027950543761470707,0.022324862239871544,0.0014842246409023491,0.014732846736587946,0.02924385524851496,0.026029435461365026,0.010998063474830424,0.013628303311785397,0.008098435882384685,0.01934747507633192,0.006601340691784041,0.021201370505790944,0.018305854338943255,0.008905526603048797,0.032610755298062816,0.021007597229777672,0.01938197529982875,0.012984418311601088,0.03311377928210463,0.031239684239924664,0.01469727396728293,0.014032831839108301,0.022200446926121328,0.022157902609063047,0.03800673325907427,0.03223768811444687,0.02832629230960712,0.03199082382092812,0.017195411912195646,0.007019991072248119,0.024684284260258153,0.021864025057618596,0.006387189045415126
2013-09-27,0.008766897719411781,0.020654325457280655,0.0153927634768435,0.013306553178559628,-0.007494402564002706,0.00034843384329966793,0.016257258942821495,0.01760530959627336,0.008559032244563818,0.005088926358872883,0.003634922297700559,0.012472631332719874,0.00029993775618383545,0.012749199597648605,0.006111385528898483,0.0005194001214290521,0.018875520515695087,0.014278583446403176,0.013958263276793852,0.004817805118221661,0.017760110512030806,0.01682374946768187,0.004849960132504986,-0.0007590691896392211,0.02537557758336254,0.009567961709125938,0.020660738795031754,0.017831097538098913,0.020470092945319127,0.01661974962296633,0.007079374456149052,0.01518770936936458,0.018479644848042973,0.015350417255847444,0.000551730846172941
2013-10-04,0.033322758262818525,0.025474577939696156,0.021444898472911013,0.031064251371985957,0.014758111095118915,0.016559676452585808,0.031123989141256247,0.0275496792799178,0.02293449992418866,0.026052217595841403,0.01981206611285667,0.023390393426514475,0.0210595723939337,0.020539224982658366,0.016964565777639933,0.02583370312403698,0.03182127912642281,0.02711055427422922,0.034347383276091825,0.025021129724489173,0.019233727650710766,0.02730077190795828,0.019120190954729235,0.014211213564167907,0.03021115410556476,0.022981661320980982,0.0305711527677462,0.0316916726211639,0.026050994892961612,0.030036656937433175,0.024665672530146995,0.0337894814192226,0.02498514732545501,0.026276146894684996,0.02526951308092876
2013-10-11,0.022177052772384603,0.038427679402484836,0.03420736781577528,0.02783946446384561,0.03337374757353138,0.024499579432237285,0.036944612701537274,0.030321672458264472,0.02692548058051547,0.02314385700983434,0.03201959407253794,0.018478930685608713,0.03129091724012901,0.021374810958330548,0.03253088812743157,0.03090914636381905,0.024186492448742918,0.019154264190094895,0.03012939242330106,0.015005687334193496,0.034747425429842965,0.0386475897292413,0.036016682850122744,0.0353802237316718,0.03519143018872947,0.026131606347312025,0.04051582647874528,0.03301533619376279,0.03715571979341461,0.03196485614780673,0.02953180769088531,0.023783976944907467,0.04285613424790555,0.039880064658698554,0.02928234918677593
2013-10-18,0.021042240591244578,0.03084582007721908,0.02232678332837727,0.018593238369739196,0.024086786132959684,0.017970371758684073,0.018217151544790845,0.014266760596386183,0.029454681565031313,0.020440954158946312,0.026931889054873426,0.021465142481399368,0.023867503671397963,0.02255755201411605,0.02520843332721796,0.021002038806624924,0.012137110213742539,0.013183400816051412,0.017541726756440775,0.02093555793335779,0.030358612601024702,0.024395869983541946,0.028732789778874095,0.02236576687709935,0.01695958403110424,0.01825978980120563,0.029002019912236013,0.02500986087591482,0.029852696636135847,0.02607912392657777,0.023364720313102834,0.02371122140911032,0.028787784427964182,0.028710339431618968,0.02083722889305431
2013-10-25,0.0074494005287162966,0.029130345423541974,0.021453021233508618,0.010639813672532418,0.023416603809486444,-0.002109109589493161,0.013640663259736396,0.009428464701876626,0.02617611249839025,0.007567576720542549,0.022754851538808695,-0.0009264875824981726,0.019890067989064054,0.005157780110216348,0.0228265829390875,0.004423608368273871,0.01170253931023642,-0.0013317613931861988,0.012727421043716571,0.0013532636114951919,0.030156603151752243,0.02745558049664895,0.023342292143010566,0.006992349376340202,0.015089912773762976,0.0052283073862698735,0.016185321783296652,0.01858342118686275,0.015693351028386742,0.02151907604815386,0.02714388434004169,0.008566999827544854,0.024122392623261074,0.025323592546875016,0.01865962504854985
2013-11-01,0.011715894224409827,0.035332033424152025,0.027360776100333006,0.010029938445778043,0.035020101458899285,0.029300524308008197,0.013434558743896728,0.001467612089677431,0.02546966287906021,0.006920210565211819,0.037829114423540956,0.024472474407859306,0.03558437005113815,0.03187732233757372,0.030438822739756843,0.023627184644189773,0.016168050479653,0.010913759448674806,0.01734179765149072,0.004922408623767593,0.03904978408225984,0.013746747406613415,0.02664032755175973,0.024172444491743227,0.01994496817368286,0.012252077824500846,0.014505898444366047,0.013822439885450923,0.026332591387798192,0.01460488091669201,0.022128576313178435,0.01778328002805879,0.02454576938736711,0.026858842490666213,0.005670599664584481
2013-11-08,0.002154200272669293,0.02308662797532961,0.008060494757444856,-0.01418785049436925,0.01000807667299426,0.010935140617440046,0.01474806490507997,0.00991326331503958,0.006303389139865338,-0.010063639339752661,0.01693047130215871,0.01601768033632977,0.017241248419899068,0.016602362710383643,0.016238401755654382,0.009765266120095978,0.00974096807316494,0.0016882894706769219,0.008376539283960465,0.009082032227021117,0.023583378501724383,0.0035312028763695544,0.01419073907337503,0.008148851291739546,0.008690204980706601,0.004271358767499652,0.007874266369777592,0.01008725772103528,0.019013646514568053,0.012006633512175225,0.006724611925474047,-0.00020237044681724336,0.01022472009842835,0.012859953733767374,0.001835437083559998
2013-11-15,0.0053903075051781515,0.049161849613885075,0.0431015083458727,0.014074238379882042,0.03823095434843696,0.026198791066401786,0.033915578211464896,0.02639551823187071,0.043583313200224814,0.012173608262853521,0.03669045779351585,0.02729416927002658,0.04172391332745625,0.030073592593281684,0.04196288045745275,0.02414434689527692,0.03242388480281066,0.024430939164561457,0.02836666048091935,0.010438235696287369,0.047581468886462086,0.028216212161048304,0.038795724551442784,0.030561455769239347,0.03507860767301831,0.01747531281455059,0.036384680839147074,0.024716858287000935,0.04270855887506861,0.026491778230714396,0.026604362040550788,0.022512470656138817,0.04193578629693904,0.03233890001362177,0.022385077615711114
2013-11-22,0.014015385979077644,0.028722358081598575,0.02476441626840465,0.0205903329033914,0.023058672372930175,0.013455049866625246,0.027884966780545677,0.028517153799910138,0.030492969605440456,0.0034408507493942295,0.01893574281517987,0.01353497769047355,0.024968694959250644,0.02033607828900234,0.02610535274892508,0.008853394711299239,0.027997875348550336,0.020637616521289034,0.016535720601393543,0.00734620835717429,0.02549335802190125,0.02299826376501114,0.02045689550484043,0.011903440469350922,0.03741286819057327,0.020487352212454193,0.023825979481874007,0.02179076468304165,0.0267984531835171,0.020936798986135995,0.030013907469659082,0.013181612574512589,0.024014272607950332,0.023025355090568144,0.01241077181440916
2013-11-29,0.013642089437908692,0.02455676829810447,0.027100784742727084,0.01886206560502603,0.021428240536423088,0.016254931251684784,0.02516746645366448,0.016349607948309884,0.033044936919136444,0.011091022490015642,0.02001497261286505,0.012240068568736962,0.021048022951572265,0.03163670499007972,0.026312651603268147,0.010652387368949343,0.015747135139466815,0.014119837449602034,0.01935475373373999,0.008911947669287875,0.02370870671311106,0.01798160589970926,0.023626452136255912,0.02013566861441372,0.02628445003406064,0.01419789536437272,0.02503099100267831,0.01812815333969812,0.023958827773344037,0.019587248813218293,0.02440602408506259,0.01540216951612536,0.02637274780431739,0.02524552436843521,0.009855860905321498
2013-12-06,0.004041951953124879,0.03790386355726107,0.042062038407575525,0.014862494798200081,0.03276084644158041,0.03206534889191008,0.02230997493606768,0.016920370969589812,0.028279941150441756,-0.0011550346698326482,0.037594688290046925,0.029096598523490638,0.03435901814498546,0.03542217886035009,0.03923084794912455,0.01626202463648035,0.02346802186670257,0.011910479212015218,0.02874884974865546,0.01680958671119671,0.0341851437575679,0.01664843075827745,0.03312030956397977,0.027272339912096,0.017058600270847685,0.01835604793749684,0.022089577854037888,0.017384426480955506,0.029418910429329172,0.019556935910652322,0.027506124819913477,0.012385579679655739,0.04069463935118572,0.03616419910463262,0.0013019660578525041
2013-12-13,0.009494004543708268,0.06218965892224014,0.0613715966137698,0.027022266591218532,0.049013068249577754,0.045075949890472825,0.04754843121727721,0.04167875413986736,0.04269115118591069,0.01145978148620882,0.05384910210709326,0.04293042357237562,0.053355550116125756,0.0488946967095507,0.051885011368866626,0.03787046178728759,0.047000920689545256,0.026683002291311923,0.043932703392775656,0.031377394989820694,0.0582032187831311,0.028960727024482075,0.049941998184063564,0.038633806462077425,0.05093247457454637,0.03731924161015304,0.03939394734874687,0.038790623459549145,0.04584958041133339,0.03905383994670337,0.04968788719998838,0.017343454059091965,0.0569045042513813,0.05492169664571447,0.020204605471027915
2013-12-20,0.0162032178368861,0.04667498513719203,0.04758784110887089,0.017807647008090986,0.03314039460660803,0.03236716760687188,0.033202583090239796,0.025385372724990946,0.023835885140951207,0.0167647680468078,0.033055622771196676,0.034571909457470865,0.03175539471911202,0.0332556708201694,0.03931761544822297,0.02648521566315093,0.038070475126067864,0.023508595072623505,0.02857468130018862,0.01751322077257682,0.04295505187701665,0.03113283575289026,0.036380768522023724,0.028925734447627645,0.025539748472976607,0.019881270592387798,0.025730190170819206,0.03142068922184177,0.03138546593436463,0.03125047142111517,0.03336285747488434,0.024197555834376185,0.04158690523711732,0.027735895167301343,0.011732051249484104
2013-12-27,-0.01009572799134165,0.042313678979755256,0.029067443006535135,0.013963809498567757,0.024919652145993416,0.004993970416790682,0.031893749881514256,0.019108211836469366,0.03306127619781491,0.00556144797633859,0.03228729053227768,0.004955522972667457,0.03608049186448648,0.019544900928890697,0.03155359913132373,0.009193640142983395,0.023454787735621953,0.008315057282298713,0.011952622017554622,0.015549053024381757,0.03602391200130081,0.026891552719037835,0.029962983036898597,0.00037658348108460927,0.025059842608189425,0.0014334684625503026,0.03204888280015991,0.012222425697493527,0.027246310140139823,0.01419885937530357,0.02578194940807567,0.0026792328092501336,0.04107479806681538,0.025204566175151037,0.0019403367324541936
2014-01-03,0.006400236338278395,0.030395666058187786,0.02282611046426973,0.015555999402260491,0.020012323455004068,0.02495857116029477,0.02051265672593978,0.006409974368383858,0.042170035680483504,0.01778315404620758,0.024854978667621173,0.016864924966090995,0.031085974758549503,0.021963959005794932,0.029061639776109215,0.01344167158988012,0.02374014211761674,0.017799440062073596,0.02356603285521396,0.02795234382944065,0.02371714021891936,0.02401952284340099,0.022301600015141164,0.02314931232552856,0.030478355259382937,0.009151733534283292,0.02849666613292175,0.012266224197322742,0.026668602826227742,0.009201766861376857,0.03366487376578861,0.016493536645517223,0.026135193832347633,0.01252814362774547,0.00978420179992585
2014-01-10,0.012023689097708543,0.030290016254429133,0.018366817016128745,0.016851711601837016,0.020143446570624102,0.01812580784355593,0.013818331794513828,0.014119885139850609,0.013305957968808823,0.00968781818983142,0.017273519350928152,0.017395441638229692,0.026132316023615456,0.014926473623284659,0.012437657794127763,0.010217871581136918,0.018500414488260803,0.01397244423427665,0.022104877622151037,0.02967406673613034,0.022033158629620707,0.02169574578801876,0.01884466565240635,0.015178991192333279,0.01770733586155924,0.0027547598607606232,0.026971928601284383,0.00999137299542487,0.019144551114195957,0.010967752023965582,0.01830627284336477,0.014210951581528658,0.02883662240707275,0.02008390312798845,0.01671127580716137
2014-01-17,-0.010549011455261973,0.012614709074184615,0.006351310788620049,-0.005786889111557236,-0.0005377015392240718,-0.0061941238049143645,0.002326301383195183,0.0008463026373493019,-0.008926010490242076,0.0026269854034422792,-0.0015697256284648675,-0.007778364076155849,0.0007770282059155336,-0.003982125233584905,0.007531285270708712,-0.017250817879112455,0.005654442996220751,-0.003967280712563383,-0.013022603474815174,-0.008567102959766128,0.007010077643730778,-0.00024097605791606553,0.007089908179002076,-0.010428111078497787,0.0068289744872681935,-0.01356756233542755,-0.0027920894650261064,-0.004276706506300919,-0.0023297651047668767,-0.004117705192248154,0.0003175078107381351,-0.011686926461122989,0.00986896745335374,0.0009154121296606157,-0.005236652199026105
2014-01-24,-0.01132569720909332,-0.018648309491228407,-0.022054422226907545,-0.009033685795909635,-0.023501463083950173,-0.00550809630923162,-0.006986054734307431,-0.005822041188887755,-0.02169952801512234,-0.006998553325640003,-0.025271493853850163,-0.007353776447723427,-0.023324673798654022,-0.016276455017981986,-0.02187615284526939,-0.015511409664309729,0.000773761476575243,-0.003963204638466927,-0.01986897775034889,-0.008747533836453544,-0.021415678427753826,-0.020044286939303022,-0.02065819801094073,-0.004327966159198886,-0.018214723405424255,-0.00941505728670199,-0.024861178256813967,-0.005950151750046539,-0.022959747822772957,-0.0061567074173320985,-0.0031466848231223718,-0.005987154158596902,-0.023412492848280217,-0.014757053895329773,-0.008450034471708672
2014-01-31,-0.031782894557270555,-0.021686286611933576,-0.016605499397311763,-0.02655167232436525,-0.028411073263474175,-0.03679031678342277,-0.024970909804260186,-0.017418688825822936,-0.03298143499078706,-0.011269046697655025,-0.028274718292472297,-0.022931184356398775,-0.026047916459274983,-0.011745136336744903,-0.025257123499430784,-0.03199681376902351,-0.02168258122821493,-0.025517976487434372,-0.01385979114669066,-0.019052478279095415,-0.02002985358452554,-0.025928688199606684,-0.02730294210420894,-0.03294075905136982,-0.021038682754039424,-0.02776964498804868,-0.0259980184445243,-0.02383132478091118,-0.027508627320128428,-0.025924900561523297,-0.005153493312237568,-0.018965856642927575,-0.02575807980593768,-0.013744679884939078,-0.016373136034891916
2014-02-07,-0.017550712669053142,-0.008198289319293934,-0.00027675496563708444,-0.013123621629451354,-0.01622624247636139,-0.016199720125487833,-0.0027176349214970037,-0.0027179643916942,-0.0056362466632780914,-0.0005899163880633351,-0.014998307051445425,-0.010018035550766653,-0.011332951107739998,-0.006668970996360758,-0.012948837689843642,-0.01981186663234756,-0.001352475159452657,-0.008386993339592386,0.007877797149839876,-0.004314082761966647,-0.008956482575430127,-0.0017050082704427485,-0.013666094309119772,-0.013668400600500072,-0.004645035575040986,-0.01192039646932442,-0.007107331093718069,0.00454289981391301,-0.005293762393302196,0.004395461900671835,-0.004670569515322977,-0.002647622504594774,-0.012565169645219391,-0.006252026461820599,-0.007570236720765803
2014-02-14,-0.000459643519023799,0.015096193515362377,0.012099073549421913,0.003983871653702245,0.007842532011552996,0.003431464153467097,0.02801640894366485,0.021666373090423838,0.01120098970707973,0.007548417986275134,0.007522074621913822,0.007052552341254505,0.010730664275067948,0.008071751407550542,0.005946131038079266,0.009475981232225058,0.019917591335535775,0.008152387803339446,0.01690207926751762,0.0043128424476777,0.01610952951289121,0.025800514362174908,0.012373590681699279,-0.0006570581214631797,0.027580619019809655,0.0029666001506521685,0.017673907717250067,0.027218076499300595,0.011507954153997262,0.024663894568146442,0.006359914614876525,0.010047182474108223,0.013616547714795974,0.015372557831856357,0.003893436811413097
2014-02-21,0.02379043447769278,0.041243814575704904,0.0243152419741797,0.02747999512961084,0.03605937211826732,0.028758330741993902,0.05179548059628813,0.034860902045095996,0.030555305374258088,0.028829755207955627,0.0358558123902764,0.028150411139660627,0.03950998546587706,0.03165540447840031,0.039768574498324806,0.032829525301811956,0.037174405428928796,0.023599861016240377,0.033243787204389925,0.03027837324032469,0.035395286913155036,0.04025620880684529,0.036118297302685724,0.02802834023419878,0.052383596142150206,0.022338894535352552,0.04255396634250019,0.03918208223578005,0.037295502364400254,0.03819853487382085,0.028326375051257225,0.03323648242946204,0.043100038850443896,0.02973733291066467,0.010685992913697881
2014-02-28,0.015567920016394591,0.05573617080666929,0.03882426446180689,0.014247615068140249,0.057338378468384785,0.026736175202150502,0.0500872442286169,0.034930662461457325,0.04453953045157225,0.026122087421549617,0.05388417525241128,0.030082840066687558,0.05706361230347783,0.033967358888031964,0.05127989807192329,0.026379173827321523,0.037728930393556084,0.025766545843346478,0.034872757195299246,0.027437850780301365,0.052423729828076825,0.0336427974382215,0.05081957553591031,0.02495165492688088,0.042114159457561536,0.03093990288567725,0.04200775650350077,0.038083336574383585,0.04376762243575625,0.03675248865049822,0.04175342749135546,0.018423931015026356,0.058543683882448426,0.03906691510094556,0.0071053167768095615
2014-03-07,0.002060930162194378,0.028470685787082995,0.007061584522504422,0.006397522037049738,0.03382196756787972,0.01796044251439365,0.024321964036135717,0.021440969155486673,0.012817534462249756,0.0048848646234374155,0.028133409321249015,0.012893826945020993,0.03152111344163701,0.019781766597884606,0.023815572681741587,0.0098230545134785,0.012530960823840264,0.004556171176831324,0.0038259885396415643,0.007965968328688514,0.03159629332570119,0.0203752585367759,0.027113792077545867,0.016237345002470652,0.02454353012151719,0.004564754081143091,0.027226641374978322,0.019960736047052157,0.02433277213786164,0.01847525783042711,0.016279305867994857,-0.0014620341724401404,0.02970233244090511,0.026277117849821223,-0.003407015655089485
2014-03-14,-0.0018398410108951993,0.025431963380142548,0.014712855504456694,-0.0012347300889818465,0.028436219973688337,0.01232013040717041,0.023929208500431003,0.015499781586913898,0.008121155472061001,-0.009520709382293841,0.030113899400825445,0.013420730707172247,0.030570394829753357,0.018344773853580534,0.019691552820571948,0.009730243133204836,0.013000566989912012,-0.00035462569427349564,-0.0045047407412781085,0.00391325421124013,0.02491705521249867,0.016667251028648907,0.026947872612957377,0.016153595794726573,0.01983578345180442,0.009446949743520242,0.0220751949899413,0.01601594245612363,0.015441212362070307,0.015094181874761813,0.011997060057297932,-0.0029274433278435046,0.030227592601992405,0.026223274208274867,0.00925526864403215
2014-03-21,0.029303344068124095,0.04915966774112469,0.044923368593142374,0.030319402102514867,0.04850463074285085,0.03142340020881599,0.021605085737706364,0.019046730052767486,0.024815443123941627,0.019076769758747492,0.04723191221539786,0.028259581019927957,0.048510078357924945,0.040234372829653364,0.028749243792016415,0.021944549979894815,0.016966519325188983,0.024182118960042118,0.02204058365134382,0.016374441389707596,0.04626877387029827,0.021759175421230695,0.04646317590537089,0.034224719526059384,0.025731265040969092,0.03083583601153885,0.022260667300337156,0.020940632344812027,0.02456002780003917,0.023142558357760273,0.030139163866634868,0.019876012713189367,0.05159731964348572,0.04369843343219639,0.03360555916135251
2014-03-28,0.02359464164513707,0.02933704704335052,0.023497540518322424,0.04200687963082528,0.025781359021002464,0.035346363778553436,0.0299080792297227,0.02876787895821461,0.028004897144155987,0.03587443854662211,0.029831951946300023,0.040003023096977154,0.026761691997322944,0.046220291725565577,0.04556326666108709,0.03565196044486445,0.020993885064534062,0.03278771024653729,0.03466603444363942,0.032855758716208966,0.030070587675559642,0.03186097709221846,0.03251567172965342,0.03741966703829935,0.028340012553018625,0.03351076407724969,0.025809790230933785,0.03351728927297167,0.027459732577767945,0.03255295856235023,0.046157680918995504,0.04708969637461303,0.02862416929052894,0.03332728178802079,0.052954915157822365
2014-04-04,0.018321616621154297,0.023543485317811138,0.016136145418930076,0.01893991999419734,0.019249928056581815,0.022805289230106166,0.02418078457069099,0.021299780463056726,0.018196585745164976,0.02208749055225966,0.02105407844274398,0.030873439791922377,0.01828378037848255,0.034089520419019914,0.020430948223927974,0.016123533338039484,0.01624358166355351,0.016810658189522494,0.02605017522713898,0.021599356310383545,0.021417804627440168,0.018363034071980134,0.026524451750505683,0.0177277588863806,0.02394722751716176,0.030860516301627096,0.023697944288694893,0.02268975634096037,0.030253579371855792,0.023064537559523618,0.034464457342285516,0.03030060219196635,0.02084776971212648,0.026516977924792753,0.02734672828363095
2014-04-11,0.008102112354265372,0.017626279949911405,0.00962800261130841,0.0008355357201400559,0.007674399504836607,0.00987012786404253,0.009077974223467377,0.011071983743396756,0.012497797650829767,0.009889391386737428,0.006637928015448238,0.014487891820617924,0.007960689907163877,0.024332491601739576,0.01002439265960728,0.012470703427852415,0.009025351917569154,0.00530263700328063,0.028182063860604185,0.022407705472307277,0.01609960655275688,0.007914645389502928,0.021539280810980818,0.006591570269775981,0.02369930117689867,0.015236036925605562,0.010786946253114677,0.010270120034471343,0.021748047280511596,0.009591824776003382,0.017313678324551763,0.008514946873157443,0.016753156798332218,0.031241518460967104,0.014544272862651742
2014-04-18,0.03723272022100103,0.028193783240322585,0.0279941372223328,0.02148099976014965,0.019960404826809566,0.0496290565307808,0.0499787468640749,0.042264633913255766,0.03716033308197249,0.04654617043198357,0.02110929877644428,0.04845458682538649,0.023937357345128262,0.041295700281419996,0.034595627295321646,0.039915384493306526,0.054729017233813945,0.04399820514001165,0.05591867738808357,0.04911583636520599,0.026971572005692192,0.043403762574327764,0.03124287822211614,0.047602836656303556,0.0496135560727447,0.061771650342509796,0.04299036535850531,0.04105730323682499,0.04367703564950396,0.04119463729502471,0.03728790185160948,0.05069703808946714,0.026440526313375855,0.03890661468431803,0.05542483279505384
2014-04-25,0.005584895890465482,0.04406685320352986,0.039418245300404706,0.022702615021349157,0.03403237094302288,0.029453319610690868,0.03426982743988421,0.02081276629632885,0.029380028647373907,0.019266809352477345,0.03464997568485945,0.02567128805353829,0.036536401052782164,0.021251889647667447,0.02788728934567612,0.01755481958939186,0.03260031842623722,0.019098909247553763,0.03229283871601573,0.01528155486943949,0.033596670948781875,0.01855724079042774,0.04177242573357326,0.021027659757774143,0.04075724474699175,0.029183030007120657,0.03355730234215939,0.019864340773150697,0.03455116515045126,0.021999115137790758,0.034944228788112944,0.022033193101626027,0.03368956841183969,0.02826634834066578,0.01937760163672719
2014-05-02,-0.011130659551605153,0.025691485545249436,0.019656481503409304,0.02208349181511001,0.017620660325913598,0.012730796148351238,0.005694026675009824,0.0009191090676877923,0.02943790933739513,0.001086739482621591,0.019762158188952827,0.013229052450804267,0.02071541133194052,0.01766407428591028,0.01612280145698888,0.00147638363604378,0.01037176499109374,0.0018803961107460195,0.020360838242287887,-0.005264522017391381,0.024377324783333352,0.002489273037247542,0.027934179541495782,0.011682681185299628,0.009586142263039873,-0.00010706716824805187,-0.002946741847034666,0.006498652666692123,0.014907210577081742,0.005105234498684709,0.01421768565371807,0.00045546033476947444,0.025820491332546925,0.020700734014503907,0.008840843533417096
2014-05-09,0.0008804377744272481,0.04495658467099809,0.0284554132854049,0.011552795707314385,0.03253997339058015,0.02778487237820908,0.029500585209273015,0.02693713052968228,0.03624378669438227,-0.00789822231110334,0.030082682460795682,0.02578971523081612,0.03162041027556697,0.026696576331450672,0.02520228626955431,0.01540777866372099,0.035787611881699224,0.0035687171879113,0.023855559115438858,-0.0014979752142160938,0.037294917587958845,0.01422178687674206,0.04513833305924347,0.021727109224566835,0.020407040619147217,0.019992264964438834,0.02045000792704516,0.015878537270690538,0.02546056056191901,0.01639069503563478,0.02739361897234997,0.006209324843727542,0.04168495329818963,0.03269396571304652,0.008167944097908015
2014-05-16,0.00453670124982586,0.043655318314367184,0.03762034405309922,0.030409901217265556,0.04375849282901802,0.020000020821451452,0.026047960482554044,0.022235761008517044,0.02588168653921682,0.001169261000405464,0.045215511476163046,0.017416331191523263,0.03868902346207196,0.025009612709747737,0.02594753604985793,0.014651437538279537,0.030826686186764887,0.01032312877320336,0.028168188998208617,0.006180738793541126,0.033404718102175,0.014207149789872782,0.04577389646735131,0.019930713818604832,0.036815377004164165,0.03587949672762996,0.02290682881385728,0.017314649488934228,0.027406126284369094,0.016465206517537526,0.023989023874178794,0.015648609722093053,0.041785679208307024,0.03000631758164171,0.02322523241423653
2014-05-23,-0.013595540569037315,0.0003061099238094375,-0.006940214374828646,0.007107639039525061,-0.005426657817648042,-0.007562301155159909,0.014743080810600044,0.00868086706279483,-0.0011534917263695313,-0.002932829065579876,-0.004685697959202124,-0.014593040746260338,-0.006346005602276576,-0.0011382997783100808,-0.0041369084128071686,-0.0023877983516944665,0.019792132579059096,-0.012172665846149703,0.008009132369733198,-0.015546531259517314,0.002322645254862205,0.004771681252858179,0.0067276837200175845,-0.010318151856748267,0.012719889212332343,0.003539567279830466,0.007912342432612173,0.005313579606318953,0.010117837407593262,0.006085549832968694,-0.008307646318200315,-0.009412586457988112,0.0017404960699449554,-0.0014457409539873959,-0.007967315358064412
2014-05-30,-0.007887316185671069,0.008591822952742585,0.006138212361992154,0.0025614980226476374,0.007462874573260226,0.016069861762334273,0.03174624229782989,0.023784526410095014,0.00983402940909914,-0.0011106248518275527,0.012728509537798909,0.014268314836563649,0.00982534154580082,0.011847244277047102,0.005855777824221189,0.00813847441556807,0.027933376037921856,0.014023790975003564,0.024898784368392775,0.014027740003775524,0.010317390530787708,0.0172220303968429,0.01765658152290997,-0.0005249049043696458,0.022549270210224244,0.01410103397778319,0.02434086558348949,0.020515204470360295,0.022557484190069924,0.021020364230870104,-0.001297334932166074,0.007304913422381614,0.00772572192832225,0.0006743361531008155,-0.014184911348899737
2014-06-06,0.03031020171977951,0.02910154581774254,0.03169342919833282,0.03946468406649126,0.02331070332473055,0.026521593305305968,0.06019190276963379,0.042041653656827424,0.0352029116955588,0.023697209516104756,0.023529388590605563,0.03402439748814767,0.02428937091085031,0.03093564471995615,0.04867583933565875,0.023762202839918322,0.04984681808523644,0.03899513085024419,0.04183175975842477,0.02275716115138147,0.030410517502187356,0.04646779320175208,0.0332380410654859,0.022634395984178116,0.04360337729281063,0.041083080624930206,0.049897525436907376,0.049041309040581245,0.05011369888350454,0.0475794302208913,0.02421652815179359,0.027616746510434557,0.029335458851281353,0.018340911894863223,0.02045303793009825
2014-06-13,0.005152091853700171,0.028296736938748325,0.024870490760374595,0.017393412768141138,0.022029179268284457,0.023192491901604377,0.03822938482859134,0.014051620827523934,0.02398661044235831,0.01809136912664532,0.024659589610667772,0.021054600528373536,0.02546526010188679,0.01567732369432395,0.031044852176513774,0.012899391822352932,0.03155641625318974,0.02021926962379828,0.03126074876425955,0.015045869104713219,0.03112056428429157,0.01776448014997171,0.02958025218646983,0.023647388978026016,0.02190663492889152,0.020687435832510905,0.028847171654254253,0.024175656550644745,0.029867177658831876,0.02534849173772638,0.01997902027561264,0.010763842060702867,0.02050354126970212,0.00873631864664503,0.004774780174320917
2014-06-20,0.019469263842817722,0.04816074945463449,0.03662716710065958,0.02855783001910147,0.039979967959962635,0.026716942602050583,0.06137849796943484,0.042157129529723204,0.03702650236468571,0.025713401123686953,0.0391899955162299,0.029095558017568388,0.03591423483232821,0.02823103056538267,0.046287632320951184,0.037712719088321474,0.04544391814195857,0.037339633400188116,0.04091842912886422,0.025944211004022572,0.04345873571896436,0.04175391119234014,0.043893639934939936,0.033269551230393914,0.03496117330760459,0.04142400527993581,0.05752260612600858,0.04445373443594278,0.05573157737086068,0.04430462441903686,0.03857709121757288,0.02855068516412469,0.03878646653297827,0.026559911115496534,0.030572523799608273
2014-06-27,0.006674983655859422,0.021859641816862514,0.010250655131330293,0.0028808100917824095,0.013898387451309628,0.0018705665356153302,0.026058113732595603,0.025761983867287206,0.012979070454307753,0.011484967708297308,0.015377799681808692,0.01365947327799291,0.01097512950154959,0.008977837940022899,0.019683667096698013,0.01404622042845577,0.020600819175624556,0.018869039352340435,0.012189184630811457,0.014439771607155474,0.015031258152745397,0.014375133338905393,0.019981497969065655,0.017047260791923435,0.009262524666932993,0.01312566633541083,0.019783253328164677,0.018006628773319513,0.019635884262034678,0.01576918594243304,0.017987917695668168,0.01985407707663007,0.015116617779716826,0.011683521623209072,0.004787175094143891
2014-07-04,0.04568288587458566,0.035650730419216355,0.025230448192687854,0.030380227655416075,0.029472960892723006,0.032968710261081564,0.05131110379436294,0.050268676247656026,0.03597096917598953,0.043243848090335504,0.03054764271743324,0.0385370273788527,0.029717171854748047,0.03117982656629809,0.0464720405430666,0.0450202908493177,0.04790336252741339,0.048185049888642306,0.044586394014273195,0.04121474682032735,0.03108644275188849,0.047460557367967976,0.03399301397538663,0.04325014535413613,0.03607280053939994,0.03540667290273163,0.046269299367045796,0.04811378329343497,0.03806626851180444,0.04822390861404628,0.04343138367815471,0.046985037155119196,0.031631540050144416,0.02806037710797812,0.02978736330735526
2014-07-11,0.05483652753281161,0.03514147674515781,0.03279905885745522,0.031025101321706182,0.03556987141826018,0.039409410642361115,0.049757547349040865,0.04843504790765228,0.03292563875763912,0.04446724309462411,0.03290280533738802,0.04942653937761568,0.029588434779062176,0.03915241973121293,0.043396217764859954,0.043870815768333925,0.04267964680449692,0.04298153833399121,0.04327760657509929,0.05132217299174972,0.030988935635939362,0.045292924090012496,0.036140860168968635,0.05021038464328226,0.044167037253873234,0.05646153148141935,0.03990806802153588,0.045528767269652944,0.03925846487761396,0.045530606202827534,0.039853359759592005,0.04230189928155106,0.031684971842519546,0.04048380734961201,0.03817747865982079
2014-07-18,0.04522295768974601,0.03184015006812983,0.029603189146394298,0.03545747735349885,0.03282711207312571,0.03163508881020676,0.041819433728418856,0.03495318341519759,0.03991498791580118,0.033442448837257326,0.029155030117283504,0.032288922465613795,0.026586167838509752,0.03257450498176858,0.03912357772065686,0.0423198933149995,0.04364519864372859,0.03785900852318297,0.03389536246250175,0.04545915375573869,0.027572209726994812,0.042035231043257626,0.03172910711439735,0.03994351549260289,0.03619428638014101,0.046948415964043255,0.03723569630747241,0.04371360347842518,0.03288554759334858,0.04372173230407299,0.022154730867907913,0.034845668192950256,0.03134965966812077,0.04120041598663545,0.02217022164885939
2014-07-25,0.014146223417309322,0.040319296792065105,0.03337147984825045,0.021172301331053932,0.035393007774401165,0.035505580463858016,0.03530017385789016,0.01633938614259084,0.03580551728713692,0.03698876419974309,0.03274893745463766,0.02752895726543932,0.03341866785232416,0.02990007736556085,0.03338921390206902,0.02577559907485776,0.03153870393839455,0.009203357095171233,0.029079684614998505,0.028231534214981046,0.02989360058068798,0.028763247411210162,0.03602295220786866,0.034908482582245735,0.02227720998853122,0.011479638559654448,0.029235744288601713,0.028563238125969684,0.02521736190248264,0.028563238125969684,0.027794505445226585,0.022146594826928528,0.032171578345971216,0.036220185728163636,0.005050195900031213
2014-08-01,0.026803804313770278,0.028734463331803545,0.028430420610870383,0.015024378398233819,0.01903845264005949,0.02089876928051079,0.0375003154594866,0.022386558287553926,0.027887028620469004,0.025486570126841728,0.017040237320187064,0.018497536944687032,0.016096923682620466,0.02060006619265132,0.027299527624865583,0.008876821220582724,0.02723885839665784,0.015023604556037292,0.026714967229608953,0.022001030105244103,0.02070840410016512,0.024966857707654094,0.018303147784919403,0.025596765255627214,0.020761180137968276,0.01794919236422789,0.029917590544156263,0.024432906592050354,0.021432256090796627,0.025320039286149103,0.025381946661871258,0.018565789826420716,0.021669980413569764,0.01800196840203103,0.0016294795132272436
2014-08-08,0.005659508534225053,0.03949379483767865,0.029374445628221613,0.002219748292717894,0.03380069138109325,0.027386508959302565,0.023633717284985676,0.008587318962312325,0.021415995590189356,0.013384120350536896,0.02935620624692743,0.007570278589976382,0.02649948263824314,0.025638802090164246,0.02371914618198753,0.014777796151990518,0.026284351474260396,0.008556296424897426,0.01480913047370105,0.014495787256595713,0.030338794454596585,0.01674094596940722,0.028479624699771545,0.018408836058864952,0.030017812522248343,0.019838834730759137,0.024680221273258394,0.015984089591772176,0.01843767610621047,0.015837395080679568,0.01675154663545854,0.00010959217991296508,0.030967195702433205,0.02694860791609414,0.0006333897965666725
2014-08-15,-0.01325394343008503,0.03740836021850024,0.020222707382579606,-0.004329996058667113,0.018221543648884224,0.006593388823024725,0.029090474028098605,0.015282569809122046,0.00937606097844242,0.01213064277091067,0.014370809983779365,-0.0029611008854374303,0.018544504358101996,0.01019350623321182,0.021516433372274147,0.0033590738487883904,0.015691057042403814,-0.000917252354411034,0.03438495819116439,0.013680634473993264,0.031040792635561455,0.021148276995294105,0.02193857346352574,0.005303899927182909,0.03593243902381576,0.010561819539593792,0.027451032565903227,0.019163433919401767,0.02438698599278509,0.02068815998877004,0.010072827523110502,-0.004670219002099629,0.028738952167725533,0.02351853868238122,-0.0058996039369937315
2014-08-22,0.006735527711728566,0.035412776412452045,0.0164487715367219,0.0015877478355393285,0.02135483833867203,0.012354136312331423,0.028761178881839402,0.010388465754854742,0.03453914489685918,0.018966051800426313,0.01614249666415182,0.00843948678426363,0.020773467218091722,0.00913297497901868,0.03253017069416051,0.011150924846363361,0.019324133579461954,0.010190371261439249,0.03328696094484006,0.016276659230439593,0.028538676879298775,0.02037334153624053,0.020209889959002643,0.014951095283244299,0.031440336044773656,0.011838586732488545,0.02353623978325462,0.022405463505657877,0.025511988279982977,0.023071552303072475,0.02021650360663654,-0.0025429475152360004,0.032395535724470334,0.01196471844093513,0.005554204270072703
2014-08-29,0.016185778625553066,0.015644067018924724,0.0010963174936838049,-0.001963370657793472,0.003484723462066408,0.01872325358188922,0.0188036061692777,0.017733234227294663,0.023084622199906188,0.025131490360445798,0.006554475342688241,0.017281152644629583,0.0038471749570378948,0.0184317199282332,0.027801837990643525,0.014990868035406302,0.0098489314256156,0.01828060674529716,0.03010470226129748,0.018349165900094368,0.011416357239878414,0.01540568237108297,0.0038845994497941692,0.015540599239927037,0.018629849595766426,0.016845424621824385,0.019473001403157792,0.015126885624625533,0.02025923024257532,0.012754046987263413,0.007756933729693415,0.017966744192601674,0.02053063643794226,0.012827795252400766,0.02511136290215672
2014-09-05,0.018069638582235998,0.013443392528415185,0.0012614752528613481,0.001745384660140951,0.001436115710157784,0.012789942169737887,0.016643172816484093,0.007630438560733979,0.022986873668269833,0.023404881016192286,0.003959223125545611,0.012399237103549095,0.003477353543912778,0.011735509220023562,0.029975630153429897,0.015779385109910084,0.015297358618612108,0.01639902137753237,0.02809742146175128,0.016186251871607885,0.008560599055660544,0.01757725605303904,-0.006083309262492447,0.012138296330427832,0.0133130789933015,0.006463815200447392,0.014249672784498645,0.01800609016785589,0.016561265971283063,0.01800609016785589,0.006491588211176475,0.02069473727996226,0.014725109069860902,0.00976958802553388,0.02035847986757569
2014-09-12,0.012799849936627292,0.0015115998323925954,0.0030458807367808854,-0.0007001209988101766,0.001572712749858162,0.016114753545391925,0.019300343466862265,0.018591402046019855,-0.01315392687820777,0.02304776277027994,-0.0019310423949184825,0.020236410755035236,-0.003993446075103037,0.018377664319273977,0.023823329878973138,0.02788072401381001,0.010764537552684656,0.014313182345304029,0.0113731466729102,0.017191947586080964,-0.005212554405989582,0.018556750388035993,-0.010614117855527471,0.020497085727595597,0.01440028401287255,0.013307181711018197,0.021105852355357415,0.017586503964488045,0.02105686751157115,0.017586503964488045,0.0019934153792894164,0.015797533367303364,-0.0011496475073825513,-0.003934538256530484,0.01166469312258344
2014-09-19,0.015734956833150984,0.036181493556310985,0.030758281653448617,0.021242072430160703,0.04060947009423075,0.028600958231381125,0.03355645562978213,0.03070467861627125,0.017910413033373443,0.021027183103078707,0.03200324002729822,0.027071919666437166,0.03407117203425092,0.028041705178812416,0.03346547362009233,0.01906391221916075,0.016771070139303592,0.026620349866595727,0.026456677684828615,0.011638539564705485,0.03490862007798649,0.032613869284639316,0.02865217537669599,0.028065086919064872,0.028445239022488984,0.01821358035936773,0.033389443199407516,0.032677334008181666,0.035928986497846614,0.032677334008181666,0.03182445719706863,0.019336540129315113,0.026355993048231323,0.031897783606975996,0.016415095073419414
2014-09-26,0.0040448702223881,0.07319773381800064,0.07241974517701032,0.04372872715530076,0.06924056320938622,0.03051399753942473,0.05076559058945217,0.038789492953846615,0.05325464345887288,0.03305928669039338,0.06662597439135419,0.027149060602154877,0.06450094391099045,0.030652915492710354,0.07298720589903264,0.02991371904403445,0.04302840224401214,0.022468385848157833,0.0456410793470907,0.02344543149896154,0.06911215968834467,0.02775045426460134,0.06608989765648468,0.026862940597451868,0.039484879268172096,0.01883628674614025,0.045381723351736326,0.026863259216610785,0.047785864215306964,0.02743008270031529,0.0607388481921368,0.02609905116396031,0.07136591230890887,0.04647729532965528,0.03379959830612545
2014-10-03,0.0395505954690059,0.04546936899841487,0.0533617873903428,0.050811154022638715,0.04985708931510585,0.048855449520578804,0.042774488401142605,0.04421327436539042,0.04106963435777926,0.041776693058089884,0.050144141691851794,0.05004722947760444,0.04689942464756278,0.050323709612796134,0.057570660827284674,0.040782101424598996,0.03909246500165467,0.04313955110572074,0.0344434018709082,0.031631185617475216,0.04946799878881347,0.04184957745062301,0.04660628522264922,0.03634127941537581,0.03860454003537779,0.04046813788753313,0.044646896454593146,0.04184957745062301,0.046919287646846525,0.04184957745062301,0.04673187063747559,0.05263246290857701,0.04355827594546065,0.0418404468783716,0.046984963692865415
2014-10-10,0.0145256598034286,0.02808571277923902,0.02340827722400101,0.01501853006720883,0.027656464546616442,0.027957501972435163,0.024429452868565227,0.0192019677669355,0.02728987215434071,0.025788872811802206,0.031138447998381422,0.02814031496243205,0.023690630679035884,0.03033568152953154,0.03495609864940059,0.011572142801161313,0.02170626412682272,0.020164514399729824,0.025156194904570585,0.01985123575167342,0.025334014764444232,0.017555362307254074,0.0206035877131497,0.023537293263637574,0.028921659292365995,0.017521054671245838,0.02815465007794724,0.018480540998480722,0.02659647134206167,0.01853015016228606,0.026720816389002304,0.020087845692030665,0.02191951910370015,0.012164553529979503,0.032714827498909846
2014-10-17,0.013877110371489719,0.005275648763977269,0.0006862227948562623,-0.006300889676372582,-0.00022424637296237934,-0.006039242154591122,0.01633772071589946,0.012765028143942555,0.014234588304623033,0.017492501250682132,0.006924028130087676,0.021317531187203736,0.00609815297697997,0.0188216064533511,0.018819840733878945,0.013205815932170689,0.019487924774157735,0.02292032290805515,0.02019469412287167,0.0251677627561914,-0.0008687339802952236,0.015422917509376468,-0.0018125912981326092,0.013651900878815265,0.01850859254692544,0.005662180787312221,0.018046616125031563,0.015223712248928137,0.02062504811421896,0.014557875487977547,0.027169928117651558,0.021893958334882984,-0.0020630024232731353,0.0009424126382692647,0.013078202570320217
2014-10-24,0.0115877568554269,0.0011390298377263993,-0.0067955841013182475,-0.015511144113243641,-0.004304211573057702,-0.011995965930090157,0.006200165764873386,0.0018437469896421985,0.0022724545976741772,0.012564159651904657,0.0002523881921025005,0.0035537730780118063,0.005093405107753848,0.00031100118595371487,0.011653736509707512,0.008791949077682309,-0.002894296824789659,0.0022296959382253306,0.013220593154079885,0.017413023662361225,-0.002694916558820362,0.0031487668991874293,-0.0017194746310942575,0.0011173302133877896,0.005970518133226817,0.0032951392390235183,0.004573094678730351,0.004029563254875092,0.003266633466057632,0.004040773390311109,0.013250380085381309,0.009297045751471198,0.001313827873102105,0.0072849865854966965,0.0009840897464910342
2014-10-31,-0.00716275854682004,-0.007464862602485343,-0.025881133131118828,-0.026522349504920377,-0.01787274990938436,-0.020079920479513264,-0.0032803337528412987,-0.009301244164215983,-0.010694074644065696,-0.012035626631806559,-0.015289850693711703,-0.021111292475231743,-0.015429729638546857,-0.01601872663047611,0.0005992683718470663,-0.01647631268544137,0.008071344428406324,-0.0016204473951280214,0.002830745260865484,-0.0014487350132956138,-0.01867031079888174,-0.015124254095341808,-0.02134149683735958,-0.024407856576492828,-0.004216205437568049,-0.007358463617620823,-0.002681614233356243,-0.015095086512674383,-0.002695100319965913,-0.014256596918466282,-0.0021120622965386067,-0.007559657212041807,-0.0161946730162441,-0.018298816157273544,-0.008658302825848063
2014-11-07,0.0025662955843394537,-0.010180511233280707,-0.024411921993038363,-0.02599850737200247,-0.022090788940104793,-0.012912781023166701,0.010990487462219959,0.010539482396457946,-0.014365114460012696,0.0010284294049071267,-0.021252536732083775,-0.010434681288783484,-0.021521353923069392,-0.011946386354640869,0.01446772242044136,0.001128374257965883,0.007085432137692198,0.009186310545797209,0.022153606943359584,0.013794112909230296,-0.01021881293844655,0.0026601309557849053,-0.02506187684466968,-0.009181454291181501,0.004181078570749601,0.011387290460335696,0.008415732595646699,0.0029701479843166935,0.013958128992541455,0.00250880379582446,0.0007146526953825278,0.013131939094372344,-0.018265783490048863,-0.014447827441854416,-0.011108447453369256
2014-11-14,0.006521843695808091,-0.0008390588892971095,-0.017609480456165963,-0.01308467071141695,-0.015203398428168017,0.006410670552440427,0.025242427488795405,0.020569229862009045,0.013419132286802698,0.019073260177173413,-0.012682060627243707,0.008682810926070296,-0.013376421700650152,0.011164421600904185,0.02833611854900658,0.018988467101723507,0.025892507733911326,0.03151350351517109,0.02806682202234623,0.024847982663739547,0.0012045327440300456,0.016649748461444087,-0.020239007940395813,0.004407983729684701,0.010208929259954794,0.022448024580079648,0.024903255186995783,0.016416724528170633,0.02095111274996122,0.016241642529787964,0.023903482017755887,0.018902574856777033,-0.00315304621302611,-0.0017822248265859737,0.01529148901210764
