,lightgbm-goss_None_1_2000_10-all,lightgbm-goss_None_1_2000_10-baseline,lightgbm-goss_None_1_2000_10-high_autocorrelation_small,lightgbm-goss_None_1_2000_10-high_autocorrelation_standard,lightgbm-goss_None_1_2000_10-high_calmar_small,lightgbm-goss_None_1_2000_10-high_calmar_standard,lightgbm-goss_None_1_2000_10-high_drawdown_small,lightgbm-goss_None_1_2000_10-high_drawdown_standard,lightgbm-goss_None_1_2000_10-high_kurt_small,lightgbm-goss_None_1_2000_10-high_kurt_standard,lightgbm-goss_None_1_2000_10-high_mean_small,lightgbm-goss_None_1_2000_10-high_mean_standard,lightgbm-goss_None_1_2000_10-high_sharpe_small,lightgbm-goss_None_1_2000_10-high_sharpe_standard,lightgbm-goss_None_1_2000_10-high_skew_small,lightgbm-goss_None_1_2000_10-high_skew_standard,lightgbm-goss_None_1_2000_10-high_volatility_small,lightgbm-goss_None_1_2000_10-high_volatility_standard,lightgbm-goss_None_1_2000_10-low_autocorrelation_small,lightgbm-goss_None_1_2000_10-low_autocorrelation_standard,lightgbm-goss_None_1_2000_10-low_calmar_small,lightgbm-goss_None_1_2000_10-low_calmar_standard,lightgbm-goss_None_1_2000_10-low_drawdown_small,lightgbm-goss_None_1_2000_10-low_drawdown_standard,lightgbm-goss_None_1_2000_10-low_kurt_small,lightgbm-goss_None_1_2000_10-low_kurt_standard,lightgbm-goss_None_1_2000_10-low_mean_small,lightgbm-goss_None_1_2000_10-low_mean_standard,lightgbm-goss_None_1_2000_10-low_sharpe_small,lightgbm-goss_None_1_2000_10-low_sharpe_standard,lightgbm-goss_None_1_2000_10-low_skew_small,lightgbm-goss_None_1_2000_10-low_skew_standard,lightgbm-goss_None_1_2000_10-low_volatility_small,lightgbm-goss_None_1_2000_10-low_volatility_standard,lightgbm-goss_None_1_2000_10-optimizer
2012-12-21,0.0230270519222991,0.0697384176906871,0.0350898002858606,0.0216864931587651,0.0399550745848734,0.0255171768838227,0.0321496550305961,0.0237775291773595,0.0393526403234043,0.0373961542912831,0.0446337272924784,0.0237824702785577,0.0491299393404587,0.022169580822063,0.0391055852634959,0.0242961547608135,0.0429611645368981,0.0301886079819842,0.0693232697256078,0.0694418561543639,0.0654610389698234,0.0280703959067998,0.0680235700681355,0.0607092199560147,0.0369769208588538,0.0339411842996401,0.0342625459198748,0.0256908755951737,0.0379811046562048,0.0241137141011888,0.0295943455417275,0.025401631132727,0.0674042220371803,0.0549883749803035,0.0372121932928281
2012-12-28,0.0393666909945517,0.0837879271023548,0.0574801898273879,0.0353230174502409,0.0514047383795205,0.0446979777489449,0.0594430425532285,0.0557375568314483,0.0517368668457683,0.0417277570410986,0.059913778794444,0.0377586893210192,0.0641117765690807,0.0405408806292167,0.0529519571353418,0.0397908459343436,0.069883313428392,0.0372951485653895,0.0849639150868323,0.0794428947388357,0.0820965140809087,0.0506823494976874,0.0815155732973009,0.0691938722963463,0.0483913447581597,0.0488475006733198,0.0592099466912268,0.0475909416641863,0.0611722313524158,0.0485076086568348,0.057431714977126,0.0484536425149416,0.080622386310248,0.0806668847079494,0.0509131731010831
2013-01-04,0.0046352395282068,0.0400682618851263,0.0466409904706391,0.0176960838388729,0.0416319616022538,0.0304976668563513,0.0365973744883862,0.0303491579602534,0.0247871415987058,0.0221747791135007,0.0511260753066375,0.0374160128361068,0.0538786208958515,0.0349478995394192,0.0450135885518615,0.0219424314272981,0.0523397047209027,0.0172511380197949,0.0354054308581666,0.0176271540252995,0.0430729045028539,0.0375591002861933,0.0298347014583864,0.0196181800729843,0.0333737439653963,0.020768688365831,0.0426345418682182,0.0301783824108945,0.0436895939866501,0.0327479541972239,0.0288441258228758,0.0170855902933755,0.0355341902009373,0.0420008135541005,0.022568802064686
2013-01-11,0.0194190561275073,0.0402483227502689,0.0396535027098766,0.0293921156183274,0.0493382345999676,0.0296656424022191,0.0485082355466686,0.0460822471141338,0.0348630357329624,0.0412023985809935,0.0475415692106241,0.0351498255864876,0.0496894176176557,0.0380653942850605,0.0566115866559606,0.034606231949913,0.046728100939767,0.033389489474836,0.0431722527491749,0.0368267389123282,0.0458527383439534,0.0538672845522207,0.0348270908920715,0.0282203522489642,0.0438146466435994,0.0423015033949729,0.0538620946554076,0.0531835637016917,0.0549827279302415,0.0511841078998355,0.0333033756314182,0.0222204470961915,0.0330582971707985,0.0426075150885468,0.0368394253267603
2013-01-18,0.0309418389548233,0.0136315871330162,0.0242201841079096,0.0315973726353851,0.0249225007047946,0.0241751197476963,0.0383350673393239,0.0414544376293492,0.0185867571798779,0.0340022054850777,0.0239545717136011,0.0231856133297903,0.0344131313460066,0.0181292393533046,0.0436784401861517,0.0225365719723102,0.0439369874053421,0.0232644759601638,0.0141425710798504,0.0252390969303616,0.0211004319165266,0.0476490686025808,0.0078572385341553,0.0123636745554946,0.0342993247413999,0.0362265899432379,0.0397561222914767,0.0468608242002042,0.044290437111931,0.0498606593652567,0.0258033561864234,0.0225218687700371,0.0102813574024139,0.0273825183006808,0.0310800872463254
2013-01-25,-0.0030665893131287,0.0062398164221024,0.0163288603744599,0.0061813163444096,0.008823898085321,0.0064695774354972,0.0201009357369856,0.0198635442502076,4.738409438466337e-05,-0.0060377510166915,0.0019615884639596,0.0047296485621679,0.0094595797332487,-0.0052044315357239,0.0176887744630025,8.902180754174288e-05,0.0091715070481031,0.0029902849066643,0.0023717481994483,-0.0112070448442535,0.0093352318116031,0.0151999319706712,0.0037567202782619,0.004848155899615,0.025930027173037,0.0218297486597436,0.0161845414229742,0.0213851106368895,0.025371591961283,0.0216712992626164,0.010833435861491,-0.0048571993848256,0.0058706349462375,0.009663058150487,0.0010568631310168
2013-02-01,0.0106025524565459,0.0144241550718108,0.0176050874950349,0.0082907302475749,0.0046306847484388,0.0073271313287692,0.0339305022863223,0.0188919858011346,0.0087094446402881,0.0045267472376812,0.002510618909582,0.0091031473325515,0.0064098503737592,0.006878958711082,0.0166898445304319,0.0009800881139169,0.0148356438037624,0.0099274218162598,0.001311539462839,0.0021156193143323,0.0081801229500308,0.0226039074197219,0.001365268300842,-6.299243076215116e-05,0.0222602281283579,0.0099676258088344,0.0331216053665942,0.0221494355589586,0.0302434070963294,0.0228227134806928,0.0182440901235604,0.01663722732356,0.0114737007196154,0.0093532643370483,0.0134813065423762
2013-02-08,0.0060833619440242,0.0256025156270786,0.0237430076250588,0.0073202020101808,0.0056739137692192,0.0101324110123259,0.0262177958715121,0.0144278307911326,0.0209862043299239,0.0093794474540579,0.010979194901131,0.0085784656163812,0.0160539882918805,0.0081304181323592,0.0241090546627059,0.012704713303117,0.0163696161361483,0.0020132587070587,0.0177863400643978,0.0062000833001256,0.0250511363675684,0.0143437988021672,0.0132837029413731,0.0204604041703976,0.0257324418781032,0.0138551204663377,0.025523562362675,0.0158761359723779,0.0249368159254375,0.0181003057374553,0.0294499801327941,0.0085479924775256,0.0215509731700473,0.0146066065390854,0.0175809695770802
2013-02-15,0.0134508771892956,0.0490019942079784,0.0394834876989022,0.0151593222821579,0.0155960258341578,0.0146935175172275,0.047695961202684,0.0408951745630922,0.039676816138943,0.0128026801089289,0.0224872671992912,0.0130460552208882,0.0246151775460482,0.0107980328615268,0.0366591871803015,0.025032233145369,0.0211977312861912,0.0118929428282771,0.0407915594164165,0.0231653069247648,0.0492364719075531,0.0351863321615445,0.0374230476802131,0.0337420222815854,0.0372514061313371,0.0324686125183258,0.0451600778007692,0.0368317555193983,0.044976573337068,0.0371377816502777,0.0503990375604155,0.0155496863231222,0.040454207776077,0.0328684298195413,0.0110097117479376
2013-02-22,0.0185427849075066,0.0283107485166299,0.0328688351225626,0.0148295630278864,0.0165744570623498,0.0083375798124579,0.0398678483359113,0.0356633312337719,0.0212839678973574,0.0082298428797126,0.0181675567929451,0.0078453590149152,0.0214161400107254,0.0065308573664191,0.0184052444590018,0.0214509416316122,0.0222052852758344,0.0158530638889673,0.0220148019359805,0.0101617030689402,0.0301441273681317,0.0289021908014847,0.0139939538965935,0.0041861907166723,0.0305334242230518,0.0306080255699527,0.0373465819716644,0.0327559149696852,0.0337988529062613,0.0329391788243551,0.0245817917063924,0.0083629405681042,0.0306489359859952,0.024924254465119,0.0173832245179588
2013-03-01,0.0217903288260277,0.0240292962541657,0.0357678620722277,0.0199841389215511,0.0334783777942552,0.0213320612037485,0.0325751901503457,0.0337429198237829,0.021961437651013,0.0153217478615504,0.0302052495017951,0.0239772961156829,0.0349618152997075,0.0242820663304996,0.0220850883403578,0.0282750381412891,0.0256286909293006,0.0284789598178696,0.0204171944092712,0.0276434370939164,0.0234604473572224,0.0247381093526707,0.0183366371581226,0.0119212612128987,0.032201828098861,0.0251248190048043,0.0285827744895834,0.0287976337833623,0.0265876789592562,0.0288623325698411,0.0272038931892142,0.0228979942965448,0.0200466131079217,0.0115126763263682,0.0276404709604389
2013-03-08,0.0240286883216209,0.0133185885450124,0.0239417264438578,0.0340782088298853,0.0334225934892865,0.02601373566667,0.0223988425576253,0.018475078508534,0.0096794269354586,0.0132343843739943,0.0292822520786626,0.0298922721852545,0.0280603733479784,0.0277128935404261,0.0192088308428946,0.0272284441791031,0.0402664748840678,0.0372334725638608,0.0163830294449688,0.018521593001291,0.0151002957850254,0.0114635243177274,0.0154075120593218,0.0164300954929759,0.0273393067843698,0.0184800425057847,0.0158244878283846,0.0157691484516262,0.0175769627096487,0.015668213840861,0.0145450634999418,0.0292109175996518,0.0094086133076678,-0.0034588029732712,0.0210716167741753
2013-03-15,-0.0021807931878523,0.0324239768661191,0.0268710302377528,0.0013330456669664,0.0103659793201681,0.0213308236505285,0.0205065538948195,0.0129363396115964,0.0142552804196386,0.0080778982054024,0.0068084609022294,0.0178783181822573,0.0321644472933494,0.0150850101207377,0.0167255417122504,0.0047999289914312,0.0130211507633209,0.0120658423182521,0.029037718566681,0.0104125708541627,0.0357947649831546,0.011494732030459,0.0261173757757543,0.0183491474730542,0.0386552303729712,0.0139566214068061,0.0124957220186241,0.012316817808012,0.0181032679323249,0.0116605323721351,0.0111194517839869,0.0050791141990394,0.0226473984822351,0.0157260077095226,0.0114017309606495
2013-03-22,0.0056034894583795,0.0595763376064957,0.0440307680725582,0.0155465771201695,0.0236622726412388,0.0230908919057025,0.0284719130469105,0.0257059025202318,0.0397950739349108,0.0149664002732459,0.0237626949129109,0.0242285223117991,0.0515677527652684,0.0227531578788926,0.0336520896447741,0.0176395018733958,0.0175493417316755,0.02069358504801,0.0508957665057394,0.0316887242821906,0.0558171908269586,0.0369962612428501,0.0526603031005048,0.0303245940078699,0.0518684698233233,0.0353728289349233,0.0238567033533632,0.0325424968437247,0.0357241236334554,0.0331701360416758,0.0281266656749572,0.0080489916763818,0.0479972645512889,0.0321393417384714,0.02744881534117
2013-03-29,0.0299376733834764,0.0588119526094455,0.0458192585206868,0.0303843978456155,0.0324766122901219,0.0340452700554138,0.0395288951484038,0.03828384736408,0.0448337938697681,0.0483527094118269,0.0378140732368183,0.0318056109276624,0.0520525465317136,0.0324396596523856,0.0366806151011041,0.0338219078243443,0.0293332599424823,0.028860924741318,0.050548281481685,0.041752090229639,0.0544775176496971,0.0336113509627873,0.0597240604728541,0.0434824615184898,0.0539193864727985,0.0379042596249569,0.0285603644254726,0.0362388298529199,0.0351306165885306,0.0354110541808563,0.0388333806500202,0.0222925019167618,0.0532953991098352,0.0337981264238209,0.0414180530192107
2013-04-05,0.0417174512378127,0.0937675117730986,0.0684206230130124,0.0516888818898009,0.0694248258845924,0.059152261738771,0.0598999097908314,0.052822999755095,0.0684380905751924,0.0528746746265443,0.0556689387140335,0.0567473787248786,0.086355078573829,0.0549887955116479,0.0682526796808022,0.0657136967364234,0.0542578872066766,0.0493329444407672,0.0722240027239447,0.0603755369526923,0.0765719700765944,0.0536205031408777,0.0839219927251669,0.0643020993677484,0.0778283608771488,0.0513149668868843,0.056905860460908,0.0550544808235958,0.0521499527498451,0.0534642048501208,0.0546818394970882,0.0374953958958774,0.0846045013265976,0.0563645479870993,0.0624894758840232
2013-04-12,0.0226623795189909,0.0703390511725802,0.0416048180657487,0.0154204730473888,0.0267428538064862,0.026534343858919,0.0390581996207664,0.0367306255980542,0.0479756324567478,0.0261051548292141,0.0277272823045822,0.0265479660244831,0.0648502262708815,0.0272372476020245,0.0334722035951313,0.0199430320146564,0.0161108443981754,0.0151592907263073,0.0679809631752505,0.0318193808400255,0.0596503732317688,0.0268963302051746,0.0634386066606965,0.0536108499072877,0.0310501825578417,0.0253568438675618,0.0353538787317134,0.0278357147424721,0.0346202797088702,0.0254434808405492,0.035555123524313,0.0064632634879604,0.0673843123235447,0.050986312675279,0.0231484183863166
2013-04-19,0.0155797104397753,0.0574779541832313,0.0283399220828351,0.022482639571278,0.0055705957607877,0.0060147658006665,0.024796106205569,0.0255494101092552,0.0217607969756293,0.0263615714038207,0.0052096744629634,0.0064902203996613,0.0428145982650211,0.0078234375149839,0.0151763694007768,0.0031855458132651,0.0083893875618172,0.0148449651728529,0.0507257032450985,0.0273819429279831,0.0453208979727335,0.0245695140881299,0.0486054231820719,0.036091599535666,0.0334919763973702,0.0238572159342454,0.0250002512099701,0.0232244547950628,0.0253880383438715,0.0228310116956715,0.0181963014745408,0.0090057110512948,0.0555622607346501,0.0362471385866382,0.0190365658476342
2013-04-26,0.0126154036251635,0.0475052319602951,0.03610983740254,0.0247207191185143,0.0194890413072424,0.0143646930244191,0.0271070729391709,0.0217491464961308,0.0254692971008288,0.0198017522553831,0.008935274200565,0.0158400192544484,0.0470072409147076,0.0146928667012345,0.0225586658208695,0.0113893001984807,0.0182507496120747,0.0122599427800985,0.0321704798795701,0.0099698217061355,0.04325907548394,0.0362009765444937,0.0460363634683862,0.0266893973504968,0.0271572813287502,0.0220449393999567,0.0295756520934864,0.0255004044726334,0.0322223254992444,0.0266226347455127,0.0183295185710886,0.0110671296986802,0.0464331188947357,0.0339234075679256,0.0281236109136967
2013-05-03,0.0109230076995601,0.0369595019318534,0.0357896871614774,0.0172482652921003,0.009590446462422,0.0039167152322471,0.0310062493422341,0.0270783784528573,0.0084264795919054,0.0207876674114284,0.0081204187406534,0.0073603946162041,0.0170580793310343,0.0028338967708513,0.0210381299069855,0.014471046456666,0.0134083801500852,0.0184512769625709,0.0229169584835715,0.0115966654462311,0.0330903779959973,0.0256423574923389,0.028679395180923,0.0049534716254944,0.0311273422010774,0.0129252682243877,0.0274414770994336,0.0320520022331666,0.0264192950324364,0.0303719962554245,0.0206413843590663,0.007460435670464,0.0251502490689561,0.0128790262262855,0.0149735908173636
2013-05-10,0.0049488882443555,0.0026291525939914,0.0070329965149472,-0.0006892368667047,0.0042375501696158,0.0033631265678435,-0.0054265595147896,-0.0039470262252846,-0.0013064665717469,0.0107329882697759,0.0022021002038108,0.0015857616765119,-5.240125130881472e-05,0.0011695816703688,0.0072577515418193,0.0041355994357768,-0.0018146161210035,0.0064916951536381,0.0014160814341786,0.0095407706847261,0.0041787324385548,0.0014757903429829,0.0042482443025359,-0.0104934396923642,0.0059006660742502,-0.011292113185952,0.0091989149023781,-0.0018081996412514,0.0119551494270023,-0.002319557430384,0.0148753606564023,0.0005211607443094,-0.0102332157913069,-0.0053761188545161,0.0039575421226561
2013-05-17,0.0035064644848335,0.0195546547102535,0.0208460147904164,-0.0038536673061525,0.0119513388326091,0.0060357553851268,0.0029128825653598,0.0093813989312513,0.0212624451681333,0.0185574227785221,0.0131647736416767,0.0136930331489595,0.0131292723307034,0.0110364700488269,0.0229476924000362,0.0088570445681756,-0.0141137236839932,0.0076885189174892,0.0147293164162704,0.0195583822414145,0.0160762361545977,0.0015865535873971,0.0173214446369864,0.0153248509078476,0.0122554075610954,-0.011394145756883,0.0086811355723028,0.0060451632325347,0.0086135055748987,0.0037762744482307,0.0175303698520643,-0.0001633060304772,0.0134154128971483,0.0079198099584803,0.0143490973757463
2013-05-24,0.0217546601723026,0.0462188549249284,0.0461258976315971,0.0393262551424318,0.047246648371317,0.0351288821104827,0.0418683088252551,0.0406274776491367,0.0334172092232225,0.0404578903661527,0.0432362426855148,0.0388257444345775,0.037670935793306,0.0393104550850109,0.0469322272286418,0.0358690270225533,0.0385876902361032,0.0325708528140449,0.041504205279801,0.0414977097006391,0.0434823724688931,0.0396420807346555,0.0398588926337085,0.0254875115160784,0.0434495434606964,0.032354040914992,0.0453643348639114,0.0408444651043832,0.0488579031158579,0.0411139438615057,0.0382200755667778,0.034908734643752,0.0412166442347413,0.0404966882849306,0.0403757300675642
2013-05-31,0.0210390087248659,0.0269466053252039,0.0322417407620958,0.0165509757435835,0.0202202804664178,0.009178193905028,0.0287047219519325,0.0285662709168335,0.0070642614976192,0.0135283042902767,0.0189079901210136,0.0091683297091431,0.0135557831216704,0.0085625623939961,0.0225794086001089,0.0217886876121197,0.0349091250171905,0.0203071206194761,0.0093243953797509,0.0177251673465989,0.0288673050376786,0.0419474049274343,0.0128740967274805,0.0008200493561113,0.0269707372324481,0.0122528285330858,0.0397057664125868,0.0370281656688969,0.0434057206012063,0.037708266745891,0.0191931710699007,0.0111892568410656,0.028224370841608,0.0064930188680694,0.0139898077406067
2013-06-07,0.0212135964103291,0.0348982733330976,0.0348121416344326,0.0364998254782776,0.0371062761881135,0.0275204366939634,0.0364316968478944,0.0367520426099293,0.0288323540764461,0.0277325885429805,0.030299943614364,0.0214584005821983,0.0322276661559321,0.0211066379906083,0.0542697490714912,0.0279660967761333,0.0369458385585323,0.0322149582248762,0.019891971580512,0.0060629186069773,0.038251401975487,0.0349810512180511,0.0246187924361919,0.0262044598335045,0.0302791167273557,0.021313847866437,0.0443028481447056,0.0357239356876958,0.0400986409537009,0.0358651349216506,0.0331518151421664,0.0255207025430783,0.0320488726259368,0.0210123875019435,0.0267556663430557
2013-06-14,0.0358873526928391,0.0432084802383559,0.0379295113716242,0.0394999241078995,0.0408049575328834,0.0314256741310684,0.0354470683297657,0.0439280081017975,0.039518232258645,0.0306140720310307,0.0342106460328183,0.0289832246223917,0.0413680664800842,0.0319311923904874,0.0525792314506658,0.0410637601298292,0.0477522786191672,0.0351610701302561,0.0200991500358866,0.0149959752018785,0.0434541291708512,0.0477334372213126,0.0415929190110846,0.0386998756952255,0.027105839300316,0.0267423425209518,0.0416842820157757,0.0402308281454279,0.0467035593046201,0.038414410742825,0.0374803395567326,0.0359138372992574,0.0435174078277968,0.0294608362831016,0.0395047233318813
2013-06-21,0.0151133776683387,0.0360294337936678,0.0310903205976952,0.0264725133324599,0.0189789029319652,0.0201800811732191,0.0353882556921655,0.0325018797512619,0.0330828464614133,0.0182081633205027,0.0240273280270876,0.0192521830778569,0.0257990793729444,0.019788170563996,0.027018177623765,0.0073269543115246,0.0385178061628889,0.0236479614245612,0.0202564204139731,0.0155959635259691,0.0358794431543879,0.042024393634895,0.0336014515382728,0.0104498743787083,0.02860804087252,0.0304387490498511,0.0341205942154192,0.0334500274574344,0.0328213935218356,0.0341605558367529,0.0283800983508319,0.033192696120057,0.0368383428663005,0.0233682300752255,0.0080281642858684
2013-06-28,0.010877710556317,0.0334354740103827,0.024406731213191,0.0278391106038693,0.0276480092205849,0.0346198415042641,0.0302718418495194,0.0286795666874973,0.0285006972109353,0.0242895530922718,0.0382965044813671,0.02979462021334,0.0327595280384146,0.0344987633551145,0.0215602424271089,0.0158674421289552,0.03376573532183,0.0179057387013144,0.0181418676832576,0.0282388634974743,0.0320108998922089,0.044657450524974,0.0262434672356483,0.0275747950542617,0.0325643493528895,0.023579925228369,0.035254127913718,0.0333581823717645,0.031779025486517,0.0358295593516966,0.0408226591305338,0.0230915353295301,0.0316568836933046,0.0286935713343243,0.0293198804133071
2013-07-05,0.0441872882326094,0.0418842142670405,0.0355460148191097,0.0475766883847157,0.0332697948656124,0.0436209886407662,0.0516473275268243,0.0527372399325032,0.0207590699932354,0.0333670647368094,0.041411248095641,0.0433288291355522,0.035024501355012,0.0495133385180809,0.0216729869125398,0.0380216729977231,0.0490534059796332,0.0393066499832306,0.0229740589127058,0.0403654220344615,0.0423928690439981,0.0641912921033873,0.0291382745810999,0.0268968688440922,0.0636718779890277,0.0643630888902856,0.055289524376556,0.06408702439973,0.0540671779915675,0.0668919305955968,0.0462994090149145,0.0450707645807118,0.0363969512462721,0.0341427744650245,0.039691355822731
2013-07-12,0.0440162400461705,0.0126630844785208,0.0093659696667938,0.0453634085010889,0.0278621809082439,0.034275920095743,0.0353660745636366,0.0432261991045358,0.0161174685086992,0.0251068009775328,0.0282178840442905,0.0313113754623813,0.0261118118658781,0.0324852661779297,0.0084522594350302,0.0302252670736811,0.0468296724174827,0.0389917133539039,0.0100552104615666,0.0279527778988789,0.0115858598120817,0.0463203941885733,0.0088573951038311,0.0247852256399001,0.0413475869433876,0.0401830198016327,0.040272385376861,0.0419360275912985,0.0469232599883911,0.0424567403918416,0.041889409722331,0.0509172679017453,0.0075542057705802,0.022122025948204,0.0407660070384568
2013-07-19,0.0239297593803303,-0.0118845767795371,-0.0139281095870359,0.0276964913340893,0.007511423397438,0.0124957398642245,0.0078458069129153,0.0123951086907116,-0.0060695701085364,0.0075662173348482,0.003583295198551,0.0131042686883468,-0.0019368427523327,0.011812396240946,-0.0149300307823079,0.012680845024578,0.0172881019284812,0.0217413386942154,-0.0088918091283475,0.0059464593709579,-0.0122920188148791,0.0151476259376002,-0.0079474918159938,0.0122851695727028,0.004699897294877,0.0088659927539908,0.0074854314014871,0.0166265353828913,0.0050116256246943,0.0157775805962226,0.0208284576472348,0.0229922913101528,-0.014487815607953,-0.0121481847291774,0.0278250463410901
2013-07-26,0.0168149147949111,-0.0291423545053144,-0.0165482624941419,0.0083643043718531,-0.0101320843249418,0.0029500498113441,0.0038408829427206,0.0096768242992384,-0.024503360171077,-0.0021130041579078,-0.0042493865333519,0.0020013863523782,-0.0343394375912758,0.0034160321774213,-0.0276209245787515,0.0129988162783001,0.0024988326352897,0.0014672028704814,-0.0274439180745494,-0.0033230466354919,-0.0292816569041748,0.0080517745163702,-0.0268279987193119,0.0002107555099685,-0.0078716040428775,0.0082198164409156,-0.0066264063509534,0.0062991113054477,-0.009043854665046,0.007746451479827,-0.0037452607597157,0.0018421332314179,-0.0278914439530981,-0.0149430754073758,0.0120800347515233
2013-08-02,-0.0042490899174305,-0.0466585610602751,-0.0379605598038234,-0.0117154336158771,-0.0145321627680182,3.969957775193068e-05,-0.0169144903182693,-0.0174023540181985,-0.0377161868474394,-0.0207035944614808,-0.0103104214485945,-0.0047156040666576,-0.0474208809608234,-0.0009187364504634,-0.0369622477552883,-0.0026718698039884,-0.0104646322528398,-0.0145826253424051,-0.0316982601879508,-0.0088074836561905,-0.0470295313454733,-0.0123532734984247,-0.0392000688425225,-0.0055247696825257,-0.021231157739162,-0.0078269923070018,-0.024686256101554,-0.012824551596982,-0.0262214828838629,-0.0109457911351931,-0.0211441715532433,-0.0098883708264496,-0.0389385809570631,-0.0248605813585269,-0.0096189430254398
2013-08-09,0.0186142859336546,0.0014291222354554,0.0130240684172094,0.024617238637958,0.0067543651741093,0.0101988569850015,0.0041035538944302,0.0122893500556904,-0.0044848544315782,0.0109627012375742,0.0065220684332665,0.0101652911715311,0.0060700843312443,0.0106199392270033,0.0045589123374891,0.013015721363066,0.0030575081730507,0.0102299364419185,0.0001953565863357,0.0179934071829003,-0.0023407270980953,0.0152648084624802,-0.0008794598323041,0.0133817485671005,0.0013967995923004,0.0060908631681545,0.0087063326653966,0.0096664214887883,0.0068264695141569,0.0096863123412152,0.0141534070831266,0.0206582486174162,0.0084891316607706,0.0152653412531702,0.0214616969779461
2013-08-16,0.0062667588206035,0.038594925436728,0.033710083485172,0.0094567144331848,0.0177460835960836,0.017929545153829,0.0291718987505545,0.0203312560502832,0.0280062423221274,0.0232042427118372,0.0212135425920376,0.0183672218545744,0.0312673070656178,0.0189339616279197,0.0189305839442015,0.0016883974270224,0.0215488221442739,0.0160846187523929,0.0291564325145818,0.0231032677459464,0.0343690873558719,0.0229690492613555,0.025723639219946,0.0193437279947833,0.0240347973608553,0.0059080132551672,0.0406487347064527,0.0183817992264107,0.0378493459953895,0.0190166259926015,0.0208498193874376,0.0052399429702764,0.0376040194937532,0.0357788258761444,0.0245876708536734
2013-08-23,0.0105057631099878,0.0542883312545733,0.0406067480176909,0.0140535886971046,0.040855526834633,0.0110925663439108,0.0427949642831733,0.0209605542840817,0.0535437830453712,0.0086493115500607,0.0310991406067352,0.0158649703347675,0.0490423351347929,0.0199130362892365,0.0363011396502841,0.0100378943931507,0.0282439968010824,0.0155353518159866,0.0449559955161789,0.0281958864475545,0.0564246810923177,0.0382910124880247,0.0350708380818122,0.0228822856917325,0.0340070448372606,0.0067395630185674,0.0512242916888497,0.0278195883664286,0.0554816108538307,0.0276101563070187,0.0260182222670466,0.0105395655516859,0.0527321667468213,0.0381643874683303,0.0129513429395101
2013-08-30,-0.0071062096043759,0.0467104616019814,0.0399187723283813,0.0011771899123068,0.0282433285816785,0.0023764577906861,0.0310546499172184,0.011642507764529,0.0367596325437324,0.013097119988222,0.0386905497403987,0.0020176003585409,0.037434458244423,0.0024461300606689,0.0267507133016313,-0.0047534584821774,0.016123611009501,0.0014752424542852,0.0303800051834629,0.012088410292419,0.0422221194773193,0.0201781751886301,0.029319357977309,0.0082023263297937,0.0244026673197433,0.0006692157257049,0.0417382138930751,0.0187682617978872,0.0424365652953183,0.0210726947484353,0.022927062931588,0.0001364490690052,0.0429452633496603,0.032747414627398,-0.000839324644624
2013-09-06,-0.0115041314061331,0.0242294888489188,0.0222704762737786,0.0024937706277761,-0.0044620402334379,-0.0117067103874646,0.0147482711178211,0.0086324350390049,0.0010915358155599,-0.0105176598448662,0.0045342999943033,-0.0115483500657671,0.0058205956379668,-0.0117629723405762,0.0147340708165565,-0.0077938982617983,0.0027862249335671,-0.0124287687441718,0.0061950162396649,-0.0055644509632574,0.0164665075708367,0.0052764904236894,0.0092265109336819,-0.0101700220898571,0.0094201023825675,-0.0028978500865458,0.0224182313071899,0.0127686772212774,0.0224045702578721,0.0109201215477956,-0.0031814966105398,-0.0169214564632504,0.0242110642795069,0.0113560168714239,-0.0160431947926327
2013-09-13,-0.0035277068665216,0.0338735080383359,0.035168268973813,0.0200992878468107,0.0056734337845465,0.0168354761988609,0.0333259275327211,0.0317955680873891,0.0181294313764529,0.0201716418802705,0.0101511455285126,0.0194087008343823,0.0155320290317309,0.0225338936162481,0.0252888988061302,0.0108014363589398,0.0311810960854073,0.0058254847112974,0.0331077908674882,0.0184025499433495,0.0332379923088875,0.0318306705392656,0.0211589878863694,0.0162134822429056,0.03995402264241,0.0261539235130879,0.0485251101011226,0.0344277146957032,0.0272825747974041,0.0366072904066091,0.0300470719768242,0.0096047293005772,0.0310159712862738,0.023964855812644,0.0097146931039048
2013-09-20,0.0085090421692873,0.0274943544142795,0.027228005402019,0.0260623268661495,0.0036849098816766,0.0113507522880907,0.0297874572156333,0.0253208401974198,0.0082444808699334,0.0154212423878122,0.0052588708551976,0.0157549828917944,0.0053030239909682,0.0155889170491594,0.0195492924459066,0.0067747355974416,0.028904573257857,0.01400512440573,0.0178557426147722,0.0122073588735663,0.031277402100846,0.0310534187845687,0.0186808878565408,0.0148517205636625,0.0198142112605299,0.0230928050385366,0.0357347237220552,0.0304379562483015,0.0297197080720826,0.0303037092646428,0.0112558319840657,0.0111639505598307,0.02586336961873,0.017839833185284,0.0093724415448815
2013-09-27,-0.0090634969768448,0.011877324357096,0.0070194571890965,0.0023754297163732,-0.0152209186464112,-0.0076390122730474,0.0078735857379011,0.0124865124591044,-0.0031995117764213,-0.0057299181190126,-0.003349392799283,-0.000618676531648,-0.008605771227074,0.0014471513532103,0.0014529497984089,-0.0109827823375923,0.0028960598110262,0.0008975290325641,0.0078319423587473,-0.00338892765291,0.0069460102165805,0.0117248076125568,-0.0011865727401929,-0.0071733795525511,0.0162987266115147,0.001360877517073,0.0149800196049771,0.0091135744581057,0.0129064604598539,0.0066573179298727,-0.0028640805072035,0.003327604702173,0.0117838463273065,0.0036517905019147,-0.0029510571851829
2013-10-04,0.0167457019621555,0.0252744040123362,0.0224269035572312,0.02390969280675,0.0118842353120664,0.00534696702929,0.0251034001611158,0.0266474992264645,0.0193343386305343,0.0215004441180219,0.0176651745277659,0.0129161965426185,0.0190298856134639,0.0104431926323009,0.0165671873417045,0.0175118126522709,0.0229158100373117,0.0188777464408486,0.032895510942248,0.016484392889558,0.017437053104763,0.0290887128619074,0.0195404514017008,0.0075509763060514,0.0231896954823871,0.0139914763894836,0.0279751798820885,0.0246181617896747,0.0262441819479701,0.0238497803656397,0.0189364361790791,0.0215764263684096,0.026810468053158,0.0257149262728562,0.0226665533216722
2013-10-11,0.0175844711575967,0.0439096651757103,0.0389843848584791,0.0314042282308145,0.0363384860636698,0.0283300138912137,0.0418260501802729,0.0397508901293169,0.0319374871854411,0.0289316080894537,0.0371970347238646,0.0206241692261887,0.0361453344057011,0.0269852739186772,0.0372974456940721,0.0313976038959745,0.0328701238010841,0.029094950240642,0.0327142776077411,0.0212670783548787,0.0424633809217291,0.0475257673363596,0.0409514636567811,0.0386386991745875,0.0367064852964964,0.0290233028296085,0.0478212475351475,0.0431910118065317,0.0465066657185934,0.0419339571083258,0.0359873963171455,0.0305547444498747,0.047514087588089,0.0451533838406053,0.0329482212223566
2013-10-18,0.0107608517168931,0.0380079159843552,0.0282348793641692,0.0114171327982815,0.0267127806270113,0.0119435847397293,0.0232992836420336,0.0195521640548226,0.0344144679714185,0.0144380097568439,0.0316236635637963,0.0126063050680048,0.0277475850051431,0.0154862147298489,0.0290239481583921,0.020952439202224,0.0235243092156838,0.0146266622872668,0.0182968589792315,0.0213854350469586,0.0342468735186535,0.0270991354402391,0.0317936944883565,0.0195297137075675,0.0210255333560779,0.0135779352131628,0.0326022550569405,0.0265008075808349,0.0337232061164001,0.0278899445714586,0.0271744920321885,0.0138649167838893,0.0329952231507551,0.0254393760466563,0.0232267115892786
2013-10-25,0.0182280325226516,0.0381835534497444,0.029211881688128,0.0143880803681572,0.0322220202336414,0.0115515077288339,0.0207735511349442,0.0161350926013268,0.0352932250791525,0.0156586034435993,0.0291214003534837,0.0097470415683427,0.0275001330929852,0.0156212755926149,0.0346354292166436,0.0154938104424792,0.0281464037664804,0.0187217234550262,0.0187853700212208,0.0085246834619127,0.0392159177696999,0.0385211380916995,0.0327418578634798,0.0190432246231824,0.0210240089738074,0.0109649272133644,0.0233161454455468,0.026770089776958,0.0262058715685298,0.0296068344340277,0.0304407764689239,0.0147938702320846,0.0306258675641278,0.0279148678797291,0.0275863139839676
2013-11-01,0.0254321591395457,0.0434735130528899,0.0376100857347781,0.0189000009658401,0.0422639744336198,0.0314048437196717,0.0267117387817942,0.0218638238871992,0.0288021869473359,0.0058344858687643,0.0409265123075544,0.0220164075945391,0.0394095802316661,0.031047445069595,0.0356256412895993,0.0279991959218403,0.026438423858209,0.031058747566435,0.0244334294187757,0.0130555825998528,0.0486771138906012,0.0304602289837719,0.033756448062198,0.0268896674820479,0.0268648362389904,0.0199107181832586,0.025076130489086,0.0358044262396137,0.0323915859437932,0.0362445386165648,0.0246026243714713,0.0276935147573042,0.0280098134188718,0.0287936244497298,0.0156484781249177
2013-11-08,0.0123835081142244,0.034553097272894,0.0185727134251551,-0.0023586097164318,0.0157194770330852,0.0220767296755878,0.0338031710242016,0.0259100439326804,0.0147939423363483,-0.007923542129288,0.0248258073070373,0.0235213590113059,0.0248839187199773,0.0191453317339495,0.0256702918752,0.0206038942154603,0.0314569652058535,0.023574712764707,0.0162348335110001,0.0206016853021029,0.0348294661533168,0.0189184933237891,0.026888592549994,0.0174358027117594,0.0151667389445071,0.0146155301036379,0.0224957435478392,0.0288905477174171,0.0282149600628869,0.0300944054971822,0.0149871372969119,0.0126489175499327,0.0223361920368724,0.0206258134326218,0.0109589289151347
2013-11-15,0.0088300878834376,0.0504563951900448,0.0421262868540912,0.0170443305470005,0.0392825780071328,0.0274701971700099,0.0409366680921579,0.0313956529969806,0.0440644449077318,0.0144384108230598,0.0401595200595354,0.0275132785680938,0.0444545335044444,0.0342410447110516,0.0446951835015536,0.0267076900812675,0.0401928408283659,0.0326527547301312,0.0327931058473263,0.0135700513929316,0.0497779470418947,0.0288205297412014,0.0413388733320816,0.0275208514701007,0.0371685603402201,0.0194380407280359,0.040677169983387,0.027535660700692,0.0436009833049076,0.0282523938039703,0.0302920287445038,0.0170344016310359,0.0439469807832688,0.0321706133023566,0.0186255524860478
2013-11-22,-0.0021293613618705,0.0252747765980423,0.0153346157453319,0.0155042310009931,0.020387400365368,0.0117338252136896,0.0176614408993834,0.0183375461545888,0.023377710591912,-0.0074390929019411,0.021362015009009,0.0088416158741005,0.0245278299098136,0.0189142043700165,0.0206912943650945,-0.0041610425095432,0.0200118237278324,0.011645820472905,0.0144003856863722,0.0002743627721782,0.0186441324599606,0.0092124809767567,0.0148723805198343,-0.000343353104342,0.0258956894467882,0.0068748866001234,0.019440045316387,0.0063577956471006,0.0217542502877256,0.0059103681026528,0.0262027805594686,0.0060202478268064,0.0183897095764687,0.0083398374094359,0.0047153209342934
2013-11-29,-0.0049563418549724,0.0215582532497184,0.0150508249664155,0.0049219292258799,0.0151372762053551,0.0076239081423297,0.0152628403349217,0.0049195790951126,0.0238515610904655,-0.004826413196838,0.0166168513898474,0.0026941731249726,0.0157206122350931,0.0215924139571666,0.0193723797144946,-0.0102815703071676,0.0078240049905161,0.0057856022828589,0.0117138071433474,-0.0040651386947194,0.0180537884875617,-0.0005632759849743,0.0179389678129312,0.0130045325340396,0.0139365272497534,0.0031020886795808,0.0153387159854085,0.0065185073492866,0.018306259678562,0.0065754140871517,0.0220950062083998,0.0042704394038905,0.0199038450008689,0.012885179464358,0.0001244729974246
2013-12-06,0.0099247299520566,0.0446763463133447,0.0421301489712703,0.0129297947979251,0.0386474734404261,0.0320496181966095,0.0308845426574361,0.0226401521895564,0.0300471341544163,-2.4767477707221777e-05,0.0455622854597661,0.0326734908783157,0.0397437690246152,0.0358643118069884,0.0411223803851022,0.0129117212331118,0.030192559412035,0.0166373858020026,0.0312045116937618,0.0235786387772733,0.0395765885500915,0.0151520065308587,0.033740333245772,0.0265370135807073,0.021627363168718,0.0182942965910511,0.0282499858902418,0.0200022484659152,0.0357024864627798,0.0199371501630226,0.0367800390908661,0.0139512859055256,0.0432187465556316,0.0316458079012884,0.0034764836614174
2013-12-13,0.0274497193746495,0.0791892959981533,0.0730488984513103,0.0418644052304225,0.0643452178507741,0.0565075717653076,0.0648485498265302,0.0588006409573702,0.0584065750185621,0.0271571629331297,0.0671247569758538,0.055500233332086,0.0661892508446998,0.0610862908506276,0.0663130182384033,0.0522861593656249,0.06799230907477,0.042713409082326,0.0570345106008981,0.046197107112182,0.0731971158069852,0.0432155607150903,0.0655075184567663,0.0579666443235044,0.0668202284839894,0.0493555363376047,0.0511290859928818,0.0507790299856224,0.0616103631389525,0.0519826425963248,0.0629992895993554,0.0351155412446066,0.0739142584846705,0.0691102625083589,0.0300972287050836
2013-12-20,0.0274173687877239,0.0675565803563083,0.0616115969665529,0.0343363010560691,0.0511780884443938,0.0432531858270021,0.0566720786284389,0.0372982593211875,0.0425291703102483,0.0323956495953102,0.0485909464058258,0.0463346336175809,0.0494518102930648,0.0459822322103341,0.0555479670137397,0.0422981122856976,0.0622437622839048,0.0384110792599969,0.0450116536812408,0.0328978763736916,0.0601890143369163,0.0400473610691596,0.0509640521999158,0.047617671357117,0.0421941277480261,0.0264238698418989,0.0428476966898257,0.0426045043270055,0.0476439624233679,0.0447676186560407,0.0494823146712148,0.0419821138932597,0.061437671451355,0.0425492256748883,0.0292976856220866
2013-12-27,-0.0022725965224971,0.0479808994337692,0.0304997362197017,0.0142613154854076,0.0264115472921894,0.0061539415584819,0.0383737391975826,0.0174940907543706,0.0336185122984478,0.0087242119605881,0.0338094063769112,0.0040979267081199,0.0371073240402838,0.0178258468661063,0.0351679946644442,0.0053559472269638,0.0255777918008536,0.0065073558374311,0.0119924126038306,0.0167268207995973,0.0420761105417099,0.0293716647041389,0.0301916529884087,0.0054007745963127,0.022286757741014,-0.0026940073729306,0.0344559614307038,0.019666623186486,0.0342146995215114,0.0218717268158062,0.0234986077483562,0.0044743422964354,0.0463622450439876,0.0262102438620421,0.0015902803088869
2014-01-03,0.0383315728482243,0.0516882887694004,0.0455390583028312,0.0431084124090941,0.0444017235453417,0.0469829731115718,0.0484285668910203,0.0363921937836006,0.0660723663684773,0.0500828567294531,0.0491684892819645,0.0425211084554923,0.0556555284058381,0.0412823638672495,0.049623994035001,0.035189714962647,0.0534849550747452,0.0482638598645814,0.0503650917054406,0.0557895102683236,0.0459527566852425,0.0513085053461748,0.0417659074311068,0.0505435662916839,0.0524308972643645,0.0378283853270852,0.0510138459869493,0.0432729515384622,0.0486614401281975,0.0413374341064666,0.0582985640941167,0.0462235746604167,0.0506928267876106,0.0372899394210816,0.0410006325824743
2014-01-10,0.0239078597366924,0.0457404555881546,0.0327207896118312,0.0426753857750399,0.0404234094095878,0.0362190085637637,0.0327995137152598,0.0327564823197416,0.0322354354995911,0.0276667688870548,0.0356305792483056,0.0342625811628784,0.0413952851525511,0.0330613714321729,0.0276662685219907,0.0289990742645716,0.0341548358857282,0.032199576003326,0.0400809929173442,0.039138471924812,0.0377644694586148,0.0387246700167475,0.0366274732444771,0.0373846923749135,0.0430815154187872,0.0219150724744777,0.0456930874770193,0.0267574387771123,0.0366566612065534,0.0269844377278885,0.0364893724867676,0.0293089670276445,0.0454824337850058,0.0351787495953646,0.0317534171544455
2014-01-17,-0.0003038178635738,0.0240744319426351,0.0181903111206524,0.0136797209387012,0.0113765110326506,0.010570123662937,0.0102768619032007,0.0131652758157442,0.0057727043470255,0.0155471616832089,0.0098971720432946,0.0073252763067544,0.0134135091950486,0.0099786519697905,0.0198461349710421,-0.0059076245491989,0.0152004596477951,0.005537995975763,0.0099893730127505,0.0062325546204478,0.0198809371258814,0.0130610342903486,0.0201834354764756,0.0100914703295541,0.0212230467653496,0.0045031679214403,0.0139333973090468,0.0036985948820738,0.0147597423125783,0.0058635858035017,0.0150645498108869,0.0011097104159201,0.0231473915071065,0.0183057685063753,0.0089923160174715
2014-01-24,-0.0053665004258455,-0.0014503299671054,-0.0066244178614086,0.0034308633207891,-0.008416978986737,0.0085115406974768,0.0076295677327854,0.0041745295050767,-0.0044608459196819,0.0041727204984364,-0.0099862100195703,0.0033407418990753,-0.0070538102557418,-0.0012651534621239,-0.0071858677404793,-0.0016486628698548,0.0139620777045189,0.0049094795664613,0.0013740227708365,0.0063177090083134,-0.0033938609122387,-0.0066941468446323,-0.0064155598220354,0.0076325279254694,-0.002269152147457,-0.0011307936052989,-0.0084110586013689,0.0019149157562682,-0.0049522379052306,0.0029115139598912,0.0138563330436395,0.000526914297757,-0.0061971633840138,-0.0013700758472578,0.0014501655048757
2014-01-31,-0.0081309062056118,0.0005527481425972,0.0069186973390118,-0.0037703466921352,-0.0066566915915915,-0.0126296321691737,-0.0054876288631588,0.0040088032114718,-0.0105210705161447,0.0079234095106089,-0.0076241861020215,-0.000756539537177,-0.0037497617025515,0.0085300903236173,-0.0016492693654393,-0.0062189723730855,0.0007975448364276,-0.0056259599931607,0.0056513207003277,0.003181451310127,0.0007031832441763,-0.0081845918584459,-0.0043972831348938,-0.0130167946532623,-0.0022732415696979,-0.0115893491355761,-0.0064837776790891,-0.0062375812036691,-0.0087258947445367,-0.0103409106873089,0.0121599650468339,-0.0035001069488814,-0.0038138221901358,0.0051357078812373,-0.0018182309599416
2014-02-07,-0.011022095976694,0.0031905070378665,0.0064614047721329,-0.006539159738669,-0.0071668004643103,-0.010484730085082,0.0141009949694066,0.0119540024294375,0.0034180885607165,-0.0045944618997727,-0.006340983415061,-0.0083962185051136,-0.0041475355772886,-0.0071327002989014,-0.0020799453548415,-0.0067549627178265,0.0126068476251635,-0.0039174006445534,0.014621557880962,0.0059484196751127,-0.0006846390697546,0.009578192837522,-0.0073714014567634,-0.0085324544316504,0.0030566597544024,-0.0048740173620859,0.0063800256334277,0.0162901596946156,0.0057009875570253,0.0152739088713923,0.0008093435393898,0.0005414842690768,-0.0037569486585234,-0.002731802139976,-0.007087068676591
2014-02-14,-0.003471942981632,0.0073792743419274,0.0031158256719427,-0.0037050175041214,-0.0010104447165539,-0.001219103437928,0.0170628701682839,0.0105456182034567,-0.0003571614064474,-0.0008139938957376,-0.0006805101409555,0.0036078361904715,0.0024647911856232,0.0024980416516158,-0.0036033385428976,0.0015369907432393,0.010572925349441,-0.0021488314435579,0.0042367036994626,-0.0008647530612142,0.0084294750199447,0.0192408560059368,0.0045255169258141,-0.0115424896621538,0.0199204826804046,-0.0009776761413728,0.0096811060876482,0.0205342509439692,0.0042261021016099,0.0188747796194768,-0.004932714661521,-0.00241515643204,0.004281840805472,0.0049073350787827,-0.0028875700575682
2014-02-21,0.0156785630844221,0.0339516200548985,0.0114309176280122,0.013319932424368,0.0261951663839585,0.0173396689030273,0.0374409485496313,0.0217048400716105,0.0152802093583538,0.0066993714147117,0.02241648747792,0.0127951249278811,0.0268727248406044,0.0171289667284402,0.0276004427517553,0.0133329186909065,0.0240995076213089,0.0002468202283972,0.0222158496599003,0.0125451392970151,0.0240613604633521,0.0258846322853567,0.0247525544998635,0.0169723198883196,0.0368859479834424,0.0110908397730354,0.0257192197153227,0.0272160492622159,0.021961805820741,0.026594007095022,0.0094472654142572,0.016818107973175,0.0336291546639197,0.0176823440113118,-0.0051148845686837
2014-02-28,0.0173170807733939,0.0530679058792029,0.0330872637222791,0.0099149386826648,0.053670233946914,0.0336147369030804,0.0492647299297719,0.0332869314607681,0.0393989377335102,0.0204880834439556,0.0493062530337956,0.0277306211035936,0.0507081443934716,0.0300794338745606,0.0420945333029253,0.024393526016937,0.0346784420444382,0.0234316822401374,0.0315580456569054,0.0261050564609148,0.0472364236179881,0.0274610453266896,0.0487893228286253,0.0252783249718175,0.0344912636770812,0.0288738040612467,0.0381221022847807,0.0328715382209058,0.0407576839929115,0.0339193477990045,0.0351703935073442,0.0138210300541465,0.0530757723209494,0.0335798639836855,0.0054711555540009
2014-03-07,0.0164611362852663,0.0336900453243499,0.0120350596858271,0.0062443013008174,0.0374027870352824,0.0175974174505405,0.0310206029661231,0.0290832507317509,0.0172968568569562,0.0131916855131736,0.0302146046741795,0.0128668066907061,0.034236331114931,0.0202887937229684,0.022064819144814,0.018612107471398,0.0207002963019158,0.0117864733461308,0.0138525691451795,0.0194758019534374,0.0318760324291957,0.0248054676456984,0.030674902653566,0.0195036169211144,0.0252843619177604,0.014903339152681,0.0301503918345137,0.0237248164157782,0.0278746506505165,0.0241525311473145,0.0209884593670497,0.0089785920948043,0.0340114272334283,0.032647222275875,0.0080562477666344
2014-03-14,0.0144696522793709,0.0268696499352795,0.0144441261198802,0.0055871751854461,0.0309312063111426,0.0142062473697802,0.0385276660937961,0.0342251771008749,0.0080575749766425,0.0001522956448138,0.0321127699513694,0.0142353753799965,0.0331618481257735,0.0188084729839597,0.0280909121106399,0.0182412597957687,0.0268103758765598,0.0144052887729251,-0.0010334962549604,0.014696099068472,0.0259013000738406,0.0266725659357514,0.0287633619809029,0.0183837678027411,0.0256233311591418,0.0194151499279277,0.0332092985940292,0.0298584812037134,0.0208067171256819,0.0293748935932402,0.0152423275611308,0.0125276283294103,0.032690632089532,0.0271437819719929,0.0140007852762113
2014-03-21,0.0203351688408628,0.0486300817859449,0.0399142087094417,0.0241010273185106,0.0482828349862627,0.0315739100310059,0.0287244960549655,0.0264181314787396,0.0253762361842832,0.0228180361454893,0.0476355026693156,0.0267084115391163,0.0489379496104586,0.0370517204572235,0.0276097583646611,0.0196537500181663,0.0182982277415871,0.0230930628836585,0.0250559164179265,0.0189083606298855,0.0407308840321206,0.0214176877791575,0.0451124786592858,0.0274449290971336,0.020526457953036,0.0313490013515183,0.028733056592939,0.0215784702469157,0.0333253961003991,0.0241931698363352,0.0333932578196078,0.0299337109552691,0.0509879649859122,0.0369253357875045,0.0288983527989015
2014-03-28,0.0163386240023364,0.0262192463667512,0.019724889858419,0.0320890482188806,0.0238741375285602,0.0299950818393485,0.0252265620228344,0.028693149931018,0.0226205231409327,0.0253932652373497,0.0284983262301771,0.0282513009635607,0.0264310820807445,0.0356605053440241,0.0395649028127895,0.0304880448399611,0.0152153581673448,0.0287096182821258,0.0284799935374346,0.0300477494905328,0.0277143705727266,0.0323256642447025,0.0303022321236886,0.0297527174268192,0.0248630154040404,0.0303117091936657,0.0213254271519299,0.0328795290720531,0.0237060360578187,0.0327988962963463,0.0404086727643579,0.0388176125408241,0.0260599227336082,0.0260448526387266,0.0421411122285338
2014-04-04,0.0273078021080427,0.0252478290105882,0.0172721669272962,0.0212485536159826,0.018570432735514,0.030308854541191,0.0205785562817584,0.022988397960073,0.0226752758036415,0.0258539873021744,0.0238000865734383,0.0385344225570859,0.0211219656929698,0.0388783742445833,0.0254983577620005,0.0229558556772813,0.0136987440082989,0.0188763924756374,0.0315359633004336,0.0230628248077977,0.0233390449497716,0.0209732677022228,0.0288776169171639,0.0244906369283731,0.0248004892860552,0.0279799793080998,0.027036097402437,0.0228968435950896,0.0343104653916585,0.0221220569961819,0.0362765486682676,0.0373068466837363,0.0225651925790781,0.0303589914553486,0.0297490961362326
2014-04-11,0.0138074039660708,0.0262554767719386,0.0165617744834285,0.0095127347031503,0.0225578983037251,0.0282664788096492,0.0094740510437549,0.0122688279745702,0.0213543196703087,0.0119588888573898,0.0233981324440346,0.0329921498161171,0.0261894638667256,0.0388632956599054,0.0184906325770077,0.0141882892278104,0.0095429612062407,0.012404299089457,0.0359718878876044,0.0272641491734924,0.0266184296281996,0.0118314050567911,0.0323940409285417,0.0234388520855035,0.0265055109301263,0.0239680508105932,0.0111433997299729,0.0115228754656616,0.0284884008556546,0.0099075586113927,0.0257796050139409,0.0254538478821899,0.0242289697440052,0.0381149939409121,0.0263689435171999
2014-04-18,0.0340701617678983,0.0326753531849165,0.0267237196816951,0.0259091706118988,0.0256067566756147,0.0502766656675284,0.048148142770013,0.0417467636102701,0.0411374406048715,0.0462874677873612,0.0259996932868295,0.0482726114480428,0.0271541674013573,0.0362535562868614,0.0407981355784616,0.0451632195660039,0.0485486746056655,0.042909917981298,0.0597524056741488,0.0503408375637978,0.0335538415107162,0.0419129285204169,0.0384406709157532,0.045207085862246,0.0498922543082335,0.0563457150069777,0.0452011956881923,0.0392437496466028,0.0472621365886703,0.0390182179821778,0.0391853129198068,0.0537961996692022,0.0293448471355973,0.0362313906318698,0.0531549457202493
2014-04-25,0.0155691168656385,0.0452923372601018,0.0368110476562947,0.029263790113196,0.0354308123173956,0.0314376218701769,0.0324924826776625,0.0269331063582883,0.036304235198708,0.0200563599848983,0.0358325899549421,0.0294920657887501,0.0386679076674654,0.023978593575912,0.0281182103426238,0.0133478249307135,0.0308078797713579,0.0224248562750205,0.0355198196019334,0.0201316738410457,0.0403638698950484,0.0243041237144663,0.0464655371001119,0.0244482159268475,0.0417178076271523,0.0345177096151791,0.0332759646315923,0.0251436242390842,0.0354370366030276,0.0278382730963239,0.034531091829288,0.0315796911897277,0.0389364855924868,0.0322962620731133,0.0273529344241677
2014-05-02,0.0038448391760763,0.0309055639671848,0.0251964735943739,0.0308758229519471,0.0214943906426283,0.0212390053192314,0.0154613951838721,0.0192095185629452,0.0396639826406708,0.0092637047736694,0.022669503026026,0.0215789010914474,0.0231629698880524,0.021772332685454,0.0222645635628541,0.0099702244856439,0.022489049270595,0.0115076348626083,0.0331705829086401,0.0119080938815101,0.0307134454716748,0.0186275243020644,0.0334615027900414,0.0181345209342729,0.0270872210763647,0.0156909793281962,0.0077578120046742,0.0207396675302304,0.0232884223276158,0.0190746417406067,0.0217392700967021,0.0088204497870841,0.029114544859555,0.0308061443186428,0.0141585128897368
2014-05-09,0.0268460210191395,0.0639335510515947,0.0425047820780819,0.038473852700283,0.0434632353111925,0.0405345585144692,0.0574106743588562,0.051798108968434,0.0640321874099187,0.0292674013156808,0.0430824885098194,0.0398279501590378,0.0445642333723295,0.0430363849020749,0.0463400063454552,0.0392408348277607,0.0613644507604296,0.032324980036098,0.0484063574993652,0.0279970430628292,0.0566764665647751,0.0409076213812182,0.0596929597572023,0.0340629605960725,0.049629514439526,0.0378232272971129,0.0454521198588924,0.0417895488980726,0.0491565604226638,0.0419338186910146,0.0506605730140845,0.0373383553408337,0.0596377608799027,0.0522682403154342,0.036739008440155
2014-05-16,0.0070014217161375,0.049157760032614,0.0379533634159835,0.0382177044109676,0.0482060850751839,0.0256325899416841,0.0269458083448277,0.0208134744421636,0.03209574298492,0.0028356150847198,0.0477957436138857,0.0196261401870476,0.0435409851375447,0.0279112344638453,0.025637933338729,0.0162285254601973,0.0281318853300508,0.0110960354398692,0.0320044337589475,0.0058010432858825,0.0386415615236146,0.013520837587081,0.0496291574352204,0.0283528505137296,0.0440572515873205,0.0395879714355019,0.0249476921675219,0.0135973738918118,0.0310240775599516,0.0147370890497339,0.0299535122461395,0.0248742990375233,0.0456459692557478,0.0348384772563012,0.0246349462816608
2014-05-23,-0.0043862443026076,0.0062868040179747,-0.0073784315982342,0.0090486061766462,0.0008947587552951,-0.0019641466042634,0.0095958295428288,0.0076529829894529,-0.0001223186745817,-0.0148392442756361,0.0010194267001954,-0.0058343345269134,0.0007133950867091,0.0042141210972742,0.0008842653478726,-0.0038645496738856,0.015814348075823,-0.0073369278226078,0.0100490820962726,-0.0134184055870245,0.0063665225630579,0.0011146504571041,0.007385792645232,0.0046040999701405,0.0155429290450289,0.0156287557206638,0.0086940229765782,-0.0006637471739788,0.0167020590201628,0.0004056406749894,-0.0070833632462341,-0.0022391678495458,0.0028545200549641,0.0030620389330958,0.0024205315181318
2014-05-30,0.0007394161472627,0.0177003368364331,0.0116428425478101,0.0052416248696051,0.0167151330636734,0.0231329366627207,0.0334991371891299,0.0293990975569245,0.018140574489202,0.0066724369742636,0.0218125394025263,0.0165112052178891,0.0180020425598815,0.0164124794985899,0.0101466345266879,0.0095544381720439,0.0271787956201747,0.0161278335047067,0.0236614746735605,0.0126921784730968,0.013772000900503,0.0230861801620606,0.0232111274324056,0.0016307909216708,0.03090667878091,0.0226563678705199,0.0328713995755383,0.0269372730204813,0.0309559626599841,0.0261444660042215,0.0053672039845536,0.0093663064413475,0.0155560141385261,0.0080386429682127,-0.0030788207917751
2014-06-06,0.0249292568718743,0.0214331970059283,0.0226475830353866,0.0244031877218764,0.0145917076453104,0.0225661058975624,0.0421622209821627,0.0352570727987367,0.0293225857774825,0.0280197365158194,0.0168016376436755,0.0288549164256938,0.0189409227248519,0.0245458904545974,0.0377282320019948,0.0199360741249823,0.0346333566743136,0.0275690219441559,0.0289588429483135,0.0164466861819788,0.0228003330452189,0.037684275164633,0.025284208333571,0.0145654905315982,0.0307215121265221,0.0323573344312009,0.0391631087644482,0.040842730917784,0.0406990862528338,0.0406540304945379,0.0144895079984442,0.024601621444824,0.0229350293539919,0.0146714579073811,0.018139652375228
2014-06-13,-2.419665300116422e-06,0.0173152810758172,0.01454492033387,7.750734332304881e-05,0.0123647238447468,0.0200937592430697,0.0267963882318275,0.0066622752158494,0.0094814194516418,0.0114641400307878,0.0140327318274391,0.0143001438699615,0.0154901508753021,0.0070142974901565,0.0174157361318776,0.0050960492832007,0.0198836386305564,0.0135665950154298,0.0161902927379483,0.0069343704815334,0.0189138992212457,0.0101620478844484,0.0179255830267277,0.0183178810202238,0.0099035339659328,0.0139602979758744,0.0168696723112452,0.0174355617765947,0.0214793688691228,0.0180272089693325,0.0028947782898507,0.0088562091595797,0.0110186094006891,0.0037657016904535,0.0027216551403134
2014-06-20,0.0027574480522193,0.0412137758473193,0.0297393715801465,0.0143771567654809,0.0343106808588525,0.0254462456767305,0.0459667351387349,0.0330115598365598,0.0237572640894025,0.0143981253616083,0.0329882613964182,0.0272902395524669,0.02931968901173,0.0261001552300366,0.0336631395458517,0.0234619951913419,0.0305627384547488,0.0223592023579753,0.0257337484280772,0.0143114551642817,0.0382836861947236,0.0350956829686884,0.0381527489611281,0.0223958585704647,0.0241522503112689,0.0248468544733556,0.0448274414158132,0.0370108147483237,0.0465328872341745,0.0370721673073631,0.0262003385226453,0.0125118836477485,0.0282186047306404,0.0181024220211802,0.0153469931671064
2014-06-27,-0.0038489923824852,0.0098243209453596,-0.0048491845333024,-0.0076949693433656,0.0046817126564726,-0.0055578859289727,0.0089735081038721,0.0081089326067758,0.0001479102956488,0.0022811277849071,0.0080985719274152,0.0091918555554729,0.0029422009829194,0.0003118255213547,0.0050557795724941,0.0071571418386435,0.0098717944681419,0.0058068515076393,-0.0021116456270074,0.0036558507627619,0.0020944809194098,0.0039844543992007,0.0086619145380254,0.0089264984542357,-0.0017589186177288,0.004465839396958,0.0024997845105187,0.0056220602862066,0.005427990844451,0.0044268708716015,0.0081015100305174,0.0079379040788223,0.0016251576080725,0.0038707962002442,0.0025144750260301
2014-07-04,0.0358537786325774,0.028996826433011,0.0193798293464877,0.0187868114066269,0.026958048759265,0.0316152593193427,0.0437232080981846,0.0417426418369814,0.0263702529406047,0.036083859149001,0.0294213540479177,0.0345843424054472,0.0265688471380251,0.0257847609989447,0.0353335632059241,0.0423969429050486,0.0390108580819013,0.0378099237975781,0.0329949744588842,0.0362082685070138,0.0232601725820857,0.040714191144076,0.0269913781798684,0.0382309189214212,0.0292554749039007,0.0254454767127099,0.0374585057591421,0.0403878085690425,0.0311898100332991,0.0409640850027016,0.0337612439491628,0.0314220408349229,0.0263441423346021,0.0247197554576354,0.0261724267021844
2014-07-11,0.0409472185096072,0.0280096341494236,0.0257269816012974,0.0262503113338979,0.0336507914061502,0.0319730713732044,0.0341335113644786,0.0330390396367384,0.0212332419003381,0.0314859073263707,0.0307166202816696,0.0403495652278673,0.0271293213913492,0.0307607546778596,0.026686598229568,0.0334356362247238,0.0391085918238853,0.0321736683336653,0.0305341061640921,0.0401169401812824,0.0256689019618668,0.0339677008899035,0.0237452246168204,0.0433732311001776,0.0350283055983451,0.04841206124297,0.0264558121161577,0.0340758914583416,0.0273994913235819,0.0338530740553544,0.0318722365374647,0.0312085349058709,0.0273021811097601,0.036228669228055,0.0387124549691936
2014-07-18,0.0416320106163129,0.0325990449460146,0.0303593233057085,0.0325091676284485,0.0426991873872072,0.036666985260264,0.037480788069457,0.0319896896573334,0.0429447392713983,0.0349591650038817,0.0387689768735301,0.0374964322244773,0.0365938258294338,0.0378427508718873,0.036633396339191,0.041685844914471,0.0399691289620969,0.0344444416289003,0.0283600923185561,0.0459847666896068,0.0288597850347926,0.0386735782027201,0.029493833435321,0.0444113021175165,0.0378128429284662,0.0518568462886952,0.0339732764894655,0.0381093150035077,0.0309011938908723,0.0381993455819088,0.0232274291052799,0.0330249646219118,0.0280801846429479,0.040590140566775,0.0318745057316447
2014-07-25,0.0188479066075151,0.0384633894709377,0.0310605013219483,0.0186980153004575,0.0373580951466597,0.0347786384664612,0.0344073028004172,0.0166664637786703,0.0318374070883643,0.0290978812963079,0.0354875379917122,0.026270456280977,0.0370311717197439,0.0294393003846059,0.0237773567324166,0.026471082402872,0.0342008167303038,0.0100309976764246,0.0264963727057089,0.0354799817426938,0.0252808960779021,0.0248679239376754,0.0337162915381484,0.0320682582063327,0.0259385981608247,0.0138103558589024,0.0264803349526904,0.0247305235728726,0.0193375207020707,0.0247305235728726,0.0210745327213064,0.0205307912103134,0.030336797716988,0.0335907652789458,0.0111372942163746
2014-08-01,0.014932291176847,0.0200825980034492,0.0181398670814521,0.0009517485175087,0.0109796600054256,0.0080929190755007,0.0314171419525865,0.0167608802872407,0.0204259516984327,0.01153574300785,0.0092880409638172,0.009596494463353,0.0106305024063525,0.0098294209645076,0.0166960323111717,0.0089846948227786,0.0226471883393442,0.0012323436979695,0.0228866151149497,0.0168521936664309,0.0114487631449604,0.0162085117273596,0.0085165202938796,0.0196219296562409,0.0109986965234602,0.0084230401565392,0.0269768354289137,0.0160785062383431,0.0184583805295427,0.0170614405963719,0.0163700899779945,0.006354559965222,0.014451889941243,0.0095649217017346,-6.508012872792866e-05
2014-08-08,0.0061460479275512,0.040209885426512,0.0268120463946094,0.0062724764594281,0.0340881565016615,0.0275246294022653,0.0327693089311584,0.0146086531716127,0.0231217674715657,0.0165432747259795,0.031203995874962,0.0111102774825276,0.0276148909558494,0.0251466505795167,0.0247244946432374,0.0149837296792522,0.0289228260760055,0.0134712640611647,0.020818305095472,0.0248211477748819,0.0294566007901193,0.0187304415598044,0.0284479785937653,0.0250920883277819,0.0320380188657648,0.0220922557274047,0.032415901432065,0.0196871516709365,0.0223388771052458,0.0197477937164359,0.0224271120609083,0.0031731846687458,0.032256111980556,0.0251789202541141,0.0061744202984533
2014-08-15,-0.0079357629273244,0.0385889401137867,0.0222866428770558,-0.0033071302167421,0.0172561139680738,0.0069533848711032,0.0329112341774306,0.0226221579384298,0.0034207471037556,0.0074547743103407,0.0167269480246907,-0.0015525025735138,0.0183801992742579,0.0081300415269413,0.0219315116404378,0.0019092031041513,0.0159656834958203,0.0026025172019764,0.029644748675794,0.0076862451782203,0.0321664472357651,0.0283707957907455,0.0250884604195117,0.0064166863164264,0.0385536308246245,0.0172321037695751,0.0310266689893857,0.027050391802719,0.0259071611094967,0.0280048364253928,0.0145963175343847,-0.0045493833625963,0.0312484102343443,0.0155438572633726,-0.0043143031184718
2014-08-22,0.0192058752610557,0.0428996618036697,0.0243437346657941,0.0084002773018626,0.0298768382505586,0.0210737583142311,0.0420777583927046,0.0314938750970481,0.0397610921072286,0.0282224815352778,0.0266515827544248,0.0145377423061253,0.0294379754897088,0.0184092456567719,0.0415998436172547,0.0247041784618418,0.0310403678307233,0.0226011959820612,0.0456973132620596,0.0307940881902607,0.0366150429149009,0.0348956519978867,0.025708823030992,0.0268862097776276,0.0381013814867204,0.0289987977932575,0.0397440855847414,0.0351060289797652,0.0414789083462347,0.0370902807377371,0.0281069001694853,0.0119300755247575,0.0370288682954223,0.0165503382682425,0.0263412137190338
2014-08-29,0.0066659625921176,0.0140448775647535,-0.0015935286117314,-0.0071697780324164,-0.0016421175540074,0.0118450092031288,0.0196714455622267,0.0204776446141655,0.0150570685036852,0.0125057559197753,0.0035084675730168,0.0094962291682528,-0.0011711664791963,0.0138717499053793,0.0260987090786972,0.0102821435161346,0.0097085109548956,0.0117168539023037,0.026136762554525,0.0132811348012089,0.0109608162503198,0.014228540552707,-0.0004159150560518,0.0108837658240569,0.0126746378744822,0.014556555224512,0.0210347663697767,0.0135159027326589,0.0220502595387684,0.01153287635388,0.0005296037462316,0.0048371943116324,0.0172566223048397,0.0062813394438745,0.013167603356797
2014-09-05,0.0109475088817102,0.0073192082752148,-0.0071926605950043,-0.0091876100775442,-0.0038093743953406,0.0027922859459287,0.0131440872839499,0.0080282045618538,0.016008787040339,0.0086687098149392,-0.0012616321625264,0.0059064720698841,-0.0033816386481797,0.0067964636905358,0.0222578713640476,0.0090956610137745,0.0061950289440693,0.0111362712088689,0.02297557617238,0.0080089046730421,0.0034351448439911,0.0146141739366097,-0.0134224450299013,6.354841438015919e-06,0.0078937329788322,-0.0066390832964043,0.0104135452912522,0.0146670524937605,0.0116638015030563,0.0146670524937605,-0.0002345014945458,0.0115966441663781,0.0033295446393546,0.0002365413201926,0.0144608731937717
2014-09-12,-0.0008190391887093,-0.0139743836907447,-0.0137557631743728,-0.0164907240345167,-0.0154144750390454,-0.0009888323128301,0.005312099168925,0.0024854689226601,-0.0313539226965463,0.0045803191553205,-0.0165335660843877,-0.0019403353395596,-0.0215125368140588,0.0004180250013143,0.0017595166878984,0.0116231111330028,-0.0039480839046514,-0.0031021109272364,-0.0074937360540812,-0.0008149439927657,-0.0177822858320968,0.003601094802204,-0.0273349604005642,-8.599911481448042e-05,-0.0087000862745283,-0.0025790283992165,0.00800752563746,0.0031298322536235,0.0083238007703309,0.0031298322536235,-0.0162601330013878,0.0021876221715353,-0.0147697966930094,-0.0166652423847263,-0.0067487254074284
2014-09-19,0.0173389124025772,0.0255354053987185,0.019799403150639,0.0162038641138599,0.0308483093063934,0.0154273358423466,0.0317228182037263,0.0248172518563799,0.0085281318733002,0.0172872180788898,0.0188092580277038,0.0150945834572574,0.0224378814316429,0.0162038641138598,0.0239444926130794,0.02258628390549,0.0127869488478528,0.0167949290579285,0.0206328747079371,0.010521305935228,0.0280687452865873,0.0317616287113563,0.0185428334363919,0.0186955305155916,0.0167806137067535,0.015492709279379,0.032946462610271,0.0316766909610514,0.0341607225088232,0.0316766909610514,0.0218864222924917,0.010109023821389,0.0186509938674917,0.0251762490519565,0.006206659091093
2014-09-26,-0.0026738519815896,0.0672053836010539,0.0660025960069427,0.0382102433229445,0.0655155866225457,0.0233095404276855,0.049605338922274,0.0315058589811178,0.0487559002446146,0.0267890209525843,0.0634402607309723,0.0197929407707736,0.0595628248765925,0.02294217253746,0.0647814880804124,0.0204230101575221,0.0373740273403799,0.0120852246975329,0.0441438879193631,0.0219858371319855,0.0609964517821171,0.0248347703413974,0.0591959349151052,0.0190687194225665,0.0295880902636263,0.0152524584466978,0.0455706645129711,0.0244247074838776,0.0491173736804003,0.0247028620096078,0.0538005973876686,0.021900765816556,0.0652896856388771,0.0363431350517201,0.0186780923337404
2014-10-03,0.0284252334588851,0.0388281591166374,0.0435361703494835,0.0390054842870491,0.0418103320084897,0.0414085868294279,0.0318387859970861,0.0326552513789355,0.0342933080779333,0.0285487364624962,0.0419894193729998,0.038738455095065,0.0395959279593067,0.0409973907071584,0.04875613452416,0.0281152745587716,0.0297675877653198,0.0299293750981956,0.025227771130634,0.0244297270787655,0.0396170724424152,0.029732507145617,0.0366462725656684,0.0318288544974442,0.0279911308132481,0.0285384845918982,0.0337469154121518,0.029732507145617,0.0372106060049965,0.029732507145617,0.0396732975452265,0.0403057098127449,0.0384353841705096,0.0347632922706635,0.0326063948081165
2014-10-10,-0.0055911782570597,0.0132806792444156,0.0071263241668928,-0.0017422802755917,0.0139206857149454,0.0133422879642151,0.0030897811340182,-0.00445161710796,0.0065772409220474,0.0016888054626586,0.017055888226214,0.0128900070162756,0.0081694051565139,0.0128215528129728,0.0144154888032894,-0.0131295161934786,0.003637736897868,0.0005534321001139,0.0062902164743166,-0.0031084651048021,0.0095961518220581,-0.0054351026735293,0.0005740488954616,0.0062671836482641,0.0059319996551508,0.0014185321611478,0.006776482920837,-0.0050575576087251,0.0063502951045094,-0.0049125957664368,0.0085936601482777,1.8522902070173668e-05,0.0061085309653152,-0.0039996582974478,0.0057978294166773
2014-10-17,0.0078039985070238,0.0047212931071225,0.0032994876136305,-0.0010504425659741,-0.0013586408738393,-0.0024729703807147,0.0078598594503243,0.0036073648815917,0.0107135831572143,0.0183883631028675,0.0051867206894492,0.0222183691579016,0.0057930045482029,0.0189627034911706,0.0177970075996511,0.0077876254719184,0.0145686303247624,0.0178628207799765,0.015673810194373,0.0175485227139347,-0.0018633156029687,0.004489582537856,-0.0033195526076321,0.0092244395623882,0.0130799682897923,-0.0020532107062003,0.0116515012368272,0.0048942533368812,0.0118792790487339,0.0040443001909715,0.0261458108238075,0.025150747641278,-0.0010260435332681,0.0053395356837657,0.009758489442736
2014-10-24,0.0156483881999389,-0.0088716211457044,-0.0120433687885053,-0.013335737259487,-0.0083510704654626,-0.0080842692420852,0.0010547135997379,-0.0019430367606469,-0.0040731226382836,0.0155944194050541,-0.0049148436647371,0.009934742312989,-0.0031615784825428,0.0063278011640521,0.0046065649402464,0.0032032161284481,-0.01211463322092,0.0017603115530397,0.0085892057710822,0.0195464725806286,-0.0073046843949057,0.0025595942096283,-0.009508917311212,0.0061000752699088,-0.0033082711119628,0.0027179774088601,-0.0002046650441034,0.0045785396016564,0.0026101999638824,0.0043727535440093,0.009582423770714,0.0185932907789826,-0.0058464059194708,0.0118505544590057,0.0040649552538945
2014-10-31,-0.0021161394855136,-0.0039116708024798,-0.01754845657091,-0.0177524728346214,-0.0104855107464975,-0.0108977772778559,0.0035668346858164,-0.0052003761301527,0.0014161175014954,-0.003042131827724,-0.013484596867543,-0.0124897627576391,-0.0110889347147999,-0.0095686136720006,0.001008712233915,-0.0097974066994833,0.0078354947276977,0.0068564989288121,0.0061763924447873,0.0031559794891033,-0.0130353220054883,-0.0083760358968084,-0.011888063753903,-0.0124861560135458,-0.0027269337569631,-0.0007526334032919,0.0016643555840897,-0.007277076653081,0.0045596302012328,-0.0066926272950085,0.0069234589169787,0.0040485702447106,-0.0115223712658362,-0.0091721854516606,-0.0048539718822369
2014-11-07,0.0163513225978371,-0.0109558671121104,-0.0216455800492066,-0.0241116174737379,-0.0169926615138599,-0.0043798717032442,0.0144730486351811,0.0115693216817373,-0.0061478616901112,0.0110285542322721,-0.02017789458164,0.0001033912273021,-0.0191330165723894,-0.0043654595927717,0.0148057804030444,0.0060527730916681,0.0127614538632062,0.0194505529629068,0.0208244030590279,0.0200492821610111,-0.0121046062630881,0.0067085241181633,-0.0211328535538127,-0.0047309319159474,0.0027846703886716,0.0084256017582528,0.0135572530066835,0.0072366026442779,0.0131410249901049,0.0063134443071693,0.0009402335549508,0.0214803107388979,-0.0197837546908942,-0.0130388869898004,-0.0132105790884718
2014-11-14,0.0215421518906898,0.0003507920950383,-0.013906378422212,-0.0140533530863252,-0.0156738429727011,0.0179915203683319,0.0358637023341788,0.0258651855207108,0.0156173142557345,0.0301112772859717,-0.0144630292601193,0.0218821093135584,-0.0110193312273565,0.0202856441318932,0.0347918550508064,0.0313313554271675,0.0253916004919017,0.0421873814721761,0.0322978394630827,0.0322284347605848,0.0024563297764127,0.0247941233584074,-0.0142921869155091,0.0104637795589459,0.0108503731733119,0.029286900163542,0.0295522710848575,0.0261943082728274,0.0267176699774099,0.0261398208706402,0.0283025153672542,0.0261252176187572,-0.0036674575374221,0.003274739978718,0.0219603073720289
2014-11-21,0.0163942081682246,0.0026669004763919,-0.0089861687651578,-0.0021032828356479,-0.0107250625986755,0.0183106651044606,0.027555721187375,0.0322340615038245,0.019179484035003,0.0252050117824218,-0.0179899211443779,0.0202604053101718,-0.0197872176960311,0.0217689851987843,0.0442380180324238,0.0288379120449354,0.0182538323518664,0.0299252701788234,0.0396893568696837,0.0225577358867216,-0.0076538960068306,0.0262476258983835,-0.0075881144506512,0.017148733607362,0.0163125699600782,0.0335912967142579,0.0284813728705115,0.0231887050377605,0.0246840972158263,0.0227294901169372,0.0315704370695269,0.0224421864228836,-0.0021397060362055,0.0058262991202308,0.0172887745336439
