,Numerai-MLP_numerai_1_0_10-all,Numerai-MLP_numerai_1_0_10-baseline,Numerai-MLP_numerai_1_0_10-high_autocorrelation_small,Numerai-MLP_numerai_1_0_10-high_autocorrelation_standard,Numerai-MLP_numerai_1_0_10-high_calmar_small,Numerai-MLP_numerai_1_0_10-high_calmar_standard,Numerai-MLP_numerai_1_0_10-high_drawdown_small,Numerai-MLP_numerai_1_0_10-high_drawdown_standard,Numerai-MLP_numerai_1_0_10-high_kurt_small,Numerai-MLP_numerai_1_0_10-high_kurt_standard,Numerai-MLP_numerai_1_0_10-high_mean_small,Numerai-MLP_numerai_1_0_10-high_mean_standard,Numerai-MLP_numerai_1_0_10-high_sharpe_small,Numerai-MLP_numerai_1_0_10-high_sharpe_standard,Numerai-MLP_numerai_1_0_10-high_skew_small,Numerai-MLP_numerai_1_0_10-high_skew_standard,Numerai-MLP_numerai_1_0_10-high_volatility_small,Numerai-MLP_numerai_1_0_10-high_volatility_standard,Numerai-MLP_numerai_1_0_10-low_autocorrelation_small,Numerai-MLP_numerai_1_0_10-low_autocorrelation_standard,Numerai-MLP_numerai_1_0_10-low_calmar_small,Numerai-MLP_numerai_1_0_10-low_calmar_standard,Numerai-MLP_numerai_1_0_10-low_drawdown_small,Numerai-MLP_numerai_1_0_10-low_drawdown_standard,Numerai-MLP_numerai_1_0_10-low_kurt_small,Numerai-MLP_numerai_1_0_10-low_kurt_standard,Numerai-MLP_numerai_1_0_10-low_mean_small,Numerai-MLP_numerai_1_0_10-low_mean_standard,Numerai-MLP_numerai_1_0_10-low_sharpe_small,Numerai-MLP_numerai_1_0_10-low_sharpe_standard,Numerai-MLP_numerai_1_0_10-low_skew_small,Numerai-MLP_numerai_1_0_10-low_skew_standard,Numerai-MLP_numerai_1_0_10-low_volatility_small,Numerai-MLP_numerai_1_0_10-low_volatility_standard,Numerai-MLP_numerai_1_0_10-optimizer
2012-12-21,0.0274084783885989,0.0576920129324732,0.0295770516875339,0.026359254553403,0.0492840636893709,0.0405252016462006,0.015029119463647,0.0145602849768823,0.0377635061611316,0.0448718503617594,0.0580330435301447,0.0348079674752112,0.058577704916066,0.0416859803430629,0.0416599445405956,0.0303742793616231,0.0311525028003348,0.0268235280236771,0.065960470275546,0.0661849102953552,0.0575820730246349,0.0131364876623944,0.0678466406367703,0.062885204906747,0.0358243139832039,0.0355464720619837,0.0155608579695115,0.009626785472864,0.0207934841383728,0.009464869387447,0.0399717983120057,0.0375179714400533,0.0584323225154276,0.0558034666356477,0.0284979912027952
2012-12-28,0.0283384732050785,0.0819642502499577,0.0625202487704419,0.040869979417323,0.0614613762600328,0.0535749347031611,0.0450509352524146,0.0358971414580307,0.0668593159335363,0.0428165476231537,0.0767182673153242,0.0486058838415455,0.0786994874648968,0.0527618448319708,0.0546570978642819,0.0364178673885788,0.0636397148436784,0.0410943649546683,0.0916846879788117,0.0819520363045421,0.0886794366174558,0.0393238967908048,0.0863168557318381,0.0732197464815764,0.0572633784853961,0.0485308993075465,0.0459943012836839,0.0377007467265654,0.0536618485948417,0.0374354605343117,0.0681221236538363,0.0526732267463356,0.0755461605843815,0.0791522349921479,0.0450460120254349
2013-01-04,0.0203235489236811,0.0683350039758493,0.0685262062802099,0.0494192879284073,0.0773095296878853,0.0669679277980774,0.0528177600852646,0.0407563980714135,0.0642957357836752,0.0504081209562713,0.0861075684490202,0.0671437375473041,0.0873858679692785,0.0714795389949173,0.0663320696301695,0.0403130012369101,0.0755593707415639,0.0445483123102406,0.0691157885339491,0.0465619922573302,0.0724428137772991,0.0510445599933948,0.0605996649654066,0.0515719892410747,0.0623262018969641,0.0299590074705048,0.055944191826193,0.0453977367263831,0.0506484071884192,0.0484074137549947,0.0607355883618352,0.0589587094316005,0.0596392945291024,0.0614066859288172,0.0394428591520812
2013-01-11,0.0060963987898167,0.0562609807297942,0.0438849985781773,0.0324827952797432,0.0686744445968654,0.0452337950943882,0.0462723511122145,0.0254585582707801,0.0331557518998449,0.0424197177112719,0.0651785685472249,0.0528754376057125,0.0710664103725143,0.0564141783586613,0.0579738384602055,0.0252205918909783,0.0502268602654147,0.0327392146259916,0.0514140011068168,0.0408052753655892,0.0650051875499865,0.0441829370989307,0.0577208790451658,0.0414674677552638,0.0471500203288339,0.0411366598880273,0.0522747551041935,0.0369830124719234,0.0482977563981364,0.0373103604079512,0.0362606557228967,0.0297152347495445,0.049739009964981,0.0394380258829317,0.0340445697836926
2013-01-18,0.0175840751651299,0.0360203634856269,0.0357381381066877,0.0338154557211426,0.0422138484792164,0.0397354996181587,0.0423860859915574,0.0363407784492024,0.0294528055609927,0.0311110212563024,0.0407257698387801,0.0420872481791254,0.0540571824347894,0.0385779566028469,0.0536015741150049,0.0386465078965613,0.0520695768184284,0.0190009292023476,0.0289376206294006,0.0205342631536761,0.0468604422988465,0.0429134917665972,0.0289987248466391,0.0308272685475011,0.0387664249228919,0.0426669744401757,0.0423981158843262,0.0408842589022425,0.0444989552532574,0.0450641692627135,0.0293239138527552,0.0174958559514918,0.0299150971545377,0.0338215661428664,0.0269144981867697
2013-01-25,0.0119097990074931,0.0399968860846948,0.0405175456296035,0.0405678500160874,0.0499012919712427,0.0470706811003278,0.046438390759354,0.0362450640854251,0.0306963206909021,0.021118516229119,0.0453188826526596,0.050860466621391,0.0454006508314387,0.0379392103148758,0.0495815670878599,0.0373860504694946,0.0473787248153135,0.0437257220080606,0.0250716497017984,0.0012757908354898,0.0404559368866064,0.0355336432488586,0.0293863341769596,0.0254160557635684,0.042360720959087,0.0486849432104182,0.0423710832858909,0.0423639238600991,0.0435252580858925,0.0431491998258854,0.0314181038542723,0.0257764763303988,0.0368619051391641,0.0194562106038473,0.0277735793144043
2013-02-01,0.0251306449807049,0.0358672419003216,0.0307616124752757,0.0272225494975739,0.0245077610035804,0.0407142312638404,0.0381474749821379,0.0358986452039291,0.0288308944724158,0.026650985824335,0.0231578702667185,0.0422575458175131,0.0274813742792643,0.0308444289945424,0.0341633890082871,0.0319393856586728,0.0329726467950272,0.0332485165873944,0.0196041708124573,0.0233157218873343,0.0399260847918928,0.0394921781070547,0.0207556353924184,0.0221168277124464,0.0412354009924696,0.0367040219584088,0.0414603210246615,0.0375794314741475,0.0398647598078273,0.0386017615710461,0.0328007145134176,0.0270174535538866,0.0329296637246248,0.0196271445225,0.0453908634323646
2013-02-08,0.0360962640600415,0.0389752372044539,0.04094703370878,0.0386006020169002,0.0265441354858019,0.0381499689332177,0.0421992026872094,0.0485370615121002,0.0311777147630606,0.0282770413153893,0.0225080144158026,0.038577516305646,0.0261101241142224,0.0331797076430273,0.0330236482349487,0.043360321620452,0.0302430204857994,0.0398514781954993,0.0263552020248973,0.0200812444487581,0.0469136742967029,0.0442957546404734,0.0280175579208918,0.0300383887412419,0.0478882606830114,0.0341674067133282,0.0427512282147205,0.0458404657519163,0.0404044271514606,0.0473916408625104,0.0427968455801588,0.0309645874767616,0.0361874987909182,0.0283163793673665,0.0566933356410642
2013-02-15,0.0507132194452372,0.0563070476084161,0.0540231580394915,0.049093375497475,0.0307043746541765,0.0499780894421676,0.0635260942465941,0.0637247980699149,0.0515395456060249,0.0380745812053744,0.0360443545478806,0.049641849950093,0.0451619313812106,0.0479942022957095,0.0468694496838522,0.0532572586010943,0.0484588949123749,0.0507245262859299,0.0460573960924635,0.0433645144271599,0.0611086546348863,0.0501608524736922,0.0457098497596961,0.0465256105119677,0.0502186841834647,0.0505801323695428,0.0578647035043467,0.0618528671821188,0.0547859063911382,0.058485096878092,0.0615494360638574,0.0404378962681925,0.0500980160967279,0.0492972693460319,0.0521158237652642
2013-02-22,0.0577234863459081,0.0454082482124381,0.0603972874740418,0.0526007988203719,0.0237230431995098,0.0437291622193051,0.0595087354513998,0.054374015450557,0.0383437965020754,0.017907840441327,0.0263150234955586,0.0467517200163259,0.0319371513038215,0.0392795528509203,0.032948434574591,0.0496993062364362,0.0491054573013038,0.0586949698906634,0.031228160835755,0.0405775792639966,0.0490699152203981,0.0480989870206569,0.0293029647866972,0.0353453036556679,0.0533312626289856,0.0700873175109629,0.05162709389556,0.0561662989262279,0.047780218982534,0.0571583302365068,0.0460871571493915,0.0335365449445772,0.048531415671676,0.0425475731441959,0.0507115150822293
2013-03-01,0.035952318497862,0.0418742043001245,0.0596654433507019,0.0337431052071252,0.0255940242442819,0.0314751253968649,0.0473663708861021,0.0440913887602186,0.0277166635141431,0.0164368286657613,0.0166181335745757,0.048505551524818,0.0306331142559296,0.0348281539098761,0.0224756910426807,0.037599078727921,0.037300055396717,0.0420569919613141,0.0300196807761068,0.0388839706737208,0.0412036724364957,0.0426263042056585,0.0345003961606085,0.0296083151394411,0.0472503209137936,0.0572502691666189,0.0374500305206749,0.0544745243816729,0.0374298237363592,0.0531987162196481,0.042604614354604,0.0316545764722558,0.0387443770169343,0.0272871303099275,0.0402278145223866
2013-03-08,0.0310424487334278,0.0397299958156453,0.0545927548014767,0.042430961537144,0.0380633793634858,0.0545438502359693,0.0392119012459089,0.0329037638507083,0.0408810912844104,0.0269864952760666,0.0310950303339357,0.0559971983199383,0.0444176635479433,0.0431351137397501,0.0264209672929814,0.0435039203503057,0.0509826418379326,0.0445724667214667,0.0340057712403744,0.0338535419913514,0.0370336257115806,0.0299591942222646,0.0417440913990405,0.0400649733660374,0.0484112912620452,0.0409154715616656,0.027924690756458,0.0370248008275793,0.0321045602933379,0.0366554426617737,0.0471899640866111,0.0405424363608594,0.0372500192213633,0.0178141314671844,0.0255193583108455
2013-03-15,0.0166720342474285,0.0461464577849095,0.0474024268840967,0.0254308786420527,0.0270985279623357,0.0321668132696851,0.0306855300853804,0.0357521774091128,0.0398844460784379,0.0194178407840551,0.0299335136069989,0.0324103268340787,0.0461515533952497,0.0311350655891564,0.0348309026236415,0.0165974149937653,0.0362071728582787,0.0288387945563057,0.0397663292598344,0.0279850410954907,0.0496522883811325,0.0293578533647142,0.0387782611424256,0.0385727851975823,0.0518005948939144,0.0309401455387337,0.0299899330426955,0.0320002849352903,0.0286637123074666,0.0302023249183661,0.0368925780029023,0.0204736122242998,0.0432712502038495,0.0378000209267189,0.0234789481651308
2013-03-22,0.0053014896340807,0.0544405998249469,0.0402636501186074,0.0349187296845517,0.0400875446385399,0.038212506894471,0.0314748688240858,0.035389138391454,0.0408271510043592,0.0193344025863447,0.0427646777897424,0.0379189366769184,0.0641097248373776,0.0374082124594907,0.0505285288553178,0.0452889785055896,0.0361382738779429,0.0339630688327808,0.0520920376544183,0.0402453248865505,0.0537070403555988,0.0320083163292641,0.0573654896834519,0.0520038932882243,0.047328210328889,0.0367739761779991,0.0267832429128609,0.0303570296686107,0.0273150411471541,0.0308530937003928,0.0297391028436498,0.0024266272289836,0.048130488988343,0.0359079257109868,0.0386061328790547
2013-03-29,0.0262905212124415,0.0640129450381789,0.0438938797475442,0.0372206358268349,0.0546754520755917,0.0536491931760829,0.0464287941094859,0.0405588127249161,0.0535013826251377,0.0497998991005994,0.0635212184010364,0.047736222336721,0.0705166088319123,0.052035716617497,0.0629087558706344,0.0415197642399107,0.0477281732473131,0.0453233248528493,0.052367375687873,0.0553246843098798,0.0567819353604122,0.0341733237505397,0.0634672529152333,0.0555727426107236,0.0624521529805856,0.0383996444912438,0.0418442888901297,0.0358403999272283,0.0446446402686822,0.0360932145081768,0.0529072134797536,0.0251195616374405,0.0569562713196336,0.0400751356250407,0.0396604245866831
2013-04-05,0.0453699912711693,0.0941437924843473,0.0687115670955738,0.04307882936522,0.0730930139424019,0.0634765751009686,0.0709437759791655,0.0555697739079072,0.0718660996530265,0.0591602677047701,0.0700023471591701,0.0598804407371516,0.0898920779615157,0.0610844288511658,0.0788232841063205,0.0461214603524567,0.0626079277900567,0.0538617738434895,0.0718429915238924,0.0706140757430171,0.0836814498376458,0.060758185736699,0.0870445014186227,0.0737185710129748,0.0881542374783738,0.048110215088164,0.0705587617961136,0.0594106360960175,0.0709517819451646,0.0583345614842176,0.0725844531476808,0.0373032527118969,0.0856611068847177,0.0648894461460525,0.0721128289688196
2013-04-12,0.030005998160138,0.0766866172558531,0.0472078872055574,0.0269094074841161,0.0559228038468197,0.0324974014273673,0.0611938554046138,0.0491702055622787,0.053910537549697,0.0389733789365209,0.049510578072506,0.0392258430716414,0.0736806588761269,0.0376117072667376,0.0530396270979681,0.026289144878766,0.0483194559155846,0.0392521792583986,0.081421499865122,0.0660429830876704,0.0683685591927666,0.0439917847303202,0.0752344938948006,0.0561719986622049,0.0455011206748179,0.0409958164505982,0.0558886576184725,0.0465987039615327,0.0528285743461623,0.0442417060612021,0.0557053940844174,0.0220163256135062,0.0678734388817315,0.0599800296384191,0.0437523978741411
2013-04-19,0.0267456468103693,0.0700956180282896,0.0458456655208433,0.0234436234577964,0.0367323143763188,0.0256559897089555,0.0459077043923107,0.0405575145367075,0.0398434488936075,0.0369820606024822,0.0345669633382945,0.0368145026248439,0.0596851060789448,0.0334375377295299,0.0376980704837194,0.0108592769916883,0.0418081899056618,0.0353321094197252,0.0686353179688701,0.0479077951886769,0.062900345711032,0.0431299183410831,0.0559078048762988,0.0439431401291779,0.0535437880504417,0.0445884504417913,0.0506504082045142,0.0441069863794634,0.0499754040730789,0.0419651429480066,0.0419913017883974,0.0266231598077286,0.0695567100969592,0.0614025753497376,0.043407944394696
2013-04-26,0.0109727160965365,0.0412162674012587,0.0334040417989079,0.0032297092340248,0.0174763397771506,0.0142539071213256,0.0247982146763432,0.0171678128614749,0.0216936625873566,0.0059831664248663,0.0128267882218706,0.0152147792726222,0.0429885686893588,0.0087691863031523,0.0173097061363729,0.0035380542352455,0.0164983676670842,0.0135813693812,0.0331187999334718,0.0050925132531987,0.0443576568776697,0.0297113602769145,0.0358355104044039,0.0164736273012046,0.0276937470565377,0.0305869145488172,0.0380861560416324,0.0160381240959407,0.0358102242951592,0.0173850187207418,0.0239674113603698,0.0190273424204589,0.0438513889494118,0.0291561573602622,0.021876668529084
2013-05-03,0.026794448985911,0.0264165962741955,0.036136232252313,0.013866301882264,0.0073895432687043,0.0107067318952069,0.0331682876659515,0.0245820302751562,0.0088012736854725,0.0138008073791155,0.0040664169537295,0.0174420498522405,0.013608462258605,0.0181245241666429,0.013057336810407,0.0147817854867143,0.0131789694591115,0.0316050562281638,0.0241980597539501,0.0095756922062182,0.0256734853743298,0.026064113303823,0.0173727768200641,-0.0024650403657564,0.0254658462077544,0.0288308962019425,0.0278497381643899,0.0310499723209843,0.0233374547853798,0.0280829273843914,0.0222254876714838,0.008936940870566,0.0250282565603442,0.0148751691326871,0.0174609424973795
2013-05-10,0.0192080886090076,0.0208606887682092,0.0361746869579484,0.0279956358650567,0.0196996622522379,0.0257808809372903,0.0137296625495552,0.007926491320427,0.0162745097134573,0.0302364131829288,0.0170471608169393,0.0296206093622759,0.013378716754225,0.0272402736097956,0.035483133029111,0.0246114775024701,0.0231932572417074,0.0412226741673641,0.0196244468506994,0.0236807314673183,0.0299050732979523,0.0215937714279479,0.0178727478783762,0.0082480282502267,0.0346575459676741,0.0158148402334389,0.0264072006553147,0.0207792349705286,0.0249756127284018,0.0204610845161537,0.029434531449465,0.0340962822249141,0.0104018266203481,0.0213941476134382,0.0251304994201955
2013-05-17,0.0333107025796995,0.0583972605873493,0.0580061245189517,0.0417617896568954,0.0458698238561717,0.0345571536079724,0.0445594704681469,0.0352677123471031,0.0693274925883395,0.0562367391800421,0.0481688887548031,0.0499830057455391,0.0514525825132791,0.0483389400343652,0.0609724365573264,0.0412031765287304,0.0318704143935124,0.0627993340200128,0.0400777849708766,0.041139806688643,0.0565979650191955,0.0275965890719908,0.0534814824354037,0.0499989813354771,0.0544600760723829,0.0337273104639713,0.0387260725555679,0.0307680986877912,0.0470266340742369,0.0283399865237719,0.0581172436222982,0.0464277269581172,0.0515399157382735,0.041703745013454,0.0267614207313438
2013-05-24,0.0155968511268115,0.0657532560849476,0.0595766620701715,0.0409310143078108,0.0568113009091333,0.0335781942527218,0.0517185912900019,0.0436031551300659,0.0589587042688222,0.0368210682602572,0.0475587872834758,0.0486124755572538,0.0369857399698212,0.0458774856177024,0.0651853313421908,0.0425928292360985,0.0624854526413524,0.0452918301559691,0.0421353297956677,0.0294471814619403,0.0597162292440558,0.0288538015276901,0.054073853182872,0.0450414870239451,0.0641597320593833,0.0354968478921952,0.0468147801351467,0.0325949040125634,0.0528890244325008,0.0340571115487675,0.0502983416840599,0.0261052937612341,0.0571302865128412,0.0499993694864185,0.027774306493458
2013-05-31,0.0130225881048196,0.054565649469263,0.0511558079323599,0.0438536607821947,0.0447527117785628,0.0236153253143803,0.0461928843777608,0.0397073517297826,0.0258194446555941,0.0175197806965665,0.0421649456759678,0.0317051989644983,0.0380931465317579,0.0326285581578686,0.0486434324697425,0.0292287573583187,0.065540271581541,0.031185038777924,0.0229250077487912,0.0209740107198385,0.0514570181995601,0.0505676552527218,0.0314684582632603,0.0249392413192203,0.0488003788721257,0.0251696407516752,0.0534758315752215,0.0417502971560911,0.0527511654703903,0.0438582405874269,0.0318304390229657,0.0147470609211292,0.0540317494718787,0.0197066376949817,0.0197334119409551
2013-06-07,0.0361035851279918,0.0528671115343867,0.0497557860609981,0.0555352472058112,0.0465671543602135,0.0348492064333457,0.0557864053432084,0.0574274934398482,0.0369419555795986,0.0413148958551792,0.034060961709793,0.0362610222738514,0.0367839889366116,0.0376903115195591,0.0707270492860524,0.052321729140042,0.0610001870569899,0.0448671155833975,0.0337533238788139,0.0100073192075051,0.0568584605270103,0.0547935982294635,0.0414557420910491,0.0464001862660619,0.0479004281268319,0.0409050650786254,0.0600033204652689,0.0551963690443197,0.0531761610045111,0.0584398919473042,0.0423606526816571,0.0376502462369244,0.0516923335546884,0.0291742327216592,0.0381393250835354
2013-06-14,0.0265423748550424,0.0420727528400054,0.0280363555056811,0.0360882091039304,0.0311814469551043,0.0191323730271033,0.0300630500183026,0.0422941389595403,0.0232549064274917,0.0036262580908603,0.018671647524848,0.0122381989026923,0.0333478522103078,0.0137769723104947,0.0424059431034132,0.0290226849084645,0.0459490146452552,0.0227426337046909,0.0246850751740758,0.0036061724497512,0.0408627259697017,0.0360233307056576,0.036512496053731,0.026660400215188,0.0278609172067899,0.0264910053835332,0.0264321704524968,0.0353434406415655,0.0323865854216517,0.0341987368473819,0.0258848811695322,0.0153633824600427,0.0395146772779177,0.0215604248638344,0.0272119554750253
2013-06-21,0.0327887791044242,0.0493804682877947,0.0367041219946461,0.0376637385069414,0.0409690842715137,0.0337120179972991,0.02730041777444,0.0220964469962789,0.0424523234633471,0.0327452334811772,0.0400144853618972,0.0212095857228243,0.0441559787728505,0.0264183949035685,0.0436845033211514,0.0265977741993309,0.0339688117343895,0.0180906080577453,0.0341295542202025,0.0217711988226438,0.0516096275520114,0.057098347282187,0.05273948415519,0.0349347002500331,0.0209336175754976,0.0317800617659164,0.0259505034537827,0.0455510515176158,0.0328000687104512,0.0481754369186547,0.0433658855510559,0.0355432637749172,0.0444794349455289,0.0423324385993461,0.0143824204781141
2013-06-28,0.0305163027099546,0.0440438168614517,0.0322998565292715,0.0380779256264602,0.0337120212966583,0.0325088625876131,0.0322675926593663,0.0378937379295841,0.0439666137061809,0.0235779752142538,0.0412062800891862,0.0263565680543267,0.0388269083206868,0.0308628734004192,0.0417320748042338,0.0343535759405414,0.0353938198339667,0.0221014599810672,0.0356469671209147,0.0308545415219272,0.0467581475490179,0.0536838885899754,0.0293712898763428,0.029053437575574,0.036612933203954,0.0367061793334601,0.0379187335650601,0.0479770836449948,0.041253966798002,0.0478505100015207,0.0444041259640155,0.0343089028899035,0.0381568125611184,0.0325177262881365,0.0430135886259058
2013-07-05,0.0361726707159221,0.0412978834903323,0.0344036186699792,0.0379272022595102,0.0398435586787408,0.0424589985607471,0.0359599366091315,0.0333514945595854,0.0294411057808158,0.0241516191699489,0.0352774729984488,0.0398293880680089,0.0403551002315827,0.0442528929119238,0.0310290889118507,0.0334583864504152,0.0318828244719973,0.0279769842843268,0.0275756585927333,0.0391840129693653,0.0446171300914782,0.0482955407241916,0.0325283745164523,0.0277124662173306,0.0460359406227873,0.038740875228822,0.0412560711608357,0.0469237906161774,0.0412020129050805,0.0461302364151888,0.0377088698867514,0.0413906044898834,0.0305053011522034,0.0358540943931708,0.0503717976151381
2013-07-12,0.0512296955820711,0.0217634203247611,0.0178460239067179,0.0598028096434436,0.0350293704081503,0.046521466732837,0.0392927064625961,0.0450346205875027,0.0407980238390307,0.048157138225894,0.0323786607870078,0.044332010139743,0.039589125742635,0.0468404033231696,0.0272126972394585,0.0442134424277275,0.0408082269952576,0.0447540337912642,0.025961051436802,0.0346787688502171,0.0164508302509387,0.0456522633722009,0.0173420231724086,0.0293446291414114,0.0359337570661204,0.0420716592025211,0.0463872424535078,0.0413792519109882,0.0492043690710402,0.0423964010369138,0.0435104801469944,0.0450036592858488,0.0064981791011006,0.0355451575470666,0.0604135916851616
2013-07-19,0.0539682524847178,0.0091220491005275,0.0077813537878207,0.0417952172999521,0.0316548264471897,0.0445963817284516,0.0282835943237115,0.035359739599768,0.0252901242494937,0.0338945286388294,0.0313778711930364,0.0471349918735274,0.0297147346953631,0.0406852888242081,0.0152951480767813,0.0465731783934792,0.0378484732120731,0.0500822734684539,0.0160886064396629,0.0329493332185044,0.0097335634296514,0.0386254231450939,0.0084680342213902,0.040027585953692,0.0343650188898608,0.0484862244197892,0.0302324671552513,0.0358226781222461,0.0262744832853395,0.0361442412613422,0.0243285960209022,0.0408995471692093,-0.0031173711089705,0.0131418517095191,0.0678787121015302
2013-07-26,0.0276610015230991,0.0006528323352621,0.0077949656756162,0.0253801312167175,0.0173643907950459,0.021242538264967,0.0217139696892668,0.0237116647441394,0.0024009253633527,0.0275175682485918,0.0166004679874369,0.0199013668378946,0.001524857421999,0.0202156544540945,0.0072203536972283,0.0300276505524704,0.0263203574242418,0.0246483754302297,0.0036079796477179,0.0218602153809214,-0.0050029385527305,0.022240946352224,-0.0026775969002088,0.0181348173173077,0.0092013500252894,0.0301185267815394,0.0155011644350239,0.0197658434866137,0.013459701138298,0.0206181816582879,0.0179623809909699,0.0197380708672851,-0.0055568089546578,0.0181103844433414,0.0423180892618188
2013-08-02,0.0185247051918874,-0.0240981731903373,-0.0160587438645055,0.0054810119257147,0.0024804296179403,0.0137845756083074,-0.008234751081156,-0.0010290130553299,-0.0210229555091741,-0.0159706990231802,-0.0019346927557771,0.0072018562893348,-0.0275989700105709,0.0111345846827245,-0.0126350522791795,0.0046575544618559,0.0001028660170194,0.015331624042658,-0.0251008961358519,-0.0044223565189967,-0.0352276408713809,-0.0063367583794784,-0.0249701521931222,0.0090818518490982,-0.0146103268255475,0.0140183620106243,-0.0132979470063527,-0.0057911979598831,-0.0174203511601127,-0.0064315080383797,-0.0187059117090039,0.0057560858888936,-0.0282260468964835,-0.0034692137678149,0.015448958350236
2013-08-09,0.0381368023968736,0.017025948200206,0.0202439150574878,0.0222585742532992,0.0295448421329317,0.0193214767761899,0.0234015878802598,0.0225120050248456,0.0129457481857785,0.0146512111844893,0.0211194677580652,0.0178170534645081,0.0215689655035341,0.0209992346590204,0.0147552829659373,0.0204671543566006,0.0179022999749092,0.0265722252764886,0.0082198947654206,0.0369390889257389,0.0116585258787227,0.026575777214422,0.0196599764612407,0.0195335274708125,0.0102310020232986,0.0186792863978353,0.0211235524866886,0.0161149648068339,0.0116869413821897,0.0154216265222388,0.0214654265127761,0.033868793776128,0.0187695056213431,0.0296798157744,0.0405563825170899
2013-08-16,0.0093687168836849,0.0503880193785079,0.0487139323341606,0.0256511079064187,0.0383040888875531,0.0217774380001466,0.0459534758722701,0.0315613433219269,0.0329332162299903,0.0146843021919658,0.0416431959022162,0.0177894601659381,0.0403280325260528,0.024441363816828,0.0377499709849441,0.0104364204842847,0.0331947200589084,0.0217228617421739,0.0360646845823989,0.0263385554294822,0.0420806948301343,0.0425740144258161,0.0381359157929531,0.0273532827275548,0.0345870368421082,0.0164227426698656,0.0582222897736682,0.0299295665403907,0.0513606141865965,0.0333118723520811,0.0305291942867816,0.0204981847350922,0.0564834937501139,0.0520701055402419,0.0290885232945636
2013-08-23,0.0185505653852361,0.0807643176801675,0.0730118432766985,0.0523497878031677,0.0613770070744352,0.0429124680090762,0.0626924407182949,0.0417799967877412,0.0838016184365095,0.04094745516814,0.0709033936196677,0.0408049125965348,0.0802899203267631,0.0471279365319548,0.0698176019606776,0.0276981499647725,0.0618201946433658,0.0302737529430489,0.067477006434207,0.0355866383032794,0.0755892347439536,0.0570581638885857,0.058970774002445,0.0597854307322588,0.0625216400208256,0.0288821296686951,0.0831917436947608,0.0388195109812409,0.0799023547650712,0.040220613247182,0.0619725739043539,0.0431440773318224,0.0838112762769946,0.0609661911560198,0.0448504746664335
2013-08-30,0.0097372878726356,0.0690964336161746,0.0629918755765307,0.0368264093427549,0.055521198565024,0.0358243954235477,0.0615821431527228,0.0322235153505144,0.0612810141728491,0.0477975297783588,0.0631788144204067,0.028872731581679,0.0662335362835489,0.0313481782858213,0.0571759602188493,0.0184649612147932,0.054307815265713,0.0204288143936332,0.0568760980075207,0.0406487929442531,0.0619355715768174,0.0391044211207901,0.0580730133157448,0.0501609579497235,0.0530681917608242,0.0272040354738571,0.0772540606924133,0.0288794273582747,0.0737952396633708,0.0303830816213582,0.0573476978401836,0.0427606770759396,0.0741455916495701,0.0536561533327051,0.0226802240322204
2013-09-06,4.6106041447695775e-05,0.0357932076980756,0.0298241377932969,0.0200852476348717,0.0120009621997448,0.0021849590129335,0.0283196248618458,0.0100048312435006,0.0194304160208602,0.0066328888204313,0.013580610902444,0.0056138823917101,0.0229725823084558,0.0036177514354659,0.0324738421090102,0.0001091985192182,0.0216343387272547,0.0054932697062855,0.018183306018661,-0.0124965347388142,0.025121501316281,0.0032332647974284,0.0221753881805005,0.0107283276053991,0.0234336427229327,0.0053669050000956,0.0301928063742295,0.0061720081566032,0.0313895861947315,0.0062600859745735,0.0172151690235839,-0.0046861892926397,0.0404150460275976,0.0196998622435896,-0.0108712293712897
2013-09-13,0.0107666920953477,0.0401030292475449,0.03683814275594,0.0306420227173032,0.0253168374923176,0.0276780146634419,0.0311157267234944,0.0197357267380893,0.030619815043667,0.0359118678523406,0.0244018455196785,0.0381691704209731,0.0345640053379382,0.0397722420880493,0.038892531661429,0.0329201002064341,0.0337253074698879,0.0124770411536181,0.0397285431173459,0.0269369231029055,0.0380794442557172,0.0211331983298887,0.0265190964690893,0.0331104772796217,0.0455365661497762,0.0248440289568377,0.0466847386955952,0.0229889718316476,0.0329104291227538,0.0236901253984674,0.0400774185064046,0.0081932883656841,0.0440139077525599,0.0379263187641129,0.0093638476792815
2013-09-20,0.0118906003448804,0.049476091562987,0.043664054882015,0.0337219127553492,0.024693222141993,0.0166716520425288,0.0377128557076298,0.0194717116324474,0.0276109042555433,0.0169024281489246,0.0210533591842605,0.032421450962917,0.0252997467965253,0.0322830925536603,0.0446009236454703,0.02953737528469,0.0382614628885197,0.0214085506044066,0.031004617950296,0.0307305824963031,0.0494861910441479,0.0362813645689635,0.0286485923249686,0.0252790109109003,0.040161477787731,0.036230061127805,0.0457131536485649,0.0350073589064667,0.042823715241297,0.0357509906668128,0.0297104126750782,0.0173965142512315,0.0515163415014198,0.0365932966415125,0.002802204681535
2013-09-27,-0.007009968824226,0.0299360548996756,0.0196275612869117,0.0040740227386515,-0.0034880283526685,0.0106817903186451,0.0154071717346098,0.0077418028924777,0.0120062957703813,0.0026344269352455,0.0188375670562131,0.0194051118438368,0.0118659031123902,0.01438963245748,0.0320859600723258,0.0183678929951238,0.0181846269847549,0.0175847514723872,0.0196757059531064,0.0093513107112497,0.0237718682097891,0.0129303570824907,0.0038919867015066,0.004246570410926,0.0291526496436599,-0.0003303356658615,0.0204189612012948,0.0103489947063357,0.0271205581672299,0.0093126544099255,0.010773862599981,0.0052873034688503,0.0311058471232963,0.0124244866665251,-0.011925293248061
2013-10-04,0.0468434067076587,0.0507725628001595,0.0451422776581755,0.0390078026383735,0.0315199702024718,0.04929440196614,0.0403648281631128,0.037290429107773,0.0515261840654569,0.046976681321557,0.046718691013919,0.0533247800016442,0.0499730020644296,0.0476610455905657,0.0510739586717704,0.051414743431555,0.0536449534843122,0.0415349548190824,0.0557630242158075,0.0450739809687466,0.0412006329173768,0.0402460513119321,0.0371510409794756,0.0420575729642774,0.0504788517129872,0.0328223234412999,0.0403424701675964,0.0371416087001172,0.0481857597978403,0.0365318293067764,0.0487375481403106,0.0456130182668989,0.0575156814580824,0.0518398946900458,0.0431470012301801
2013-10-11,0.0256403596215397,0.0509692886894621,0.0435633691543847,0.0329424685105218,0.0312279860591482,0.037434116181299,0.0469898935127173,0.0431739279956284,0.0513208139013219,0.0290393406929055,0.0460199514324485,0.0217888318858356,0.0461862571018548,0.0246467093955275,0.0490831833221829,0.0379173439754228,0.0431741023202294,0.0300734342263625,0.0459329634565222,0.0402559084985726,0.0497145870272033,0.0422969009277218,0.0411521112725951,0.0389306928813542,0.0480736695574747,0.0279151213407033,0.0480619898092041,0.0385724558261866,0.0456918725332635,0.0403741005780877,0.0507333399957674,0.0333092474711411,0.0526686917166774,0.045569496663323,0.0360316747658134
2013-10-18,0.0186778187477701,0.0410953609418345,0.0321341044048761,0.027300318397037,0.0333460750892539,0.0242745684948843,0.0274898410959583,0.0310759795109909,0.0516317959117077,0.0229324206031668,0.0456415559696799,0.0218506271261289,0.0396071114679404,0.0238495782003337,0.0407874080189814,0.0375047843761422,0.0370279320390952,0.0233572368640177,0.030109744410522,0.0375272347233973,0.0442585101585441,0.0287327897788741,0.0397677445727194,0.0320684937001073,0.0333062213720335,0.026347657925141,0.0379703245227117,0.0354781619436926,0.037979722342493,0.0324452766598542,0.036353551452943,0.030814232826714,0.0352987331993512,0.0266222831031922,0.0378321417651879
2013-10-25,0.0404611542364107,0.0495092880345026,0.0513736160371012,0.0423024321946469,0.0361003323455991,0.032771788951366,0.0375676437230052,0.0466797677891199,0.0590435433167946,0.0224135683298082,0.0487238546704466,0.0339819337977965,0.041718259927628,0.0419946924462085,0.0444234110086467,0.0448465746649678,0.0454930173562096,0.0365680485982565,0.0331669137150121,0.0391311130206892,0.0630809718442388,0.051448959810056,0.0438301218010648,0.0320506905581553,0.0469835511293894,0.0328694950313621,0.0551261831763878,0.0437425647681105,0.052959963695066,0.0461286229294236,0.0501837692847544,0.0293431312286861,0.0442231823517533,0.0395998613798254,0.0494908818019652
2013-11-01,0.0144238697173,0.0462981955256528,0.050395607160136,0.0353346876209456,0.0374004757933819,0.0279259009423324,0.0204515255320569,0.0229291698393443,0.0482830677507707,0.0145403196847423,0.0439656852078468,0.0266574525469718,0.0408145148388673,0.0332276282100482,0.0509107270161161,0.042269796931992,0.0349968114654108,0.0201448168678081,0.029446086767311,0.0156070356365044,0.0632396960691193,0.0327745008367359,0.0372338495899681,0.02821959461022,0.056327191751753,0.0314527937062656,0.0442383151316235,0.0312519175124276,0.0428006717835672,0.0316305511565672,0.0292498343221803,0.0151729170078775,0.0343993203824604,0.0298300291599664,0.0283711508178472
2013-11-08,0.0165194435012763,0.040619453134,0.0372978418719686,0.0141530176298876,0.0149147529053551,0.0250195120168372,0.0286861382736546,0.025765614982391,0.0349990427325978,0.0025001500877154,0.027887021387524,0.0299171826793565,0.0248047376719363,0.027530027005691,0.0397682565875656,0.0263734059884911,0.0363430815523497,0.0191385350774653,0.0276137957968589,0.0205586964498403,0.0486453696215879,0.0317845640483923,0.0239432614625631,0.0214217019069224,0.0344665246970602,0.0334188201000198,0.0426468105250392,0.0370779700347045,0.0398024097863988,0.0381178584767881,0.0170755799180965,0.0045292918810753,0.0342977976998398,0.0247038073231458,0.0153245912913527
2013-11-15,0.0052381763181944,0.0482917232731095,0.0477618722409383,0.0295569523896977,0.0401723098495916,0.0393251545450829,0.0390469766113616,0.0323666673209805,0.0564957842688879,0.0135835143298328,0.0397763312179847,0.0412417718996816,0.0457210592934259,0.0385867124560514,0.0492730869080992,0.0410807215170009,0.0386328230149381,0.0306673081106251,0.0276926722023024,0.0110008181720467,0.0558674016890239,0.038243070991648,0.0438609862738123,0.0387516334330913,0.0564363790598113,0.033608454963406,0.0526208144552967,0.036290103707416,0.0496742824277554,0.0342464298858121,0.0334967125871259,0.0019508637003411,0.0499842665499058,0.0425565959747961,0.0170665443928875
2013-11-22,0.0199790112527789,0.0536237456210091,0.0506218244942971,0.0440702669752779,0.0478204804702408,0.0402143804837324,0.0478627160150532,0.0468600004312383,0.0563921085688368,0.0090246926579888,0.0492095419141731,0.0349628700532438,0.0560072771306451,0.0387272181528452,0.0541038170393354,0.0373162817255439,0.0466641351955342,0.0514732661546602,0.0356305618533072,0.0203343955979739,0.0512040355901185,0.0433337531121535,0.0472466828295613,0.0364358977794926,0.0684704647705884,0.0438797863508646,0.0569167716314875,0.0460501212392763,0.055489344832108,0.044284810081397,0.0486680519412386,0.0307618636317764,0.0469756013048884,0.0423998595913995,0.0233262202464434
2013-11-29,0.0094884011732073,0.0310187886527777,0.0305647096272288,0.0245263843536445,0.0288523036302914,0.0200456921793232,0.0241040322814658,0.0193737226463616,0.0449419703290907,0.0125397102415664,0.0286221586815804,0.0147515190265528,0.0308967495313502,0.029817535909714,0.0422121255764003,0.0113476903431003,0.0080993060232557,0.0117064210180788,0.0304374668328284,0.0128252511297921,0.0283732126867311,0.0246819965837357,0.031508454996779,0.0176779354312787,0.0271474516251061,0.0172547440266832,0.0296355686417324,0.0232185365816477,0.0309130325802378,0.0253146853595868,0.0264689352992929,0.0113861317677938,0.0304067472663703,0.0378230885020033,0.0205086679404792
2013-12-06,0.008841320150188,0.055537303790038,0.0553946394138877,0.0287501885312342,0.0404168419660912,0.0324112568406994,0.044235384576384,0.0388352376970984,0.0548385426002317,0.0192542037000282,0.0568366755990439,0.0306095901853215,0.057888456662489,0.0310900457832771,0.0620147519180763,0.0328440183092864,0.0381661811033587,0.0186728373651979,0.0464336655707221,0.0257282215553087,0.0509811752951545,0.037780444372851,0.0428671487808825,0.0220534307244111,0.0356265105514346,0.0270917716117845,0.0463051424431604,0.0405607610933088,0.0536204178013745,0.0428400384336624,0.0378957470224475,0.021925242292494,0.0513451568087573,0.055547093280045,0.0160961829445353
2013-12-13,0.0118784660074156,0.0654922587863031,0.0618985354493602,0.0348454113199295,0.0530439395663109,0.0396335569760665,0.0501561461268475,0.0366599357390621,0.0451963448756285,0.0094179567309558,0.0560318935396434,0.0312244562621789,0.0562954472676524,0.0299618265018903,0.0501959405477113,0.0388236730633173,0.0433071216071626,0.0282373453909834,0.0501574950902666,0.0219741082360477,0.0612849257140918,0.0402335084567165,0.0571754772781953,0.0334804289602158,0.0563659306063009,0.0389776235135235,0.0506362084836239,0.0466856004903278,0.0599514753742999,0.0474484393038355,0.0504001398852793,0.0311610549814806,0.0571120759974971,0.0594611271714527,0.0188841389041449
2013-12-20,0.0399044455295397,0.0736190307611548,0.0695986880675764,0.0559984543219992,0.0530578996813287,0.0518046921900387,0.0521636663638482,0.0470315154057041,0.0504926668646364,0.037590831699466,0.0563673719118908,0.046441146142392,0.0594387077539116,0.044552065619279,0.0615758680816479,0.0488462731069157,0.0530863816697671,0.0378269456982956,0.056422313499056,0.0509048973008515,0.0717968571516128,0.0587787345780252,0.05743047477029,0.0503003713095582,0.0506099654679094,0.0467313590660071,0.0548209179124184,0.0561484482256098,0.0592401764972226,0.0590765314630587,0.0557139715025671,0.0485587567029162,0.0604303528425009,0.0570671187521053,0.0259969770802748
2013-12-27,0.011773312540159,0.0664786534148468,0.0529140924652295,0.0411726795511989,0.0458824075099083,0.0250863696657067,0.0405024516169636,0.0346586080030038,0.0516020104747363,0.0230233033190426,0.0474970322703143,0.0230661159751623,0.0541012622355145,0.0281772755447827,0.0522655226982077,0.0341843109303048,0.035911759631544,0.0301374236239904,0.0350091681048784,0.0372886482309086,0.0546391906677013,0.0453988763349089,0.0488287577147918,0.0240090017664112,0.0431580115457711,0.0332659374833441,0.0479459775348797,0.0341762520773881,0.049933156349912,0.0407537870923018,0.0439890807528013,0.0246176130543878,0.0615123848489949,0.0497603946905112,0.0078098679400857
2014-01-03,0.0441191527752126,0.0683286515852699,0.0543200751048238,0.0604652757925816,0.0585530960534249,0.0620869935992823,0.0488696324959694,0.041876047909541,0.0725397615350693,0.0464980863711482,0.0569691550876506,0.0569560591161295,0.0685466655006182,0.054359530916458,0.0706287570754081,0.0617441477807418,0.0542883425584457,0.05312397637256,0.054559832121903,0.0619966649752006,0.0581410766417215,0.0523941278058628,0.0613648682978412,0.0622599275821896,0.0614216175077661,0.0479685289170727,0.0570015592223119,0.0518536671350098,0.0611788383434128,0.048800794696948,0.0651872130113052,0.0473471418581019,0.0654016175706961,0.0521867749234449,0.031559276601089
2014-01-10,0.0302037865507263,0.0555200909256492,0.0376960862331789,0.0415450610950911,0.0434110892077173,0.03009971061738,0.0393546296325313,0.0444927116880874,0.0452154056290964,0.0288739829985304,0.0344253665970868,0.0295714918979764,0.0496696554302936,0.0253477436030046,0.0341770187369062,0.0354184244610996,0.0379536074528692,0.0326799264649244,0.042611839411891,0.0474361925722156,0.0366206349219335,0.0396333329732712,0.0449206906063032,0.02965922257256,0.0393979946047589,0.0280073507073965,0.043383068764124,0.0355218332410271,0.0382628330625232,0.0341384906269655,0.0443322612908451,0.0388078974057536,0.0511474002531277,0.043222451578527,0.0357218124783384
2014-01-17,-0.0150488805942531,0.0238912670948936,0.0134824537482374,0.0100022382643025,0.0218440425614167,0.0068144598444915,0.0101714658039478,0.0028153458812931,0.0145979370334437,0.0200648442474259,0.01226503808535,0.0042453680730332,0.0125094778648378,0.0068928059276607,0.0255840371632283,0.0008213968298576,0.0083833607773441,-0.0056453713444853,0.0146046995374646,-0.0049456995870042,0.0142518947545197,0.0132594560546696,0.0232872598829537,0.0090122736512893,0.0133984997349046,-0.0070085931916286,0.0137976524112611,0.0093713461208877,0.0139193774836376,0.0077701171200327,0.0223885066046617,-0.0063442184063542,0.0224440910889312,0.0157789011502671,-0.0006816933931328
2014-01-24,0.0025150125953804,0.0077720681711031,-0.0042131764651182,0.0161565672142788,0.0013730360399419,0.0041510124187536,0.0139870748871841,0.0174597098158478,0.0042276485182401,0.0142066225112495,-0.0053038430140336,0.0063598095264862,-0.0011737163992173,-0.0049601317523881,0.0058001686540557,0.0152734430635436,0.0133792486560635,0.0087414489959363,0.0140096052426125,0.0085613706076579,0.0033698504604683,0.0140242417508835,0.0018596588261663,0.0104083663873426,0.0091440352009642,0.0188118600518524,0.0062011103075925,0.021916608811951,0.0068630422827711,0.0215261922879575,0.0124091277314477,0.0118713593938492,-0.001908830915751,0.0012936042029204,0.0030424202585849
2014-01-31,0.0067479242654261,0.0029921517641818,0.0074529189886858,-0.0039923352198049,0.0008532066482617,-0.011172544266487,0.0111900003376539,0.0211221754717905,-0.0049810734394851,0.0247622603498406,-0.0044799524530616,-0.0007898048803442,-0.003417766990547,0.0028930967760397,-0.0011336565463489,0.0157690901005502,0.0041267140318067,0.0154509285015458,0.0177347095859106,0.0187237771654242,0.0050373939709859,0.0161335267561386,-0.0049074615167341,0.0031430808895432,0.0043785096243935,0.0091051525926252,0.0087637711253705,0.0205120363805321,0.0044190208838941,0.0171385682875691,0.0158229404333009,0.0160419647224706,-0.002353276009199,0.0082176925216963,-0.0020473007240281
2014-02-07,0.0022043203542796,0.0071415960473723,0.0203955230866643,0.0075282292706244,-0.0025453220083682,-0.0071465380471833,0.0104000562444049,0.0187949568687298,0.0033872830972795,0.0120250032569312,0.0004233692033852,-0.0066661704996846,0.0075807797670757,-0.008406596816325,0.0029252011457248,0.0055151663658118,0.0152664957919556,0.0066889039432905,0.027319009810352,0.0259284808431242,0.0172476000876411,0.0238734104881703,-0.0058268451723507,0.0088368848938512,0.0163644552240813,0.0169820471087083,0.0119523550784515,0.0251771240584393,0.0096864237972979,0.0244516306842335,0.0061525264622701,0.0204648765631722,0.0082024900291676,0.0123081828914135,-0.0094808343942532
2014-02-14,0.0291368050803732,0.0195575387066493,0.0283405608295254,0.0235754638552667,0.0152214047473197,0.0198710085570919,0.0237823556436653,0.027586562339818,0.0097190148314852,0.0235112117470684,0.0118875234831789,0.0204181152584007,0.0179844060301185,0.016789156187359,0.0215018876934361,0.0348460867846064,0.021946351651898,0.0202499353651916,0.0208167995897714,0.0198427376294847,0.0284770965594468,0.0341222867857522,0.014113859032251,0.0238758424610939,0.039866103998142,0.0264015928343702,0.0243471316747286,0.0344033897591199,0.0235113723773388,0.0303592014388465,0.0065615056043487,0.0222587775280124,0.0233900965231145,0.0332960046743216,-0.0008138332654671
2014-02-21,0.0381482130909841,0.0439180115967706,0.0351561772805149,0.0456659627901186,0.038261193609869,0.0343140178954936,0.0543180628713906,0.0507260615468431,0.0286112612734454,0.0423437511529082,0.0401726097160037,0.0366663177506101,0.0503736467386547,0.0375406181453143,0.0464125107877503,0.0474197580861423,0.0384084254067492,0.0351250102408226,0.0387028890005096,0.0387028890005096,0.0405070060793699,0.0596766834301687,0.0326210957238691,0.0306088737237293,0.0567666234272238,0.0337323954829008,0.0501575877291205,0.0551496709148495,0.0456920976515273,0.05586797378276,0.0328645882214659,0.0459097799443789,0.0522652587883181,0.0408897762855921,0.0033776467624965
2014-02-28,0.0290661728166066,0.0409683815997038,0.0366728486345777,0.0302432554959042,0.0411787542196521,0.0291015323348768,0.0474140322074645,0.0540679474276412,0.0260382302153767,0.0248648781274563,0.0411385287126291,0.0353359993245638,0.0478840867209831,0.0414930970930817,0.0490859859429198,0.0419457962467153,0.0305550031753323,0.0403132570201576,0.026070345741145,0.029656579451944,0.0478581347809683,0.0532632750875565,0.0445627249979605,0.0319726278986422,0.0442094542145086,0.0337419014091531,0.0526555130923342,0.0513356947429552,0.0504466785978222,0.055098401645855,0.0273750795253905,0.019219844575356,0.0528188481148025,0.0420387366318934,-0.0022518173951615
2014-03-07,0.0304914828095701,0.0212792451267768,0.0125592526195345,0.0328028271521938,0.0291798878765945,0.0383602576940615,0.0376845923935187,0.049284864398886,0.0128054548191443,0.0358144729095886,0.0248048318750086,0.0329821144867063,0.030161358878912,0.0352882137211395,0.0300582050844984,0.0380496837121136,0.0221708339073315,0.0229963821479853,0.0038654063224067,0.0224191023616829,0.0274601281607928,0.0404489233525967,0.0279558703561334,0.0372001351279213,0.0315501999506935,0.0232894724359649,0.0420316744847551,0.0396839322701425,0.0344825333145407,0.0401741114719478,0.0194991665262861,0.0142910919784418,0.0288736053468024,0.0498001565429368,0.0084947705998966
2014-03-14,0.0131042376499292,0.0039604698001607,-0.0016326562930661,0.0163015848788901,0.0118843064693637,0.013284016981802,0.0220236728643436,0.0277069235028419,-0.0089500509455825,-0.0046495977813324,0.0235088881809653,0.016110216983813,0.0229983649911522,0.0212026075010952,0.0059692845667785,0.0142286414851616,0.009661807969417,0.0089386189845837,-0.0210693390242452,0.0082616276503623,0.0111218103309589,0.0283519679871486,0.0168449945318506,0.015001473369127,0.0150352994455073,0.0203571121937944,0.0187973542273718,0.0207656873478503,0.0080915576552282,0.0243302667486246,-0.0041169936805489,0.0047695550707179,0.0194268950933375,0.0292446005582941,0.0014458298619474
2014-03-21,0.0327849926850491,0.0401861227509219,0.041929359348421,0.0392139567032033,0.0446424273014641,0.0297446008891256,0.0297933181325024,0.0273057814435268,0.0207155680191795,0.0312176360051602,0.0449820471897976,0.0251715615036423,0.0405990517473276,0.0381423329950568,0.0316062844291605,0.03313986589559,0.0224877550258543,0.0272997112438728,0.0073864991020346,0.0123888105553564,0.0443737820552389,0.0297116039063911,0.0459543686574506,0.0357495848083704,0.025647216122683,0.0381186747810207,0.030252007321741,0.0260160974862716,0.0293764977562619,0.0274592485424712,0.0231115847749104,0.0258115784517757,0.0438533013464456,0.0420137195589969,0.0283145241091038
2014-03-28,0.0112655950521316,0.0022653304612377,-0.002928725346532,0.0295322590284993,0.0063957793401244,0.0049260566846582,0.0087336637502148,0.0087314886849742,0.0010061230356024,0.0104775999878055,0.0149986284522946,0.0087046110930719,0.0151971808364051,0.0155604167315933,0.0070692727557106,0.0207490348631583,-0.0024438411596705,0.0106306313636654,-0.0092935876878787,0.0082209698006336,0.0089878356597648,0.0132427293558803,0.0071477304661769,0.019778023595012,0.0016898703301803,0.0202742491934855,0.0076511027075839,0.0111228175552634,0.0033370161645622,0.0108844925496095,0.0199107025746915,0.0244196128185541,0.0077559719245437,0.0166476386283113,0.0326812874115484
2014-04-04,-0.0059325048643448,0.0099379305472456,0.0022538255665571,-0.0004300563878984,0.0049380189304174,-0.0064728001815091,0.0065104807194785,0.0024349101353934,0.0027945879978284,-0.0041414336731803,0.0150482366635909,-0.0007413100879017,0.0137368916603754,0.0089731062918908,-0.0025809611462003,-0.0013835919851071,-0.0016423732004175,0.0044307330101519,0.0060282632562918,-0.0008524832453816,0.0097404190650855,-0.0029714685397012,0.0093703089875928,0.0001499436283657,0.0051806068566831,0.0034297074787256,0.0017723866268821,0.0019062926709056,0.0094126606666328,0.0005764188081101,0.0147123816206158,0.0088186472271568,0.0102691922342757,0.0037610470853324,0.0050238122214138
2014-04-11,-0.0160499599129659,0.011143634715948,0.0063267359862226,-0.0123806503746039,0.0012728020239134,-0.0027274329083859,-0.0050778959051736,-0.0004623245446773,0.004100937737932,-0.0165246569640896,0.0088140796239479,-0.0017598715814833,0.0137981637397375,0.0064700378013919,-0.0076743995048365,0.0029501380244195,-0.0051692018704672,0.0076444862297575,0.0189836534667923,0.002781464740335,0.0134984045329243,0.0006477555273663,0.013565591941348,-0.0019080284308278,0.0047817388204904,0.0051540103119192,-0.0071801257030067,-0.0016084258380203,0.0066191343347702,-0.0018281552879465,0.0059391163222401,-0.0035029854643622,0.0164662399399823,0.0152958634757636,-0.0082200427005194
2014-04-18,0.0104736594949835,0.0218660312648401,0.0115661317773669,0.0125657563161141,0.0146170869326098,0.0283473926609752,0.0269630467537723,0.0259211059645866,0.0200676679964192,0.0181632817221057,0.0250264195267437,0.0269428961583254,0.0241356082034098,0.0261519077847439,0.0099567192194801,0.0225973427479085,0.0301026645289816,0.0364567672917145,0.0340390058472457,0.0208388157837145,0.0173479576294075,0.0203128852425501,0.0188262363123091,0.0252524162049098,0.0316035738806159,0.0365727107178244,0.021143554788704,0.0179799113035388,0.0272015988029477,0.0177740652208195,0.0211243342207393,0.0303689623980416,0.0207899893409009,0.0152876367472509,0.0303564070270323
2014-04-25,0.0100943908308597,0.0502612623892216,0.0436356656375166,0.0304138824908514,0.0385121449195242,0.0273720741024861,0.0362195849141126,0.0276345833490163,0.0365314216242765,0.016303738177357,0.0469080838085481,0.0238523961847229,0.0464985258139615,0.0291351030077541,0.0238670232559582,0.0230878983019708,0.0303203625992304,0.0229890877675626,0.0344341485805693,0.0155958812938562,0.0404220669657077,0.0241141273955491,0.0441650411305195,0.0196315524905133,0.0318940176141444,0.0259930836207134,0.0328270380303833,0.0243663665707865,0.0396020173336899,0.0257906387305321,0.0374081122555457,0.0260063102276814,0.0360688015946771,0.02661068836255,0.0182998665795439
2014-05-02,0.0127159643328363,0.0420892937199589,0.0313746972467133,0.0315250238768798,0.0341051417841559,0.0302524232060873,0.0233018636604261,0.0293674582136994,0.0348665083139198,0.0165553960761729,0.0381446485388651,0.0298703494585008,0.039104081604984,0.02754036393996,0.0287000265155298,0.0210789453101333,0.0286417807400182,0.0238401349651537,0.035086204581234,0.0262859940424046,0.034235383664146,0.0157799702212855,0.0373605707915941,0.0198656719014004,0.0299463625130146,0.0200382462548392,0.0207965228230375,0.0212627980232865,0.0284597820038043,0.0193513477988062,0.0284230114611737,0.0121115678506049,0.0364626279606307,0.0304293235057179,0.030504409571762
2014-05-09,0.0223493511141255,0.0703809996880982,0.0607414247959093,0.0489315309086727,0.0575196607785244,0.0466873515534624,0.0437451886673988,0.0442728711165835,0.0498167515403659,0.0090647690390335,0.0584390670785452,0.0413906115575894,0.0564009426232543,0.0455002620615371,0.0548655670333679,0.0489682256168775,0.059879569598073,0.0415281383058613,0.040352966753353,0.0180516794343761,0.0617154027132604,0.0313273230549054,0.062673385501394,0.0395751643914046,0.0587191386548435,0.0546866411271213,0.0410917221822116,0.0307025721254694,0.0501176795106439,0.0330435063309463,0.0501973415267467,0.0325990926426879,0.0636519110535226,0.0536750276116114,0.0331311659116578
2014-05-16,0.0197946143526974,0.063894534925643,0.0581265731651831,0.0587130895702252,0.0651254803415349,0.0507368122108733,0.0378879853815522,0.0424369450128339,0.0477904002168408,0.0165579301721395,0.0614595956512852,0.0454592646766507,0.0560626074772362,0.0437067876046721,0.0477569254059421,0.0462582596935945,0.0465251152283645,0.0338164739921027,0.0452398710803381,0.0182846332113135,0.0525996147159548,0.0217784290849713,0.0642607929726866,0.0513912211901325,0.0651650843431615,0.0641690122705043,0.038364804988438,0.0311518476128185,0.0430465637521582,0.0273192175030217,0.0383941936721847,0.0368059474799673,0.0615831224182635,0.0540038280275976,0.0405188226324645
2014-05-23,0.0312548489349667,0.0423153704639052,0.033692608435434,0.0582103765691092,0.0403225625102031,0.0428383177852437,0.0503010098789004,0.0404647716734813,0.0360177595786359,0.0140040003684088,0.0442901668420591,0.0404381466098719,0.0397659420627466,0.043381938936938,0.0365725006098376,0.048014073532879,0.0583431886511135,0.0403253816345853,0.0492259837811679,0.0307151432338031,0.0388743156678761,0.0353261343968779,0.0462876730848449,0.0421112969306874,0.0550261755794529,0.068876690287055,0.0425927407279528,0.0359374145337441,0.0451775645503564,0.0361183083482665,0.0221968456770465,0.026314333455221,0.0423938358409889,0.0443601750975496,0.0537029099180685
2014-05-30,0.0423617055203255,0.0585745224785212,0.0488562782386998,0.0598825984146308,0.0514111418930106,0.0497519179641816,0.0555050210403317,0.0477510240660022,0.0526961558554081,0.0282518257180931,0.0523287382184645,0.0474392087541678,0.0503845523734504,0.0448603350049235,0.0505630484739433,0.0536322336355148,0.0507094784608078,0.0460254564538041,0.0608840721112012,0.0491105956916144,0.0565995338547696,0.0560048101217116,0.0564341485297997,0.0435756369648277,0.0630577755084418,0.0719032840353425,0.0593766488483665,0.0631463917140847,0.0639777412511589,0.0633105133498476,0.0398201106026886,0.0381882139529616,0.0554257245425906,0.0532518631841991,0.0470819006308803
2014-06-06,0.0421206189753738,0.0611361902272724,0.0532165806351338,0.0584833946946031,0.0491838547845974,0.043395681236276,0.0658577821168663,0.0500168368526037,0.0605534477569346,0.0384420596430096,0.0447541044994608,0.0498948566289246,0.0497521538962036,0.0532018236968766,0.0618079444974998,0.049730960421047,0.0572858848539034,0.0462406305458144,0.0605419875814796,0.0378930701421016,0.0554235278481065,0.0527781111824497,0.0564777070012656,0.0434983518492568,0.0588984728302625,0.0549188091619699,0.0702715195541067,0.0554362439332004,0.0704037040436019,0.0567059685781373,0.0500005100272979,0.0336366353871345,0.0568836797920429,0.0461131557174651,0.047560120610193
2014-06-13,0.0185965327983339,0.0523446978522092,0.0434191766287417,0.036702654077938,0.0415290277607549,0.0387332996407701,0.0526363842403547,0.0360526227031199,0.0451454126860755,0.0288808908610171,0.0418648148614354,0.0328578839697742,0.0423570216157104,0.033620624915346,0.0505317437515707,0.0270241489849158,0.0470082427522867,0.0309422895892766,0.048570878213845,0.0253892357792315,0.0518989326998551,0.0340118301567711,0.0437228055970464,0.0326067071008784,0.0477844089375882,0.0404345585079092,0.0471231378271825,0.039723333017114,0.0485668194204384,0.0410018529402072,0.0396921115293706,0.03288395391204,0.0370752825341557,0.0234478836713455,0.0123450543074684
2014-06-20,0.0080314382855945,0.0626542432902782,0.0492692113673322,0.0278818646091279,0.051996060801499,0.029375760591004,0.0668084324288241,0.0430361020147966,0.0481112788922973,0.0225528900570187,0.0451884119150729,0.0283225157736718,0.0419357943483784,0.0289163153514127,0.0511243884943366,0.0359306990633615,0.0509314774099646,0.0330833190321957,0.0491236737779147,0.030609956626769,0.0570678205744455,0.046174867870666,0.0531207541685987,0.0319333080268089,0.0504240373836816,0.0436058265377246,0.0611402325882539,0.0444857309604038,0.0606542271269012,0.0455760979590282,0.0463303461278773,0.0308535029877153,0.0475490098702146,0.0344389776025653,0.0230872009509316
2014-06-27,0.004671351977112,0.0420400031587714,0.0356081859110382,0.0105158575955621,0.0396216347487484,0.0199850546201894,0.0438770904998828,0.0315116970014375,0.0379815546696563,0.0188357923961831,0.0356118971991674,0.0334735766887314,0.0294018296999919,0.0313259779579725,0.0429778763135807,0.0242899942130465,0.0436669388095674,0.027930149319762,0.0321873060779557,0.0322234911372154,0.037481149320237,0.0266427962499486,0.0351895835374665,0.026714393183441,0.032264933854658,0.0332660538275075,0.0355823615311393,0.0301310978173781,0.0275605668768967,0.0296642486981269,0.0372917189886428,0.0289250838123962,0.0338788802798403,0.0329111619001535,0.0242887571170034
2014-07-04,0.0086198022045841,0.0387120454488713,0.0304659318798248,0.0117417091317043,0.0354850047207396,0.0256746356783334,0.0458799441540058,0.0376804459101648,0.034396499634028,0.0208073115358342,0.0326048512868442,0.0267740457828461,0.0313490847299154,0.0243555892997981,0.0456501708211822,0.0289705621148714,0.044233747241437,0.0228755787148463,0.0322704819382099,0.0251889784066836,0.0399115203971937,0.0414503566415515,0.0337833611683651,0.0286858029176422,0.0283793872766108,0.0258804486903545,0.0468583239201062,0.0456440271491816,0.0394645682591478,0.046300785686049,0.0366615179088603,0.0182197504809687,0.0334881577287348,0.0246550933098288,0.0149445589374328
2014-07-11,0.0179812418255169,0.0329974339706952,0.0312318280594157,0.0242451079514449,0.0286537969930796,0.0237588633711985,0.0331029425645552,0.0208964106405268,0.0233018884773143,0.0281798119673305,0.02781156559912,0.0302271575683677,0.0212862644735386,0.0263080844844661,0.0317931624109575,0.0148904548923343,0.0248668206088856,0.0168823260092716,0.0194194408124731,0.0245281504158996,0.0319033451570014,0.0277159410740416,0.0254180408279672,0.0252723053738814,0.0271880140085047,0.0317036676631278,0.0257082857806891,0.0290393599820175,0.0256621592068933,0.0293050858257449,0.0336083426987035,0.0105039862932257,0.0341609421176661,0.0340017211536333,0.0328160689893201
2014-07-18,0.0187375566144552,0.0306952894109124,0.0282786506880093,0.0242666917956477,0.0263395423358368,0.0187613295951233,0.0295442935039649,0.0230419998560687,0.0300307960502823,0.0181300419278337,0.0283883131472202,0.0160772833906609,0.0237513549243909,0.0215688419249909,0.0314653037160158,0.0261404627945001,0.0263383153432862,0.0184324955915594,0.0191642432739303,0.0154249834759421,0.0293245084633366,0.0305737402539278,0.0242021213126718,0.0147671620947456,0.0277950622489996,0.0330743510720739,0.026579726127619,0.0309370834229777,0.0225030433782127,0.03081392404571,0.0183131705660125,0.0116053556658889,0.0271854003254145,0.0233610179192277,0.0107424731546714
2014-07-25,0.0113382287565969,0.0424266422070859,0.0392854012738267,0.0227907265034508,0.0311135492742403,0.0241921793826069,0.0401886043452634,0.0269859868002645,0.0401320095822078,0.0113729258184158,0.0367711750698477,0.0155177597187193,0.0374509290631707,0.0199372401394648,0.029258258826493,0.0249607578541864,0.0365614506072979,0.0123236253122536,0.0318859829749108,0.0221900818110748,0.0352224524394158,0.0368744952094862,0.0347405488030422,0.0168786555878382,0.0338188406319687,0.0198089381153167,0.0396951350216169,0.0371287861203277,0.0345308243404925,0.0371287861203277,0.0239644124479114,0.0115257470995826,0.03772588400194,0.0412378434946669,0.0025715920128529
2014-08-01,0.022208265045474,0.0393977767576968,0.0373314630922043,0.0260830476919248,0.034086742762166,0.0243897261974841,0.0408594096661717,0.0412567002498687,0.0451610436682269,0.0284941852078642,0.0296818782110941,0.0182865875619137,0.0343586709100256,0.0204988476333455,0.042481073373214,0.0296852831167588,0.040957378088252,0.0179926822956726,0.0419972672319452,0.0418647854478998,0.0325967869969726,0.0319653317646064,0.0311348443192934,0.0252804185656868,0.0391998276914995,0.0383602089082676,0.0424347976098617,0.0326305265167412,0.0348136901215836,0.0337197867925728,0.0281524564938778,0.0135192553259884,0.0361077090426163,0.0323875400670316,0.0146204327716466
2014-08-08,0.0143514311277203,0.0393321347597341,0.0368373145283544,0.0160908757130244,0.0353449589973348,0.0316453265454223,0.0309801347507017,0.0297615258312428,0.0327894190182264,0.0191148715963127,0.0267032336754355,0.016417469762694,0.0303041863977819,0.030156868318098,0.0328502169558737,0.0207483095211037,0.0443240349271027,0.0201903715240788,0.0329024408253912,0.033849329731211,0.0372091173008898,0.0300619300000796,0.0306950080123506,0.0305863511853245,0.0323636775625474,0.0257388848490605,0.0327024311997464,0.0288989745773901,0.0278396874329967,0.0295732081166839,0.0231319004611736,0.0084060163944051,0.0333844593464309,0.0327022753075986,-0.0047098135697445
2014-08-15,0.000838316865229,0.05226384681824,0.0432946249870046,0.0163853127166406,0.0346763760905897,0.0257412867316332,0.0473460713572064,0.038344757790626,0.0280390470350184,0.0111507755851206,0.0269560772321457,0.0297669966799148,0.0334414986266273,0.0321061863454154,0.0346005791894468,0.0219283730523988,0.0372606894819398,0.0271319950917342,0.0574537372075504,0.0320016713637152,0.0446522212432937,0.0375167982659258,0.0375626216512959,0.0253116140290878,0.046699679150565,0.0286223536220749,0.0409180861238394,0.0345549127334786,0.037147857241936,0.0369593850301914,0.0232487770404252,0.0103700518104081,0.0493284035626676,0.0258407799724709,0.0118112914379378
2014-08-22,0.0131096668206045,0.0436554286023911,0.0272756276490239,0.0060680217041067,0.03234672070622,0.0241179258394365,0.0403599421536985,0.0300387151497884,0.0465076425650136,0.0342961720802136,0.0224797883076389,0.025312634044161,0.0344799370037556,0.0295785942358297,0.0424241875544805,0.0182421723201154,0.036356795721577,0.0137957540287216,0.0483952090932899,0.0349386407075071,0.0386405512366843,0.0319163612066139,0.027765667445136,0.0182461090151356,0.0331868114235266,0.0231652456445527,0.0341509867678693,0.0327468463880712,0.0341783861652098,0.0326361465241037,0.0281291031293991,0.0146723772758155,0.0364982018067019,0.0223843628203497,0.0122276896682832
2014-08-29,0.0073716815983788,0.0250640320841021,0.0074400835074081,-0.0109476076058176,0.0090671054676988,0.0077228113980626,0.0271519412319809,0.0241859715581622,0.0273211376782236,0.0144897257731615,0.0192388624547792,0.0127081312230414,0.0145197597148273,0.0169800269991326,0.0362360292426112,0.0096679415467816,0.0155613556812876,0.0064868596624983,0.0407044822285568,0.0171017352234745,0.0234293049231068,0.0243389716903129,0.0025914102547202,0.0117401262759505,0.0119154553071406,0.0070362763754833,0.02352491034998,0.0178997574954833,0.024792311239121,0.0166333000809495,0.0059643319758214,0.0015947865778745,0.0283507829663248,0.0107373700141574,0.0045720779469808
2014-09-05,-0.0032173542287823,0.0219093751291131,0.0003895282437002,-0.0080269492845328,0.0103733764169774,0.0114036452782608,0.0201990596477974,0.0039151315096423,0.015057443740619,0.0040481909056777,0.0143033358899751,0.0152884147676993,0.0142647361123517,0.014350408789516,0.0252575134324537,0.0052345848837715,0.0130395854469693,0.0022901750174933,0.0334124225489049,0.0272648587785393,0.0134357823514379,0.0015456386564227,0.0008142827072235,0.0031359181125767,-0.0031523936274159,-0.0086994641093059,0.0129779199485708,0.0008161656232052,0.013927223422644,0.0008161656232052,-0.0005727987325791,0.0135597409868953,0.0212461178432503,0.0090393304439906,0.003718680608892
2014-09-12,0.0354428183386412,0.0184421637800717,0.0120504290789582,0.0099470734393382,0.0200562221335191,0.0370849919120034,0.0315772683830059,0.0299106811415187,0.0162785613831337,0.042876544021396,0.0177666925860041,0.0299429701864582,0.014052192357671,0.0332518885088438,0.0360585152979998,0.0522745461892264,0.0080212287931173,0.0048398915751268,0.0250531487223274,0.040910534953421,0.0136529107531752,0.0298818572623776,0.0047200283400099,0.0355429931317218,0.0046239487428729,0.0222353388980948,0.0336970048064001,0.0296030689231439,0.0311353022361755,0.0296030689231439,0.0274078863898666,0.0329439612753964,0.0149912522890335,0.027703843050556,0.037324088352092
2014-09-19,0.0156404755153962,0.0546186321813858,0.0371467457044637,0.040475542031016,0.0512091923420061,0.0351247818807284,0.0548942818533576,0.0384411715695957,0.0526820829184527,0.0432155002459046,0.0422161296744345,0.0353686200290754,0.0412131007354418,0.0385832116651429,0.0518576777502321,0.0463543795802024,0.0308766218898283,0.0181415264251204,0.041773785323128,0.0334826520415022,0.0521315781360465,0.0498555963586842,0.0422752997926243,0.0421327825187047,0.0322647337754276,0.0212032619225308,0.0538704161254324,0.0498543238830243,0.0577703949638659,0.0498543238830243,0.048241460983978,0.0348685370946965,0.0381477068705089,0.058368299464607,0.0352862272300906
2014-09-26,0.025516933960628,0.0797356398885705,0.0738871457133796,0.0619433879224036,0.0717868082178316,0.043367253719515,0.0618713799924895,0.0508266061583838,0.0708472003182,0.0549632386985385,0.0639906753279928,0.0446606881951184,0.0647572730243351,0.0488995974852839,0.076618189833994,0.0471138964091615,0.0455569638891379,0.0222958535736069,0.0545171718760617,0.0388795028662392,0.0759436730745773,0.0496937557388721,0.0689874202876306,0.0523905482999035,0.0422320136563115,0.0376303564537246,0.0660110394146539,0.0496400684105954,0.0703973100658163,0.050023526568346,0.0720278436115485,0.0524539535125269,0.073079924074276,0.0668682842617067,0.053833574470616
2014-10-03,0.0321951986858471,0.0437512196530386,0.0514554200155361,0.0430110823522886,0.046036825848022,0.0428848561955499,0.0432201244012024,0.0441304584732154,0.0501923575207583,0.0548877142546742,0.0434836295126684,0.0499394246508465,0.0413866414189289,0.0453618042433304,0.0602225314171446,0.0471326547036688,0.039701169818415,0.0338946064229552,0.0322208283623423,0.0374255749165997,0.0528562420214755,0.0497180483201195,0.0452978902375705,0.0462729392427338,0.0391022363158184,0.0396205965229333,0.0556482749046685,0.0497180483201195,0.0572350722506759,0.0497180483201195,0.0501047360642404,0.0611184487961291,0.0389768110864702,0.0404087090751599,0.0538304900992483
2014-10-10,0.0281973332870654,0.0570403108769995,0.0498399752719949,0.0424517533767013,0.0638664831318108,0.0548690237184034,0.0594726896920525,0.0356712437380229,0.0490631408660433,0.0430522175412021,0.0661631619197985,0.0509661677178614,0.060255161502982,0.0495466691444316,0.0559749215063494,0.0319141549233374,0.0517251234965975,0.0418607922663059,0.0549743626571328,0.0304862807767977,0.0504072592814831,0.0438881641650646,0.0547147198907231,0.0518929570962246,0.0533639976580235,0.0454262093117435,0.0566219345290962,0.044296795491604,0.0552551054250312,0.0439234382133548,0.0577010949105758,0.047765732377563,0.0524376914858013,0.0321791129572977,0.0436444672013066
2014-10-17,0.0364779985750386,0.0412088428773677,0.041715283049372,0.020077675077854,0.034165066586481,0.0299336001314621,0.0522468365810035,0.0371425511763731,0.0412210421171235,0.0448609925489739,0.0385381116391755,0.0437328583262254,0.0376082195571633,0.0416674481036721,0.0535725708646801,0.0400860055364384,0.0530961476471051,0.0530271240677394,0.0576979336314184,0.0403137833483451,0.0324365877432033,0.0485014245406804,0.0374438471263018,0.0423154671499492,0.054095544868339,0.0287295399714114,0.050814677569142,0.0495717715807041,0.0455881479315935,0.0480009233303034,0.0518062093127273,0.0576778686374167,0.0341628193071528,0.0220231768962535,0.0432256152778638
2014-10-24,0.0245314596642369,0.0310649670016895,0.0253909567625961,0.0064525539569758,0.0218959568232275,0.0148281265756058,0.0364306981399934,0.0243617061847771,0.0216485331196752,0.0298205617077454,0.0266926136315106,0.0277492489687519,0.033228282735505,0.0230342660043599,0.0323072900370396,0.0266410470085049,0.0354352381132744,0.0338765488532911,0.0443963000912487,0.0277793561896372,0.0272519993897682,0.0407172937859373,0.0287491930496453,0.0243522576420525,0.0408063342902578,0.0306624428789908,0.0342705050414714,0.040746440138071,0.0288729849738174,0.0405843736086245,0.0479004282837581,0.0412244723420215,0.0312235902299599,0.0216839251186947,0.0239731949195229
2014-10-31,0.0145465477805741,0.0289456112633187,0.0201090880621806,0.0058055250630214,0.0140979001783618,0.0215903621797961,0.0266587785206228,0.0202869162274756,0.0273860863077814,0.0231417325847897,0.0168249123428052,0.0149666550599613,0.0274517917762634,0.0148361850127608,0.0351515631555813,0.0145054622609028,0.0450854772782473,0.030528030857913,0.0351666173917967,0.0352574132539711,0.0242135628403372,0.0226866555691937,0.0148448098355926,0.019751863581985,0.0329015821012147,0.0237572313050565,0.0271461594180978,0.0213822687271097,0.0296611577558404,0.0214583239829898,0.0394122256344731,0.0401023682759748,0.021511327439665,0.0178302530550678,0.0134577815092842
2014-11-07,0.0261764656056619,0.0219177654171314,0.0188347485469601,0.018521755104309,0.0108714308974477,0.0302394275318875,0.0274741821616788,0.0286873058953575,0.0203939195853517,0.0374042829305528,0.0084602221540615,0.0283287263206686,0.0172751075484444,0.0295821099716453,0.0458480564802708,0.0354130618847379,0.0369775591378693,0.0343396729612918,0.0463408879970778,0.0348948525212294,0.0303826087163636,0.0279070154359756,0.012245750953693,0.0273643681460139,0.0258948028379509,0.0387936417107692,0.0360946607180587,0.0262536957193891,0.0368370410607631,0.0254007180941463,0.0375109638787236,0.0397993563763448,0.0239317793995821,0.0211164049494692,0.0119203818944406
2014-11-14,0.0132886451651381,0.0109533811246416,0.0041057121181271,-0.0028454357781995,-0.009340742381876,0.0236531854209648,0.0180489912305813,0.0157693136946892,0.0213914086454455,0.0331964890386379,-0.0012472433301825,0.0238595152378929,0.0045874624060536,0.0259583008794919,0.0369115249128403,0.0193803995393586,0.0246995947817022,0.0302640618459953,0.0344093440659991,0.0228292793711766,0.0201005125838276,0.0115255772926352,-0.0054655418096015,0.0161505684857862,0.012311326458471,0.0287354311246901,0.0220937779537556,0.0120235010745827,0.0185327828332871,0.0118047663447647,0.0363490641790226,0.0242866210994184,0.0155318930834294,0.0083268370333944,0.019598820220749
