,Numerai-MLP_None_1_2000_10-all,Numerai-MLP_None_1_2000_10-baseline,Numerai-MLP_None_1_2000_10-high_autocorrelation_small,Numerai-MLP_None_1_2000_10-high_autocorrelation_standard,Numerai-MLP_None_1_2000_10-high_calmar_small,Numerai-MLP_None_1_2000_10-high_calmar_standard,Numerai-MLP_None_1_2000_10-high_drawdown_small,Numerai-MLP_None_1_2000_10-high_drawdown_standard,Numerai-MLP_None_1_2000_10-high_kurt_small,Numerai-MLP_None_1_2000_10-high_kurt_standard,Numerai-MLP_None_1_2000_10-high_mean_small,Numerai-MLP_None_1_2000_10-high_mean_standard,Numerai-MLP_None_1_2000_10-high_sharpe_small,Numerai-MLP_None_1_2000_10-high_sharpe_standard,Numerai-MLP_None_1_2000_10-high_skew_small,Numerai-MLP_None_1_2000_10-high_skew_standard,Numerai-MLP_None_1_2000_10-high_volatility_small,Numerai-MLP_None_1_2000_10-high_volatility_standard,Numerai-MLP_None_1_2000_10-low_autocorrelation_small,Numerai-MLP_None_1_2000_10-low_autocorrelation_standard,Numerai-MLP_None_1_2000_10-low_calmar_small,Numerai-MLP_None_1_2000_10-low_calmar_standard,Numerai-MLP_None_1_2000_10-low_drawdown_small,Numerai-MLP_None_1_2000_10-low_drawdown_standard,Numerai-MLP_None_1_2000_10-low_kurt_small,Numerai-MLP_None_1_2000_10-low_kurt_standard,Numerai-MLP_None_1_2000_10-low_mean_small,Numerai-MLP_None_1_2000_10-low_mean_standard,Numerai-MLP_None_1_2000_10-low_sharpe_small,Numerai-MLP_None_1_2000_10-low_sharpe_standard,Numerai-MLP_None_1_2000_10-low_skew_small,Numerai-MLP_None_1_2000_10-low_skew_standard,Numerai-MLP_None_1_2000_10-low_volatility_small,Numerai-MLP_None_1_2000_10-low_volatility_standard,Numerai-MLP_None_1_2000_10-optimizer
2012-12-21,0.0207573760911554,0.0565770345309149,0.0351238178671865,0.0352441146771266,0.0517852111074134,0.0378091163260378,0.0277936942397023,0.0195914662507412,0.0465786207410194,0.0352161784511215,0.0541639712496244,0.0355103640147664,0.0548593362220898,0.0419516595536414,0.0462460466219118,0.0316333099553874,0.035328493482203,0.0193356692425591,0.0621102121880495,0.0532888262104871,0.0580834047538953,0.0292518892202236,0.058370938835158,0.0553599077819351,0.0337608341059069,0.027621135782474,0.0274179805062877,0.0276789086580218,0.0308041551658639,0.0271196140108598,0.0539370606792161,0.0320170054676606,0.0577626132607219,0.0506753637613631,0.0276570537873376
2012-12-28,0.026596786983558,0.0769784415122286,0.0574309575575907,0.0413386327548163,0.0577282447252127,0.0458280476956762,0.0470454102438557,0.0338854351721606,0.0626431400900513,0.0330706411070157,0.0659909344362659,0.0409697694411044,0.0664910206844759,0.0472146935100048,0.057701356331708,0.0309326351136272,0.0626401104119099,0.0399944024344669,0.0744878561386239,0.0665213174658896,0.0792827005071107,0.0493434211140854,0.0689435451399155,0.0628540814306442,0.0517190674866877,0.0353726284298059,0.0448933919890633,0.0453540924214355,0.0513388428799457,0.045335156933052,0.0663861180788309,0.0399105182209277,0.072255740767969,0.0673319457235901,0.0362385483135864
2013-01-04,0.0155832688790035,0.0646938252924498,0.0603047770270011,0.0397650479436155,0.0675129767452945,0.0533577748326139,0.0512248230732736,0.0318661947280848,0.0654534081301799,0.0381742407854148,0.0741869704083936,0.055911275903981,0.0716586403363652,0.0587586967983944,0.0630886895538525,0.0296753496702657,0.0663841542364933,0.0334808175241214,0.0644080371653398,0.0485679272815464,0.0711757443952073,0.0480424342645848,0.0567301078747735,0.0538782336497078,0.0531715094375081,0.0268579403519868,0.0507006854178148,0.0432030192071273,0.0491687396734521,0.0445825835939555,0.0578252399690752,0.0553338919037674,0.0556709896718331,0.058796840543546,0.0325454244640839
2013-01-11,0.0049851842166066,0.0536887140745408,0.0430911365841697,0.0302257668212355,0.0579402002401204,0.0365374502195967,0.0439891809512408,0.0234992761146254,0.0368242400731219,0.0353604969534204,0.0579563465857612,0.0482427819355974,0.0589799095683496,0.0481620502073932,0.0509563290952594,0.0234325763296568,0.0458377453087154,0.0297133125655396,0.0502954822343882,0.0369289991013868,0.0619529515686679,0.0455069374414789,0.0528856251809383,0.0397284678860662,0.0416616083397547,0.0365243793683636,0.0468495829688742,0.0410451639293959,0.0445571863246771,0.0415718423467277,0.0380999935971481,0.0274003485524906,0.046810370415175,0.0391927552039115,0.0328341705158317
2013-01-18,0.0224008060396334,0.0450450745423957,0.0419915818890114,0.0377257437230487,0.047149732577335,0.0400316641210865,0.0450956761247271,0.0324786100183716,0.0399902278237717,0.0395607797469924,0.0463036301192606,0.0421899796443576,0.0496454579501699,0.0419110007025281,0.0557530154138367,0.041132303834095,0.0522290206352851,0.0210047656264126,0.0370830037379713,0.022473558248283,0.0531482572033668,0.0408852136556368,0.0406226564721901,0.038741219433281,0.0443807567830366,0.0368059343029305,0.0423093238186516,0.0401611286813606,0.0428926781426004,0.0429849073204947,0.0394886003903794,0.0233853477398887,0.0394500283532476,0.0347881584793079,0.0318837986536906
2013-01-25,0.0250151279192322,0.0541827231429657,0.0512468872082018,0.0485053923477996,0.0587298060021399,0.0610568077903901,0.0563033258765733,0.038612573151181,0.0517116846668378,0.035947571103185,0.0557650501006013,0.0580381677894716,0.0569862974159148,0.0498496687431655,0.0596524298995621,0.0524020040379129,0.0565435434524796,0.0531556278054621,0.0458581004583411,0.0231482134410709,0.0595001978985171,0.0512203219703957,0.0500205529324574,0.0479599571460359,0.0582209215531023,0.0604092565681234,0.0519309891831946,0.0547610348362838,0.0561041807959985,0.0538900341669388,0.0515456990320351,0.0424251557912125,0.0529408450317106,0.0350626283941404,0.0463641588182504
2013-02-01,0.0162181423871365,0.0409829683702376,0.0272331099933193,0.0291866164343667,0.0292620220794261,0.0377311691235422,0.0397287702661231,0.0282798959751021,0.0352188827672634,0.0153466235803566,0.0269394541028546,0.0383140343799473,0.0295528988920631,0.0302711978746068,0.036126529585804,0.0312616612124141,0.030926133882678,0.0222711591678136,0.030006814937261,0.0250239283921197,0.0468904538282141,0.0401571187953057,0.0336929837679779,0.0298226547132093,0.0432685743312456,0.0360490859503376,0.0379751721568179,0.0426603268306805,0.035501237074562,0.0432248501734225,0.0405752773724533,0.027736493623851,0.0386862455370095,0.0195002333016997,0.040818168774598
2013-02-08,0.0369576381183593,0.0504447727127555,0.0473114872730358,0.0432393524934799,0.0393724035155516,0.0483291054251221,0.0486270034431467,0.0532929027161613,0.0421081526420227,0.0312482646966535,0.0325272131001378,0.0466222402778295,0.0399637670950399,0.0418745252441299,0.0452527958862287,0.0542656422455695,0.0391177219489949,0.0359769571042796,0.0409121281133636,0.0347626486923073,0.0547142437866616,0.0509867325047089,0.0446457340230875,0.0402949085372706,0.0566240785073015,0.0545219859833365,0.0466669342148177,0.0525792772098706,0.0442412723619134,0.0550413221437116,0.0498930238483286,0.0333926502436363,0.0505228020513439,0.0402038584920839,0.0482011182419287
2013-02-15,0.0645655821581457,0.0713088155640538,0.077393470961078,0.0667149940380232,0.0613611122910085,0.0716888917945455,0.0739391384504366,0.0789651218173631,0.0657681851485428,0.0570085346984521,0.0611813149881902,0.0722140111336016,0.0721888024395981,0.0678351126987769,0.0639322137213104,0.0650921843615548,0.0666304707698942,0.0718926002850583,0.0631116336598911,0.0603390480356062,0.0768029202324397,0.0691467062191299,0.0659822736895275,0.0619381318824244,0.0721965874774521,0.0767875355147759,0.0708021389113674,0.0755587970401547,0.0656124843914631,0.0724616494805761,0.0741600852390546,0.0577210510201362,0.0666004427667431,0.0669442819386275,0.0650616002842712
2013-02-22,0.0509684547087766,0.0504281969150812,0.0682633793694853,0.0554695260484727,0.0421299536935542,0.0513103621224891,0.0640995875683837,0.060043162470018,0.045932401005448,0.0308536731812123,0.0399944669991378,0.053451402267047,0.0465377270708729,0.050126736782328,0.0425431303840827,0.0568915795147095,0.0557688570111003,0.0583776827725783,0.0370111535831171,0.0521668892493151,0.0528220112510088,0.0525991327853295,0.0439048363587817,0.0487376337869309,0.0586270326839322,0.0709930852290436,0.0519697417692914,0.0593971111035554,0.0471313908910006,0.0612064251596603,0.0527923928502541,0.0405786899540249,0.0576759117896958,0.0489921669184169,0.0533208961887215
2013-03-01,0.04052757938696,0.0419735697407251,0.0557210419756071,0.0405216471200049,0.0387108226319697,0.0456528726527985,0.0425154449669356,0.045366455388874,0.0377182802170494,0.0322828406194662,0.031388922142674,0.0561800511312557,0.0391431365863204,0.0457939493763238,0.03636386951787,0.04199266394152,0.0399716147432645,0.0380766262178042,0.0378198702886551,0.0489769813644037,0.0435517378506495,0.044959724335767,0.0389709154612811,0.039552277622878,0.0515083909041377,0.0640974029161666,0.0381531895381931,0.0503957200833773,0.0378537954403044,0.0498319693393033,0.0405594653218435,0.0407609770149735,0.0434527431458368,0.0401853617369894,0.0482975514147058
2013-03-08,0.045676312628633,0.0428827775378673,0.0577807441469571,0.0514547731320038,0.0445862556027187,0.0598623136607707,0.0444785184772025,0.0419836502293266,0.050467305382605,0.0348507538835017,0.040307657676074,0.0626735907704444,0.0512078602317166,0.0533497331195393,0.0423360940341297,0.0542849869719303,0.0479834682397307,0.0528772341219681,0.0454262742485954,0.0455685755031168,0.0445007645389559,0.0366420214840216,0.0472949434358769,0.0471938249733617,0.0498561821655129,0.053844845882364,0.0292504457259078,0.0390642682906367,0.0353397995385754,0.0392729400269181,0.0531859212102647,0.0429729564962257,0.046067365300942,0.0255575994748513,0.0433075666812761
2013-03-15,0.0313833111062213,0.0439048771953098,0.0470528083809576,0.0317979029595013,0.0362726922029586,0.0427241636757724,0.0323681032563961,0.041278734132862,0.0522437604614021,0.0335243376918166,0.0413613613064306,0.0443597813164342,0.0468344105653579,0.0452977999344347,0.0396811541117506,0.0294031709114511,0.0365020099093382,0.0419526733921666,0.0412108488118465,0.0431247416692181,0.0439220756943365,0.035997510955303,0.0386614183110798,0.0390365165593723,0.0505133217691341,0.0314992439466688,0.0279146077999598,0.0340359345748588,0.03245327840448,0.0332881040546096,0.0365032838965959,0.0400176687459537,0.0445295856180629,0.0393739411844737,0.0303497434438959
2013-03-22,0.0128294949630829,0.0459430063467966,0.0299379316114679,0.0245411507706909,0.0325644871221931,0.0298114875102748,0.0217941984853515,0.0297654911778118,0.0414740316959701,0.0224245864681112,0.0406512287766123,0.0318761914061333,0.0521477463598715,0.0309569977661559,0.0387783900603902,0.0327809081127858,0.0297836331575482,0.0221009628699851,0.0468099727663179,0.0335021892465481,0.0395584951890553,0.025247588466487,0.0467859667123233,0.0442636817720023,0.0345716497893927,0.0195885735549749,0.0177961826074829,0.0234852508995685,0.021490366137847,0.0229472220863759,0.0277233273173833,0.0101190098895369,0.0438389028929218,0.0327191520807538,0.0289894176001992
2013-03-29,0.0167132024201277,0.0531383507417521,0.0376152241416728,0.0299689550718571,0.0388116115218488,0.0359969913029822,0.0328929697331312,0.0319627511049669,0.0460418890163556,0.038271590796118,0.0517845484412002,0.0315366981678981,0.0550292461418394,0.0324652703914108,0.0474512113981408,0.030132680867768,0.0361749859392072,0.0294871073104835,0.0512225756534478,0.0436520411976065,0.0470385126321351,0.033592691710069,0.0525482972657009,0.0480256236877055,0.0510279340368565,0.0228270346269872,0.0313826678660467,0.0339536201964738,0.0387267302153653,0.0361689491221512,0.0418398984777253,0.0208173233489118,0.0531545400451967,0.0396082884393818,0.0232766860307291
2013-04-05,0.0297188736040755,0.0810201035403495,0.0621024602094716,0.0401102535634757,0.0606468300278012,0.0495358228973376,0.0577512176889131,0.0513624568215613,0.063703107547991,0.0585650969142396,0.0592021170724932,0.0455071844157918,0.0701682889998805,0.0432460448823394,0.0668183380905386,0.0425780925827253,0.058338018605899,0.0409588859593896,0.0686469735062621,0.0516557663031679,0.075152548695693,0.0536223226786048,0.0773307173087902,0.0637225766016709,0.0735216970309039,0.0334789483171031,0.0615531417696638,0.0537143912875954,0.0631867227410434,0.0514805448200494,0.0672321009696784,0.0375228709155564,0.0772193615998924,0.0617263617612825,0.0498052964347193
2013-04-12,0.0268456557492764,0.074012858583347,0.0515430051746635,0.0417463069587407,0.052897048431731,0.0350391158927465,0.0590756994738397,0.0545513242178303,0.0565185465541546,0.0422209032069925,0.0494390162960761,0.0418467477261664,0.0631957688559079,0.0373652368844652,0.0540523897004374,0.0324198458980892,0.06060683088324,0.0411247729512713,0.0739213171344253,0.0529548064137226,0.0675354275468687,0.0517473376581244,0.0720997611551994,0.0483116458739946,0.0466889735120039,0.0320297070763346,0.0590991295986099,0.0506700968053186,0.0529001361225922,0.0495054924640287,0.0575002506191378,0.0287529405571188,0.0646838542221257,0.0510322647804484,0.0412170404193585
2013-04-19,0.0119468131060433,0.0551397427698912,0.0402117936461373,0.0296202912706115,0.0302090419283258,0.0173005379400777,0.0401780346021195,0.0379999576417429,0.0386903389293539,0.0232679350297664,0.0321587592820476,0.0245555509233267,0.0433969859615593,0.0209261885680258,0.0356873747520596,0.016502516559237,0.0371317669390431,0.023748692096408,0.0547439132278301,0.0374813763058876,0.0468861864220636,0.0337463180954942,0.0421883768359361,0.0265301898749883,0.0423416181509281,0.0273900733783749,0.0405783709094515,0.0333597682040438,0.0358264761533269,0.031227115716508,0.0298601395571676,0.0170742993204817,0.0490124759484232,0.0390599209243346,0.026990444066729
2013-04-26,0.0073287876484825,0.0361614103881363,0.0288499953325015,0.0149773809088505,0.0184612246365068,0.0056839171463955,0.0338661045146014,0.026887502191989,0.025881879084763,-0.0016164918471074,0.0145542478865264,0.0042407897749007,0.0296966252060597,-0.0028860728285346,0.0231709898763909,0.0013166968252716,0.0234886125148165,0.0198890711937818,0.0313951604723709,0.003786549380772,0.028744848777513,0.0275598580176596,0.0256350211693315,0.0024392909270608,0.0281678161262611,0.020666937403351,0.0318815997250342,0.0193460565456144,0.0308130342163791,0.0193205885219148,0.0199252721703263,0.0127169118910521,0.0303356906864658,0.0116914601082315,0.0131764278043757
2013-05-03,0.0267170791058179,0.0393369164864308,0.0429393838018932,0.0376069796938964,0.021126835374162,0.015568979034173,0.0468112964756678,0.042738941833466,0.0274753039307301,0.015405602636209,0.0200857606620258,0.0182495754844678,0.020931791304346,0.0188464031409068,0.0295238064536598,0.0225493615881525,0.0344373336294318,0.0451669166287592,0.0371172103599118,0.013966882726385,0.0299102959942178,0.0330110288864135,0.0288163218756924,0.0064082053011981,0.0349866597780927,0.0403210431155803,0.0343792162543851,0.0346915746540167,0.0292632678806952,0.0307867347987141,0.0315870632327933,0.0242531183197837,0.0321934271767786,0.0134492242495762,0.0237003735020024
2013-05-10,0.0025503724659109,0.0231892470922234,0.0298312837808032,0.0297633760367601,0.0213474498996868,0.0183140590968817,0.0184308033812602,0.0144128394076051,0.0198702336723145,0.0157517448492099,0.019044468375329,0.0165504183427976,0.0128003423987927,0.0148402482533144,0.0339791814694383,0.0177125141201223,0.0215303195726216,0.0374184146165637,0.022261263557715,0.0124713195759489,0.0285754361048784,0.0183172673367577,0.0198616783659784,0.006976495846019,0.0300243128800122,0.0113361373664733,0.0249340838455618,0.0166347237573183,0.0248752661145009,0.0162618549895018,0.0227932966704932,0.0286321150093552,0.0116564266474323,0.013740000211378,0.0131596652649103
2013-05-17,0.0051283418766491,0.0459609738157443,0.0338512100392681,0.0254274589715217,0.0333627120002754,0.0166669779691935,0.0336912766333334,0.0159399111204602,0.0500584460313574,0.0300413868521677,0.0381253903738995,0.0229991693009475,0.0333930656211576,0.0209363656268435,0.0485766213113315,0.0177261595820821,0.0250202589346579,0.0270452537125754,0.0222570143950505,0.0181637132398281,0.0403546951964683,0.0106427605101329,0.0325577197739557,0.0296350743480782,0.0307780390548638,0.0116011183998574,0.0302180058742599,0.0152389377352922,0.0399620506971036,0.0132105703328323,0.0380139162574433,0.0185366545116027,0.0400138826111246,0.0261981924327522,0.0066417627634412
2013-05-24,0.011836086348259,0.0628553499558229,0.0502649860072825,0.0319904640381186,0.0633112689758829,0.036486458155322,0.047462231377015,0.0351941890144889,0.0551772238594289,0.0354794678290323,0.0559674022866656,0.041125530570281,0.0388613823418713,0.0406747022652057,0.0682001578542851,0.0336277010993071,0.0521278127772023,0.0276888106271918,0.0365080515671305,0.0339331688761105,0.0564217417156122,0.025218383871343,0.0558855931004643,0.0466813574280372,0.0498480400475654,0.0261806073682736,0.0491923376645995,0.0283603130675784,0.0521411550479133,0.0289212151060191,0.0456583914881331,0.0318884658896572,0.0545120414420106,0.0494365363298486,0.0255847696473135
2013-05-31,0.021901773572086,0.0455213266955165,0.0379221084209676,0.027097034169046,0.0366348308579859,0.0207157801632798,0.0363929819124503,0.0331117276098745,0.0255647370261371,0.0250907271845958,0.0353167276828638,0.0172493960415067,0.0311653103861542,0.0209692547682512,0.0408218297184232,0.0219688853333745,0.0473720080787186,0.0280223309723223,0.0205674649322959,0.0221883636918139,0.0463330968764107,0.0408137269860892,0.0300298709812582,0.0297763963762868,0.0268499008328578,0.0101040191473696,0.0429160337340622,0.0363244609803211,0.0440106071845779,0.0393168352605529,0.0256774706933933,0.0218725332771415,0.0446382166477557,0.0207469580681303,0.030517091799431
2013-06-07,0.0139070655502947,0.0299478282169012,0.0229362270645779,0.0239016768267439,0.0257053205414743,0.0159007987337367,0.0289594333870055,0.0342459327062738,0.0178737050301704,0.0299970712575309,0.0132162482981708,0.0130896984847388,0.0154992634121777,0.0125907356917509,0.0485178217772993,0.0317627676781359,0.0323109737039655,0.02121871488256,0.0125656728277239,0.0018474154772563,0.0353709376028088,0.0328680046819172,0.0214693435228298,0.02312490454095,0.0217859828049734,0.0121588425348916,0.0318683141055171,0.0313958261688958,0.0310555360150647,0.034679414354515,0.0174269859537458,0.0176885575346471,0.0308465611488116,0.0108089778582836,0.0261530986121535
2013-06-14,0.0259780216645869,0.0388588724340328,0.026666265933388,0.0310835072360678,0.031979362379342,0.0237206089027652,0.0291124481718283,0.0397642369249726,0.0273298030861345,0.0134397823885123,0.0210579283380336,0.0255119636912407,0.0298456629468295,0.0220158178949988,0.0427909475161774,0.0286433684648639,0.0413771316809388,0.0182276304320109,0.0275025751494803,0.0155482414578612,0.0369092319028953,0.0342545500448002,0.0390127139992259,0.0262064291763146,0.0279798313121174,0.0266307161261152,0.0303264740901939,0.0317678410260689,0.033988281988327,0.0323824971938153,0.0252169002908766,0.019884429199959,0.033685930877472,0.0255659993982954,0.0272130219692434
2013-06-21,0.0289383066488337,0.0456001526733048,0.0373698503500479,0.0327310766736196,0.0419622112016986,0.0391966161252744,0.0252670342889099,0.0144648525221208,0.0423008993825087,0.0411914715902361,0.0353033148468195,0.0404402647892013,0.0420627424553676,0.0423320801991547,0.0430687717924406,0.0185007970767264,0.0342759606983622,0.0190871397897479,0.03636113301154,0.0274898322755597,0.0446213614212969,0.0442292716119781,0.050982427217178,0.0352812732350525,0.0348623034113837,0.0299805344052313,0.0275552403104781,0.0386221006185669,0.0360867776650743,0.0383665612821462,0.0479654144065333,0.0446403566314376,0.0454994418900638,0.0388943055638846,0.0252736646924496
2013-06-28,0.0379515292569966,0.0628405348313427,0.052986138084774,0.0498957202602882,0.0624309428144795,0.0563552306537153,0.051464772526939,0.0497370600209195,0.0639427355757492,0.0504645925598795,0.061155279035153,0.055893609130457,0.0600019343230492,0.0625864121216598,0.0591205279430031,0.0533433452158667,0.0548824381747485,0.0412880034080118,0.0536840658639859,0.0430405342754969,0.0633979725415816,0.0570852450288218,0.059063268437622,0.0507760629962715,0.0612910709271713,0.0546434728086378,0.0562660618264499,0.0558453905996098,0.0603933553381622,0.0559896916441306,0.0691427141248023,0.058040574671233,0.0618696932973383,0.0516599512124641,0.0622573915582315
2013-07-05,0.0551032070873027,0.061988199911279,0.0551591897469845,0.0642367780143787,0.0703353890034584,0.0642107110884645,0.0598678562636534,0.0508556977297622,0.057733517363287,0.0532003214955581,0.0625275574359705,0.0669673322403557,0.0687598270250404,0.0692528243218627,0.0564160004568396,0.0511807470475393,0.0585713328545866,0.0543609120090852,0.0517180056346725,0.056928416738739,0.0635032302267364,0.0676176058217214,0.064630755981889,0.066596097228341,0.0677272968455353,0.0569214189062788,0.0654724202810416,0.0663707670231221,0.0657703529980354,0.0678732016523308,0.0689150039598457,0.0677810052096674,0.0588643670888582,0.0613799129124949,0.0710056064073356
2013-07-12,0.0475393195247092,0.0526132790920173,0.0411505604783173,0.059375156664349,0.0592667921085603,0.0592233407363528,0.0604572189738557,0.0507475084921088,0.0599312286787126,0.0614692665216679,0.0525256723393685,0.0561481446328758,0.0600740728658886,0.0603090972920797,0.0442343764896412,0.0512903867699722,0.0612024012113896,0.0529026613703021,0.0474309549689206,0.0471083241323679,0.0444296437898448,0.047991424895451,0.049233747124314,0.0503655937995483,0.0610104763244327,0.0482676137795228,0.0665631043096824,0.0475713363252832,0.0636450016288016,0.047077890580174,0.0635248506684061,0.047884291755069,0.0356609105952954,0.0497609688348638,0.0707847481567875
2013-07-19,0.035309687445403,0.0291502870611376,0.0252920560870306,0.0402269164631809,0.043908296322128,0.0325750836011293,0.0441787535772935,0.0406742246637695,0.0332668570609324,0.0357094021939463,0.0451318519693603,0.0317579163230222,0.0391456143073018,0.0315130998206192,0.0256139704693152,0.0383405649191989,0.0448905478988426,0.0426255561976289,0.0276125442120315,0.0286671518855826,0.0280501932249356,0.0432867715000302,0.0248939219328358,0.0416654329417915,0.0464481358183637,0.0380741469607015,0.0474618236604514,0.0388026253337056,0.040654555045212,0.0388786694840216,0.0380607997195375,0.0344619620098941,0.0142185877039474,0.0164293123325337,0.0541545869962311
2013-07-26,0.0292120495797815,0.0184799537639774,0.0226928666325652,0.0292623215362878,0.0220479442254972,0.0229663742001306,0.0336489891816375,0.0263479542674988,0.014873819635126,0.0332870662500069,0.027144571424444,0.0163902398056834,0.0174397987298052,0.0191339285088516,0.0124419576831539,0.0225587494898579,0.026209442722999,0.0263906678529219,0.0186303300634306,0.0256571543057171,0.0146899578641276,0.0291681055618565,0.0156982094113998,0.0257775609148317,0.0219639232632245,0.030649897846289,0.0325217372338242,0.0294955763834339,0.0307827845564944,0.0303554729261912,0.030279361887145,0.0313115189801685,0.0145459972614051,0.0275462197482789,0.0381432317828678
2013-08-02,0.0249018689193889,0.0156800099846398,0.0156428687322331,0.0196130029499935,0.0297131048577867,0.0272647877871835,0.0255421789978855,0.0214989975570616,0.0145445137477632,0.0068727909004133,0.0259899902349273,0.0201091594506087,0.0092900540790861,0.0249484497572845,0.0107931683140579,0.0164439179899831,0.0236817685631464,0.0262059559378977,0.0108266924019373,0.0267306961344943,0.002601998547145,0.0213920733609831,0.0109611416385905,0.0329487086658526,0.0150214380084897,0.036832033140262,0.022018091591489,0.0240852927156738,0.0197008713487511,0.0237901042997672,0.0199510669098721,0.0289971009177098,0.0055805255339462,0.0193523972773731,0.0375720332695579
2013-08-09,0.0280626184333336,0.0330724495059211,0.0271762323220594,0.021835538445434,0.0339579474182558,0.0292015473316708,0.0314213309431347,0.0233674892760994,0.0248410107277608,0.0208221705530416,0.0243600783315816,0.0214267103893023,0.0270014769757372,0.0249880609582026,0.0201639964539869,0.0179982022991103,0.0239217691906029,0.0229529781192743,0.0241828366287061,0.0417001065316372,0.0279914020777694,0.0359335352968,0.0406888698020049,0.0334235583561792,0.0260417433461388,0.0258225887756495,0.0309102070745217,0.0263885900853331,0.0278519885138843,0.0254787611836986,0.0303049568506744,0.0396838489637559,0.0326344953442795,0.0398396014421345,0.0363365026553416
2013-08-16,0.0207664439314467,0.0668128954988137,0.0580157177483773,0.0308203861778542,0.0521664584126237,0.0390132246955439,0.0608652383967314,0.0351815091765081,0.0443632979323158,0.0281153948380728,0.0487151767439515,0.0288106643655364,0.0556989822633595,0.0339392326595265,0.0539888076649961,0.0238419138432644,0.0512806164143238,0.0252130756600188,0.0508431174864057,0.0377835700492986,0.0580838047412227,0.0465331930620064,0.0607523526514132,0.0484550950976515,0.0480328846328789,0.0232332196826827,0.0613525137162859,0.0399493764039619,0.0586475223765044,0.0426822780776251,0.0387824755657439,0.0425461040919342,0.0691263416800938,0.0643867403321763,0.0451974080378793
2013-08-23,0.0282913917590189,0.0868550167989718,0.0768393885400895,0.0495236175189705,0.0704244362711624,0.0480527641828587,0.0736147429114301,0.046282160093911,0.0820029350705956,0.0501814237653493,0.0709525770665829,0.045562472128868,0.0807831855870982,0.0516574637194993,0.0744220668364311,0.0359289550938093,0.0763704467298651,0.0439324432736488,0.0736052639198428,0.0438240608415375,0.0836513853622957,0.0621998908535512,0.0719160360794275,0.0701824537123396,0.0647529588706956,0.0343055436478114,0.0835567742953206,0.0526359460397653,0.0835453279658567,0.0525511716621732,0.064869747201007,0.0576394228066746,0.0881283309738653,0.0700057510012406,0.0464898036643421
2013-08-30,0.0342767661952543,0.0785626331943556,0.0714024948485328,0.0411399372058981,0.0622580546550235,0.0402702101161907,0.0744499780342742,0.0396587228427572,0.066234984019029,0.0474008502567944,0.0699942101602051,0.0361019987018688,0.0726613008485338,0.0365419293209031,0.0665100537602598,0.0308624630322269,0.0667912763772813,0.0380991497967525,0.0678358175262183,0.0507087448620299,0.0716583820946515,0.0511247878456415,0.0617564143111474,0.0589476265126978,0.0652726018585912,0.03914875801987,0.0798426117309432,0.0483930919615105,0.0782092041754502,0.0470624420883065,0.057476727264853,0.0490290097711718,0.082116823203343,0.0648887709894133,0.0300318248004839
2013-09-06,0.0319374661726362,0.0564371204964465,0.0550447715924567,0.040651238380277,0.0361371603339771,0.0229916358772412,0.0554244049629734,0.0384872203179426,0.0468824743756991,0.0351266021857551,0.0460126609855806,0.0297768633726312,0.0467048807345672,0.0304137199217509,0.059010969660852,0.0307417648560278,0.0502901871779033,0.0420908613274684,0.046756469170807,0.0287551606841763,0.0502894681753076,0.0478376693240541,0.0413163157812769,0.0352603366685507,0.0480735021754356,0.0393280938535851,0.0551481282155851,0.046264491644716,0.0550915067611757,0.0463024190316379,0.0396579362943513,0.0347897494696811,0.0585979026696363,0.0436462436925635,0.0206946023347067
2013-09-13,0.0314585129117173,0.051205343807471,0.0557683935893622,0.0455326260786472,0.0413017060626702,0.0393477889709707,0.05379656708344,0.0398084191047792,0.0466560836328388,0.0451611848276678,0.0466492780554342,0.0483580152664246,0.0512804734792891,0.0518009210566016,0.0587121640051518,0.0531240685793766,0.0477510652184163,0.0462332423630403,0.0531412616170304,0.0467209157123251,0.0487081443144789,0.0464440361684417,0.0375924872830013,0.0460906834258274,0.0601248585990405,0.0462753294864637,0.059589367113781,0.0429409547464764,0.0458206094593486,0.0458727258547368,0.044258192162558,0.0320079737400706,0.0591444972644885,0.0462162284195287,0.0275628571299898
2013-09-20,0.0349435424308793,0.0498587223077831,0.0504382542065526,0.0408071503642623,0.034318605739973,0.0288924177386975,0.049850320346029,0.0345207806248171,0.0386406078317154,0.0299921347073632,0.0343622226028395,0.042293520096781,0.0346407269976999,0.0400390288079624,0.0525819157618581,0.0369631461877039,0.0497121406944069,0.0410073589151247,0.0391618650944965,0.0405188142994934,0.0526010428287708,0.044597527250411,0.0357077313192157,0.039756412987504,0.0450256517855142,0.0496295546671762,0.0538208849279539,0.0430863102066692,0.0492647103347564,0.0433657083897031,0.0391416654817755,0.0369683301591102,0.0532712052012558,0.0435054968600374,0.0145267391837804
2013-09-27,0.0085968099935852,0.0107038420513036,0.0067757467802933,0.0022784375421415,-0.0097195998365932,0.0028584577724654,0.0078475805897376,0.0072823200381011,0.0058300730815345,0.00107675370234,0.0135720516844727,0.0134718967219509,0.007277927276587,0.0058576596238431,0.0236685504589771,0.0103711342243668,0.0139055501386244,0.0252307921638572,0.0117198877196609,0.0094577912503519,0.0095672588672836,0.0173385811171362,-0.0076075601006063,0.0028718117674683,0.015279957361161,0.0134817365077425,0.0145303765363922,0.0100509897652181,0.0178922447783753,0.0111418003044033,0.0020438640772877,0.0128808067326115,0.0118588746939676,0.0081201075140733,-0.0079691722284483
2013-10-04,0.0393540022251972,0.0395148752465436,0.040203955398499,0.0380266709132532,0.0293329040941876,0.0443330230235871,0.0362783804669776,0.0279512498400124,0.0462324046114381,0.0427456053419254,0.0442594861789591,0.0454566869701244,0.0423770477595854,0.0421983584672945,0.0461317936316145,0.0437826320558367,0.044844112827344,0.042367091464707,0.0416392339075454,0.0399730392260565,0.0364165458923951,0.0391960988818629,0.0294948248898413,0.0407106784062565,0.0437690076523189,0.0330303576027061,0.0385003809432561,0.0352209171477897,0.0432077870304902,0.037155058431795,0.0430642067780336,0.0459613139158023,0.0436418465528196,0.0475936222603367,0.0355375971936581
2013-10-11,0.0333116880155558,0.0554877823254263,0.0506299655073419,0.0436730193284482,0.0404774750665132,0.0451401351709251,0.057266503069497,0.0470613665991497,0.0551242280471349,0.0390093132764299,0.0572375651857219,0.0326778437661207,0.0559609861321978,0.0341517582680387,0.0590880208259183,0.0442158661361327,0.0574706371773321,0.0395328100533974,0.0548822655008709,0.048109580425292,0.0541382481035691,0.0532666250982953,0.04661683886646,0.0455013357443106,0.057798367427315,0.0370438033995374,0.0570578365220344,0.0444360381072649,0.0560164213553332,0.0461304732295173,0.0507319453989589,0.0498460277763986,0.0510253337025341,0.0474562118205387,0.0414915212708488
2013-10-18,0.0273915120556547,0.0424003526030842,0.0398782559719985,0.0358427625444639,0.0353713052521062,0.026103488644529,0.0345331589545813,0.0408533667911496,0.0476057003039543,0.0260766874547826,0.0483216749443233,0.0206156839933971,0.0448728491183162,0.0234571322076181,0.039696390755862,0.044247546035466,0.0390623859880291,0.0336436727156591,0.0379838991512846,0.0332205967918046,0.0470068503434511,0.037470325703611,0.0382331154091865,0.03380830859553,0.0424172336162241,0.037131134022989,0.0415890072395794,0.0380919740787686,0.0420566357905447,0.0370321088478869,0.0367687958603132,0.0333492076958476,0.0328079628899293,0.0269254498079862,0.0330733642818989
2013-10-25,0.0511106009027455,0.0519466935037295,0.0629165228786116,0.0522899545725575,0.0448899231370787,0.0426542084861822,0.0508413931295168,0.0570672314275779,0.0644737995374226,0.0383257259317073,0.0487905975560777,0.0418302434805813,0.0471430115803689,0.0456615947477521,0.0540555447223461,0.0598513386542271,0.0491497706107112,0.0460868226170309,0.045026333210031,0.0472759812983918,0.0674989036268792,0.06178395803584,0.0521196570035503,0.043739124413181,0.0553202191944083,0.0430171659312381,0.0576725618774128,0.0544594423910624,0.0565018090949244,0.0573784115309457,0.05683259922139,0.0409928610907556,0.0481580883023002,0.047551209692747,0.048846847359174
2013-11-01,0.0282880945910685,0.0550138762557865,0.0643399770114971,0.0483966064690269,0.054215166092244,0.0446352725206401,0.0396955676517083,0.0496371411221918,0.0562725630170264,0.0398883950977966,0.0514421156175478,0.0431152579456136,0.0514484518657763,0.046253584568184,0.0610754391742135,0.058610467363383,0.0492198049888729,0.0365507335309572,0.048212855270401,0.0308871551144097,0.0725409659686223,0.047124904324576,0.0540440873900751,0.0455478635154932,0.0650330255677311,0.0412601072142862,0.0557057256755057,0.0500142335167624,0.0539911711548697,0.0499794697764819,0.0465157682448814,0.0329913032761211,0.0471627505639948,0.046911355634281,0.0353071163786541
2013-11-08,0.0076577928607556,0.0324950696949476,0.0279475116302334,0.0181793569311316,0.0176137051952335,0.0214354651363029,0.0223994009421755,0.0236567823917538,0.0260869269176819,0.0068761773650718,0.0268267429759877,0.0199033288483506,0.0254261219910049,0.023503687704447,0.0311179819637037,0.0313730264982736,0.0273852582225774,0.0103457005838472,0.0251598629732361,0.0147319228459299,0.0390625937280928,0.0245643059488074,0.0215484595503529,0.0203432424392909,0.0254945983050832,0.01836728448292,0.0363019617806202,0.025935361478084,0.0350235106959409,0.0270980994861197,0.0154690202416421,0.0055474310224094,0.0277623027410388,0.0252499186716518,0.0100359429645795
2013-11-15,-0.0097768689210153,0.0260109832656889,0.0244460849685753,0.013046679720897,0.0188702413642273,0.0122665025274718,0.0167725475083073,0.0139315312487291,0.0276781995451336,-0.0067096753214968,0.0177149530913921,0.0147384660292455,0.0233323635134226,0.014046302785812,0.0245529470302287,0.0166379181392952,0.0153207380502229,0.0034420522488615,0.0091074243836026,-0.0050845305508093,0.0289815801238821,0.0132718473405698,0.0208933842070568,0.0128023274161401,0.0331020802492091,0.0045185823408247,0.0265022120068128,0.0139968264927,0.0273730957376099,0.0120632121802635,0.0124415207071876,-0.0099443141987241,0.0250334055908906,0.021761743637185,-0.0057199811725465
2013-11-22,0.018742738154224,0.0351671489704636,0.0305638108977354,0.0293684271911703,0.0262535978285258,0.0233013164192233,0.030947800990413,0.0296686192706343,0.0272521066847698,0.0070678912610793,0.0294942924800936,0.0167638935048426,0.0353877495379112,0.0185647094434208,0.0301730900409443,0.0188588438351826,0.0269300396219368,0.0252190793842744,0.0204298041792834,0.0093270722357897,0.0338410199446192,0.0233166289075816,0.0287066248097063,0.0247359787900249,0.0462087990032531,0.0210540825508144,0.0385077952427437,0.0275060247609532,0.0379173389608832,0.0277257842092603,0.030424652349688,0.0150652169116873,0.0312230892426569,0.0333545539683129,0.0034903218656287
2013-11-29,0.004610536899214,0.015931368703693,0.011196946241027,0.0098107048212928,0.0054461762534689,-0.0008656035215378,0.015460251319374,0.0057145947603901,0.0154490042649877,0.0027584659881063,0.0089550893555159,-0.0036212997126684,0.0119973336337726,0.0039916131749999,0.0133523518875985,-0.0018209316784411,0.0045177067339061,0.0042682571396066,0.0095751881451137,0.0024618459119777,0.0106735385458549,0.0098843982074957,0.0104685735696506,0.0007254350079173,0.0152923848359962,0.0030107693126232,0.0200356201903205,0.0096624787164702,0.0198360269415842,0.0127673371930267,0.0138440328174122,0.0064397779685824,0.0139521388327075,0.016372773523016,0.0060666107760334
2013-12-06,-0.0016577475281602,0.0344396800069043,0.0363884451865763,0.01239444911424,0.0151019695319773,0.0073500837052621,0.0323983710583788,0.0237889949899623,0.0265830342318524,0.003562333094281,0.0304487689280469,0.0111826835326321,0.0307943421811916,0.0096517856538101,0.0345666967925169,0.0142240628559497,0.0253028233909049,0.0102093885978673,0.0262625631520597,0.0146164934993513,0.0322193088884684,0.0206239456259309,0.0179990950324326,-0.0005714928133118,0.0270959553073432,0.0142955203760915,0.031220577084707,0.0237282477304507,0.0370394282155026,0.0270291835262271,0.0187212008858559,0.0130077788831384,0.0312575609534455,0.0258097199447912,0.0040608622570499
2013-12-13,0.0154071856913844,0.0538960632632309,0.0481949219358865,0.0298906686815322,0.0396500817779507,0.0315726574447371,0.0530928394902538,0.0367187842682209,0.0369462532247686,0.0233621915943136,0.0439001596502895,0.0295613529868415,0.0401301441347271,0.0297768498930446,0.0432172469193642,0.0385921572165123,0.0397445092172885,0.0279594589266463,0.045426343138587,0.0244395075049017,0.0528503633156684,0.0336048708356289,0.046129490320799,0.0283865744692226,0.0504771994205961,0.0301311214109888,0.0491287418627666,0.0362719401356401,0.0558556851930219,0.0394988292545828,0.0402545860101401,0.0333382819399269,0.0507053428588534,0.0444439605286189,0.0186428430725513
2013-12-20,0.0350379017535194,0.0800796390228143,0.0661985453649441,0.0556032456658568,0.0609295460363149,0.0582112857314447,0.0755483900666361,0.0616019906154228,0.0594734254439608,0.0527626307834346,0.0644530545113549,0.0574867646172629,0.0645128835403232,0.0566139349242303,0.0706205004693638,0.049267267231881,0.0688937167206069,0.053081999825392,0.0678963415278348,0.060124297866145,0.0799865242887485,0.0570981287276833,0.0657650798367573,0.0560985626127236,0.066637403932362,0.0531227846845759,0.0692943184159802,0.0540534210168651,0.0728356913334728,0.0553003928065443,0.0599737983651065,0.0538663499685419,0.074407930801768,0.0606054580850305,0.0405942489536722
2013-12-27,0.0216260996946172,0.0716267493998514,0.0575549843886091,0.0554737856228825,0.0536481196517216,0.037512617184884,0.0608599535482839,0.0513501713210908,0.0565523287715618,0.0420124791822222,0.058695312076316,0.0380003456791108,0.0588289547205173,0.0411721758728916,0.0593287714941191,0.0413949695774834,0.0541303076845683,0.0442384015149104,0.0493074199994874,0.0457665614992314,0.0622685738810078,0.0526558733863583,0.0603119515499512,0.0393846215603157,0.0607103610910184,0.0387785286638755,0.0600968809127379,0.0424071950823692,0.0607573710663656,0.0467836558944211,0.0523640757536676,0.0395075190672947,0.0721633342277404,0.0601106481198039,0.0286349512333412
2014-01-03,0.0339346843585382,0.0709367647165654,0.0545232305604722,0.0510946044779963,0.0639405772607355,0.0580792905196731,0.0578810040790774,0.05166948404836,0.0694481048736564,0.0437942719432459,0.0591974850110932,0.0561059962467511,0.0651727738632177,0.0548566741430488,0.0693079108195519,0.054927190912778,0.0618282642132045,0.0467628600517743,0.0606620511595402,0.0499920244141591,0.0588062848361669,0.0442645516385113,0.0626999858047139,0.0632668063156801,0.070227315179164,0.0422687591581043,0.0585201882275513,0.0442319796067793,0.0606116820383051,0.0430508237138153,0.0639373872163906,0.0483981775212085,0.0703962196323725,0.0507227124662101,0.0317671331747193
2014-01-10,0.0363537735543788,0.0522705533689246,0.0371827116773456,0.0381692647955243,0.0431245468143054,0.0304759851456321,0.0482951525990322,0.04778711527055,0.04034118275071,0.0290787990981286,0.03865128314067,0.0319458909157943,0.0408407138731014,0.0267200781856546,0.0337463712050148,0.0358037055605068,0.0455529852590531,0.0421031349299899,0.0490035027415352,0.047931553985739,0.0367083655965171,0.0436519315919354,0.0445992894467545,0.0324410855409629,0.0471606582102153,0.036909178775602,0.0490915669928283,0.0378361884511451,0.0436859564162986,0.0386102532054084,0.0452646081937393,0.0456623984197505,0.0509095600592946,0.036473527593069,0.0365587564423318
2014-01-17,-0.0192383343047719,0.0216760521886153,0.0139911260019083,0.0007136915828903,0.0192124388625455,0.00800581512603,0.0167856895537713,0.00284998309701,0.0141613431762884,0.0095758706327398,0.0097648908670806,0.0065375270578789,0.0102087420456241,0.004863065086651,0.0204925313919682,-0.0022314613877798,0.0116829679221839,-0.003117019536275,0.0192469111391399,-0.0028470141928057,0.0121022431714807,0.007798816527341,0.0211953369927761,0.0057207485234502,0.012549228193351,-0.0068227068006146,0.0134318174376418,0.0039199431844169,0.0154234573413629,0.0027421129109203,0.0164203493975194,-0.0066356658357434,0.0205844024831792,0.005266671119314,-0.0104173900355378
2014-01-24,-0.0022587914730629,0.0105161667994155,-0.0016831984511684,0.00769913226086,0.0052265490939506,0.0017652615705757,0.021547407002193,0.0198352644447808,0.00843309559135,0.0098679667673583,0.0026375316814694,0.003124318922843,0.0027715626279963,-0.0046873006600101,0.0038066433365116,0.00557881202335,0.0141551480495772,0.0169321376974943,0.0187015106467978,-0.0004530739358054,0.0070699268603548,0.0125018804355473,0.0063780640480377,0.0063057037824281,0.0065676808349647,0.0173304480686452,0.0132578807560184,0.0154982532523806,0.0130886564075814,0.0164695253630403,0.0085314397705194,0.0125658534885521,0.0067814725288112,-0.0069419807543452,0.0006214760084968
2014-01-31,-0.0005773677878412,0.0108060491744942,0.007396598457185,0.0023855532728661,0.0075569966960206,-0.012336995957253,0.0214202461209613,0.0195142407654351,0.0011407377827656,0.0217703556237994,0.0065847264680072,-0.0064045666391714,0.003105863228376,-0.0002600295884202,0.0061896593479184,0.0153257717648774,0.0107218153345641,0.0159171373456356,0.0196166716736031,0.0155459488134638,0.0145066538593662,0.0229460055488989,0.0029863056088744,-0.0016033236686887,0.0106057159933125,0.009915542462553,0.0201317904529435,0.0188866456030098,0.0157409298347998,0.0177554592554109,0.016214384595223,0.0173827886039891,0.0095588457630481,-0.0019987201486108,-0.0024079497415331
2014-02-07,0.0129809610340694,0.01222367385623,0.0193815785548213,0.0163511116810952,0.0057301456694763,-0.0007917168838403,0.0185773418034878,0.0210282706003619,0.0054785951739241,0.0141736431478863,0.0116377110401379,0.0075484916877514,0.0144670363584813,0.00804994532787,0.0087439742982445,0.0193805901442297,0.0267715950777258,0.0127791605382923,0.0214198459297187,0.0183343575330624,0.0212101381492092,0.0300845826455397,0.0012732375770291,0.0052950802740909,0.0203161207691422,0.0201566571937037,0.0192140429595517,0.0270908516988,0.0172255255844295,0.0247245967426029,0.0069580810943923,0.0171680330350204,0.0142930760943666,0.0074812797675253,-0.0003612640712155
2014-02-14,0.037459380655303,0.0237480612313827,0.0370313009844316,0.0352007584218611,0.0212617454390448,0.0186200200104704,0.0321744841257198,0.0381208561092048,0.0180730739394321,0.0327776507914316,0.0221622387354444,0.0240538208008033,0.0211072191188278,0.0226754524496786,0.0295467335306785,0.035994753848922,0.0360096924640781,0.0318705716539417,0.0255107373542004,0.0237397886219839,0.0315232890091297,0.0395247646733383,0.0179407145965436,0.0230008893777031,0.0447351287574114,0.0327686554962838,0.0314500416057836,0.0377729309433108,0.0319439796875583,0.0338729886059427,0.0158417588519746,0.0255775595467267,0.0266761099666476,0.0335817659255337,0.0126787881956413
2014-02-21,0.0367372552315767,0.0295185145057232,0.0342148352848058,0.0450828794225402,0.0271183276065137,0.0248317707257483,0.0356152418026507,0.0515797462434173,0.0197101495312977,0.0323141328485654,0.0313250663233273,0.0293217723814328,0.0345185515934749,0.0271176782931868,0.0422534966004657,0.039572806530257,0.0304432988253635,0.031851821759795,0.029093376418687,0.0288740708425182,0.0324118545042676,0.052564267575367,0.0205623732728864,0.0282088493390838,0.0456578463735321,0.0349169053195432,0.043051015694261,0.0474642360490367,0.0376352555627136,0.0504908477941646,0.026901943940316,0.0385121532107254,0.0398809057038828,0.0318639963846748,0.0087403255295679
2014-02-28,0.0252325846775414,0.0357865090077004,0.0366704156402013,0.0297295692832357,0.0354579734426336,0.0242627931191123,0.041470875744444,0.0536476881990261,0.0246051965276829,0.0214804207502726,0.0368094207189057,0.0290410318747173,0.0375973864976059,0.0271969843370387,0.0507279327477329,0.038773658178778,0.0369323680347259,0.0467040844484339,0.0234566609824017,0.0261589067364456,0.0420525236000263,0.0467324693828251,0.0318011828949193,0.023845777882999,0.0399658254232091,0.0286824085036374,0.0514920551815445,0.0505456203691287,0.0448311653774889,0.049889685085254,0.0224038232159252,0.0204650510971925,0.0431457490731509,0.0197495885509087,0.0053761065736965
2014-03-07,0.021512970186102,0.0170170383809143,0.0080274791429228,0.0281173561113325,0.0256319695423869,0.0273266163159431,0.022578045034123,0.0350517070245486,0.0043315851806734,0.0256624865354954,0.0233271418493332,0.0309735559350809,0.0253382434837176,0.0315179345881882,0.0271544814016905,0.0333341725061611,0.0152835300251577,0.0174154280905965,0.0060734379279443,0.0119829264892668,0.0194990075836136,0.0270483076965005,0.0169176196405142,0.0263985500515654,0.0195452599012937,0.0137362231089534,0.0316613008787291,0.0274397834987204,0.026232613901538,0.0276003155978849,0.0129888746631401,0.0103235649889923,0.024570550375832,0.0367614533519867,0.0091392831366412
2014-03-14,0.0099131545091869,-0.0044358357973997,-0.0010100059241408,0.013938927405053,0.0041425198400396,0.0105561631648225,0.0098721247313553,0.0235528934007007,-0.0137458368857157,-0.0039950005624923,0.0151021685872404,0.0148527012739361,0.0109212029057594,0.0172435471447568,0.006534305324093,0.0229289902141316,0.0067344429426762,0.0099327297848699,-0.0156562271901725,0.0039674385743307,0.0046884351282875,0.0198650680642262,-0.0011207236834039,0.0129584409966421,0.0033756388398818,0.0069366163899304,0.0140389962143445,0.0156371217211059,0.0023276568809159,0.019193557807196,-0.0066757171156271,0.0019923715590172,0.0056827025307792,0.0166381230184325,0.0050213714171042
2014-03-21,0.0270877211944181,0.0300138688946818,0.0351288679822137,0.038909512843634,0.0345013027256782,0.0225469005609444,0.0206758782522111,0.0275428305223223,0.021090830874712,0.0286933668259707,0.0375418501677468,0.0180062355736158,0.0334427532937096,0.0264129951559555,0.0275173045545465,0.0345364787544424,0.0175254446317908,0.0239301278513291,0.0050423125125801,0.0095534047323637,0.0325076312547054,0.0236400034370974,0.027052389519509,0.0241906794980156,0.0201387434059055,0.0260171870092864,0.0305832223182459,0.0205913623954902,0.0267625763975672,0.0222720294689202,0.0182236732381445,0.0206497296998555,0.0317807637576764,0.0300463987642303,0.0278177016143465
2014-03-28,0.00365581858412,-0.0025577213763014,0.0034975049069614,0.0324373693809901,0.0028296045162796,0.0068166544641897,0.0047890275744974,0.007716820750212,0.0005128493113841,0.0037199830087191,0.0121968336987346,0.0085980328962801,0.0120391414687876,0.0131816721673393,0.0094640195856637,0.0237144255951755,0.0008805906988564,0.0126187963554202,-0.0023695782178827,0.0021049970675382,0.0016754216825103,0.00708636255403,-0.0014182978987051,0.0155021560555045,0.0009994424780775,0.0135097962950713,0.0119880274356324,0.0053539230898542,0.0074881281763382,0.0052130099346208,0.0157076997207457,0.0170525114866776,0.005365419863269,0.0152239030665045,0.0217146084682029
2014-04-04,-0.0150278393475826,-0.0039549773152356,0.0004842416243172,-0.0033918712360538,-0.0067241075711066,-0.0146602205453276,-0.0034480806336032,-0.0068050740163301,-0.0075034096063825,-0.0198316408245719,0.0006313825680406,-0.0131780674836311,0.0022706416744112,-0.0066490579045725,-0.0059792162750507,-0.0020892456961701,-0.0133544809113968,-0.0039980296423134,-0.0014492993695,-0.0079945022376033,-0.0028350712204401,-0.0025941960459003,-0.0027797960511049,-0.0067705075724077,-0.0065257397803091,-0.0042921558250579,-0.0019545611286349,-0.0026798336321944,0.0036545450689231,-0.0028068886693143,0.0032522041180434,-0.0033124618378539,0.004708821608554,0.0017773691773574,-0.0053711894123629
2014-04-11,-0.0064988547784314,0.0155651613507406,0.0121679685549319,0.0007816605021966,0.0079397036304068,0.0068750416200015,-0.0008161155834395,-0.0047828351185299,0.0140000391930197,0.0001169906622201,0.0110461424324646,0.0020427164756863,0.0161489399645364,0.003611675584283,0.0042904406847679,0.015310898420306,-0.0011146218782074,0.0078548188393448,0.0245974824992985,0.0096743603569806,0.0190282884584024,0.0083063370176323,0.014146473288302,0.0139817153543587,0.0088961453629083,0.0090450852822809,0.0012480570110208,0.0030668154586284,0.0121875453056381,0.0065594643986178,0.0159990603611299,0.0071541277780689,0.0245038273239201,0.0224990114376009,0.0007880816764282
2014-04-18,0.0162771859882747,0.030012762046791,0.0200388371444721,0.0226367139113202,0.0243572647533258,0.0271067359997668,0.0284786815405408,0.0232706826449961,0.0325098856619858,0.02064785014071,0.0308679221422232,0.0236764846363809,0.0291016449490111,0.025596991387052,0.0238752005084035,0.0313272007138324,0.0265418993089318,0.0288024861089147,0.0407922454044079,0.0282483447341246,0.0291634917765751,0.0311683210189625,0.0270546544607656,0.0312704690374203,0.0355408452263621,0.0398254818366971,0.0288175215532097,0.0295801440885851,0.035234091161828,0.0298582223057525,0.0290374730527417,0.0276768428463341,0.0306613010366021,0.0285696692292126,0.0286081103651421
2014-04-25,0.0175194967684301,0.0581842334244471,0.0530005701923043,0.037726640072764,0.0481851516130966,0.0406410062128138,0.0428588747906413,0.0357101271351322,0.0504982517610938,0.0237411370790507,0.0546585642775321,0.0320841695402024,0.0517633378158007,0.0360390806307842,0.0423942318682114,0.0376514818237574,0.0420671456582491,0.032181890824625,0.0520880899186511,0.0362617544492695,0.0503950842267432,0.0381184588532993,0.0534888654001358,0.0364620208394795,0.0447605496583624,0.0379211489987644,0.0420937544793259,0.0362827614132775,0.0492577516346334,0.0373908398629169,0.0452720303301731,0.0381172139961729,0.0519357505278075,0.0448263714789209,0.0259482687641629
2014-05-02,0.0023679920457977,0.0445340713153978,0.0313277298309162,0.0221851515506182,0.0390084472945287,0.0339344214076565,0.0282128940747129,0.0285490818930502,0.0404094358683718,0.0144594751462262,0.04373222603794,0.0271147217342985,0.0426493490072754,0.0256794345870772,0.0332739421230095,0.0153498475713539,0.0306382049075525,0.0200374737644478,0.0427556436851321,0.0267995456546073,0.0387783996559697,0.0216909121982004,0.0419819173091058,0.0177885997370039,0.0315083380844255,0.0103649670756494,0.0275734265287119,0.0269231441172313,0.0300404518426871,0.0251235505014257,0.0300549746620454,0.0151652223678093,0.0402941803019749,0.030248406256052,0.0194219534205802
2014-05-09,0.0183372395354059,0.0670933732391455,0.0588245183296881,0.049524448394666,0.0599146961563545,0.04837232864603,0.049533543664221,0.0482315087829191,0.0546563758336019,0.0237522180354945,0.0575554145967753,0.0425599809553815,0.058312360564744,0.043604368804288,0.0528257176131614,0.0471784961094346,0.0591036490160325,0.0357030886008342,0.0414420468750731,0.0207195728988575,0.0595555898239227,0.0416946758277139,0.0624577648869426,0.032862855459784,0.0532746789361973,0.0463064479370969,0.045140528469136,0.0397493858478814,0.0509531897897691,0.0429361801219771,0.050644577884867,0.0355774797919793,0.0645681810536968,0.0550205002457883,0.0311960689063266
2014-05-16,0.0346244270570334,0.0656192735007563,0.0595086270949635,0.0631422942442074,0.0639914228981308,0.0546379635298336,0.0497665141710207,0.047469010600466,0.0554155849585979,0.0333879021173573,0.0610399818245268,0.0534129111779303,0.0585400578012136,0.0532515091554281,0.0548894175084154,0.0554921212633287,0.0552274659508714,0.048803602591789,0.0572361117635303,0.0422232091310394,0.0619428587663721,0.0436615258885274,0.0668477829360837,0.051519934195419,0.0610388817133705,0.0664237686647001,0.0464413496217494,0.0458518472007116,0.0542007479245744,0.0446286807536476,0.0496345008322652,0.0473924742957351,0.0684869485589639,0.0615180587013054,0.0475262163805933
2014-05-23,0.0522393145096607,0.0593740487822105,0.0498563713166244,0.0750262968907073,0.0549735519243191,0.0603167323366508,0.0662298457282437,0.0571868778003618,0.0585522737094574,0.0453998055224838,0.0603319242847102,0.0582537597609903,0.0560748898496186,0.0581814022351814,0.0563856200037417,0.0628199581699929,0.070762058026639,0.0656163729390802,0.068245989515556,0.0527339142207096,0.0567632260529307,0.0565178056136611,0.0624534720003113,0.0603334904649226,0.0553654102134402,0.0648375115194962,0.0566673758239371,0.0549879607822724,0.058359790161364,0.054004399608939,0.0452566566510783,0.053161168182629,0.0661534161338828,0.0634475265810672,0.0604850967094746
2014-05-30,0.0540554115587186,0.0680759646948578,0.0612211612071761,0.0719931639301925,0.0577826628748504,0.0563054101918336,0.0673609531806771,0.0624049220718605,0.0629854293013394,0.0508386906822264,0.0531275477584577,0.0581909924498716,0.0529694286464282,0.0579245119883394,0.0622994040230736,0.0616260156368781,0.0679185560432786,0.0610715719972941,0.0695809391951252,0.0635956332271835,0.06622884561233,0.0673140387188661,0.064379752380145,0.060633071842455,0.0647405356487517,0.0754829996365538,0.0694376684312782,0.0688260428550763,0.0717950806469907,0.0692947135897331,0.0555133929813283,0.0517103203127747,0.0731870343085331,0.0701453343872145,0.0619518894911406
2014-06-06,0.0398312526923477,0.0625428089738565,0.0548927490369626,0.0516085453312158,0.0547086012861575,0.0488868321549954,0.0684969192343285,0.0536787553822523,0.0604565857260338,0.0449869187487736,0.0529187730620075,0.0509394594710871,0.0554579083744716,0.0553822398187273,0.0633933734279174,0.0492815017590225,0.0645621543356269,0.0500571829497536,0.069195048004857,0.0539969714870108,0.058841485930397,0.0528820377050694,0.0586617338633281,0.0462706153884433,0.058950750068982,0.0564397157346886,0.0693873591683149,0.0560626288656062,0.0690382162886982,0.0569358000420576,0.0507413397255492,0.0386251084728806,0.0620128147573468,0.0522923881296017,0.0412768046867318
2014-06-13,-0.0021128361293167,0.0419787735150083,0.0324782306788142,0.0188681597417016,0.0318208622543765,0.0264566984451791,0.0396724419920923,0.0209866937925315,0.0301790803213886,0.0123356878611454,0.0318449027999389,0.0186260371042514,0.0339976243798479,0.019206756776279,0.0342231996287941,0.0137696907932008,0.0398262078192286,0.0171999956515706,0.0394977577681678,0.0134849508249808,0.0429457027671127,0.0219967089210313,0.0305204872898629,0.0200520785569322,0.0440295567141255,0.0238212926647568,0.04072772827782,0.0236647169037236,0.041567586298118,0.0240301644177603,0.0259192205336761,0.0128485007973311,0.0266540182477175,0.0174211998922327,-0.0033716865151315
2014-06-20,-0.0166277860831544,0.0386768864246987,0.0247235280635396,-0.0058708962698016,0.0295562458406339,0.0037488743417094,0.0397121912212691,0.0166621124516296,0.0209484041459374,0.0013977510855586,0.0234414925640174,-0.0001057749182426,0.0234578014721165,-0.0030496104915944,0.0290539314711821,0.0063542612412716,0.0321787182629666,0.0057718002377329,0.0265499704477028,0.0070990347111297,0.031906437159179,0.0185730505120394,0.0233361836145776,0.0054159553953043,0.0311251627997658,0.0162320232466167,0.0370689055257433,0.0184877782211214,0.0330753975625476,0.0197757159921462,0.0168471020663536,-0.0011826288215849,0.0256295267391773,0.0090553270683484,-0.0030162160607248
2014-06-27,-0.0111726009574236,0.0328830954592452,0.0213905503621154,-0.0049479975797422,0.021731988870001,0.001943555202156,0.0295600233564988,0.0110114691978145,0.0211661720673047,0.0051247476768949,0.0192868685408852,0.0126854147810854,0.0158013504395527,0.0074841991050286,0.0308866542256794,0.0102098309619091,0.0311164448156785,0.0076041974212058,0.0246482881545188,0.0094358727499673,0.0229118692210733,0.0097689608595622,0.0165069590951153,0.0063318441409145,0.0226154300817541,0.0053891769560998,0.0246914318790207,0.0124826856670283,0.0166714928688427,0.011065746786704,0.0250291590987772,0.0086286675818681,0.0218773476550611,0.0126184569577546,0.0040098148680836
2014-07-04,0.0058236634852973,0.0393446132760662,0.0314744156387283,0.0129375748866269,0.034016974296189,0.0248535339154492,0.0438904695684018,0.0337134768993579,0.0333940059553251,0.0217989001967358,0.0309068939376701,0.0238097240425421,0.0292302858486981,0.0238237008963435,0.0457172904377891,0.0238645563151477,0.0383852786804371,0.0187467239468228,0.0309090442228703,0.0163480808059768,0.0368971277300844,0.037194635046715,0.0360264158157951,0.0235627484281168,0.0199401322329452,0.0138717202143228,0.0425055323076597,0.0407415304844788,0.0355657940075479,0.0409467291292998,0.0327533745574594,0.0147238475208102,0.0339148357491786,0.0247653722222401,0.0104668971915735
2014-07-11,0.0213251885590674,0.047879843602305,0.0391438380430648,0.0317068857961833,0.0369749696080738,0.0365290283132371,0.047731809212805,0.0321963485094851,0.041068741343561,0.0419471384232874,0.0422864215939982,0.0394112495755357,0.0340532112825217,0.0370210961818696,0.0493572728947063,0.0254779594005724,0.0370103690716845,0.0269069637216557,0.0349667013369965,0.0201148640413284,0.0417172717764644,0.0366347669707757,0.0394541580162759,0.0301592702853394,0.0354227567642934,0.0253162865256402,0.0361630806114948,0.0368269354875198,0.0388174274045761,0.0373082762459672,0.0480415162082912,0.0141213210920644,0.0454746719854339,0.037831146245274,0.0337402861539799
2014-07-18,0.013992776421241,0.0458771750350775,0.0349718950515943,0.0269829465545637,0.0365645313822879,0.0267536523216682,0.0424001079529957,0.0291562571098341,0.0407985759263101,0.0292452140697534,0.0400899877283321,0.0285154602502773,0.0368140709922685,0.0299001213436422,0.0480683534146138,0.0292100914079922,0.0381064008961999,0.0251157706406708,0.0362947463952222,0.025788009184337,0.0363651450928136,0.0346732757395893,0.0422751080869021,0.0169946136963117,0.0381450511615442,0.0277740500015703,0.0385786396541165,0.0352869253889638,0.0392511849459204,0.0353916798779723,0.0318271131443774,0.0231797297698749,0.0374355427191532,0.022662705783861,0.0193074946542142
2014-07-25,0.0102973169020301,0.0386299354364066,0.0351367121444322,0.0235489729610664,0.0300285335988725,0.0214949069013878,0.0409095321852783,0.0336987116934935,0.034294421692633,0.0176927257626913,0.0377175567071035,0.017241972377373,0.0393052942559362,0.0185422640451816,0.0293924207988594,0.0283991595758572,0.035217209327852,0.0199686988088473,0.0329307500585686,0.019576544905712,0.0360957389331065,0.0399733283528226,0.0344199479518356,0.0133970753003484,0.0372870047222219,0.0226528635111571,0.0398454889561655,0.0397122522387809,0.0374808456409168,0.0397122522387809,0.024430895167921,0.0171442037676255,0.0332382431308659,0.0342634256507415,0.013177789869653
2014-08-01,0.0390240107444485,0.0417481676440454,0.0396601090299939,0.0368134531258491,0.0364802366760245,0.0301398380229988,0.0526505979830954,0.056110291675329,0.0442624581096195,0.0381747963179797,0.0370864646527838,0.0284666364256678,0.0419912312628123,0.0307607690014922,0.0477038891260151,0.0383981271758974,0.0469897875470599,0.0350336160738366,0.0553311873518655,0.0468474005828989,0.0387528564387854,0.0471402224700647,0.0371465148072344,0.0250563138655726,0.04660425936475,0.0519228767814812,0.0541284818100229,0.0479844843064758,0.0456046100152762,0.0483389040324853,0.0335529464150015,0.035961607635912,0.0422139430469728,0.0416070959964562,0.0301506718137502
2014-08-08,0.0339416178827167,0.0206815878030457,0.0264854523449399,0.0208655404162595,0.0211138766077266,0.0282188171364793,0.0223306148214117,0.0225931371983298,0.0276309478470742,0.026984619002239,0.0166291712994248,0.0234572473736606,0.0205769840506565,0.0281232552498696,0.0273667106565302,0.0251896768123132,0.0361278493636547,0.0263219214818834,0.0254861836774547,0.0333899155716044,0.0288308497087955,0.028217414107149,0.0184590333304609,0.0230840415717949,0.0264595742484028,0.0229368793842588,0.0274416947796285,0.0267484423983014,0.0203252182319375,0.0280721226253867,0.0184214633228378,0.0162467678608381,0.0202786064797413,0.0250938031414078,0.0094748129598151
2014-08-15,0.0170586967804178,0.0363858867524277,0.0311522125109475,0.018445795764274,0.0318681244426538,0.0249015575017865,0.03468202554906,0.0349506886852023,0.0241914519579525,0.0159521875672524,0.0239574702196417,0.0252963918770985,0.0296398838643335,0.0287883849293404,0.0300146312761955,0.0237285102221933,0.0300637501790065,0.0300581007205363,0.0522309697811768,0.0331535331740449,0.0378571781387603,0.0318306183155872,0.0296519674282838,0.0208155866631553,0.0356794688278686,0.0209930738167633,0.0336357772262442,0.0266188359473503,0.0287631192956261,0.0312990984311748,0.0202796727554882,0.0141898703833283,0.0382005396702319,0.0289024726045598,0.0127418827915147
2014-08-22,0.0120725838844881,0.0290512347409141,0.0190280941139443,0.0063988615536027,0.0285730048598747,0.0249293574169961,0.0293918374240723,0.0171402126500664,0.0364671806499429,0.0267485829197221,0.021482229789525,0.0266411898795716,0.0287860587943669,0.0297113395919102,0.0339746228309652,0.0136822197443396,0.0257595276628519,0.0168196082076229,0.040535991155001,0.0335718201965003,0.0349044701947319,0.0198751134144864,0.0231230442739364,0.0233754651586304,0.0204821517865983,0.0114357840980236,0.0280971371658353,0.0193808219877525,0.0265166328491331,0.0186967818610459,0.0292811375601048,0.0045837302136977,0.0285254495840309,0.0142727239973667,0.0043870529304894
2014-08-29,0.0078333551728848,0.0353126823007168,0.0216428357541823,0.01262353299992,0.0258436564431902,0.0179596681330469,0.0374141145355944,0.0303099079883854,0.0388977283555753,0.0149043828630703,0.0287100895459386,0.0246952906003369,0.0275082601420049,0.025661565843981,0.0439215733936855,0.018461596624131,0.0258905156820194,0.0183257362806797,0.047500644316482,0.0254893817281486,0.0372362695721181,0.0271036667812407,0.0214942385035323,0.0240609611726948,0.0253374823163732,0.0092561148806947,0.0357537564725125,0.022361291667642,0.0347753733047413,0.0230637085127776,0.0229684175774402,0.0066469358542037,0.0386689357633048,0.0210858712443389,0.0086749345225973
2014-09-05,-0.0071255032583261,0.0227227163709904,0.0030554234543619,0.0079530448322537,0.0176007925028094,0.014163686288004,0.017720200757978,-0.001274969484063,0.0177895548299681,-0.0045887447020714,0.0177867304559957,0.023317011603716,0.0195381561382443,0.0212574153391401,0.0224682872249951,0.0048575309584495,0.0133662713697826,0.0016319389722475,0.0251602294400693,0.0151672805062143,0.0173122356286242,-0.0029372704765144,0.0090758903959673,0.0100739927758978,0.003363437127024,-0.0012470395636688,0.0181658242069644,-0.0049651709887328,0.0182858601007935,-0.0049651709887328,0.0110345937458607,0.005882151071788,0.0213708610270335,0.0132551793268662,0.0050500591175715
2014-09-12,0.0302519999726597,0.0410344148970484,0.0305374036284176,0.0344680041965409,0.0405618132680744,0.046366911025588,0.0426133489282549,0.0274233221284231,0.0401886779146028,0.0429552977895411,0.0365656895648544,0.0431906140487587,0.0366866553527253,0.0438675814397342,0.0494457108374535,0.0588509583519533,0.020396910934515,0.0157342153377146,0.0375301082095597,0.0400169947000464,0.03241520847607,0.0335555630388114,0.0302231760935186,0.0430883916577063,0.027602880719794,0.0257633502034601,0.0475028553773132,0.0332937855134971,0.0430874466124886,0.0332937855134971,0.0384138829956842,0.0389155444987687,0.0327582598901102,0.0412896555932717,0.0411461662277113
2014-09-19,0.0145098808914888,0.0734552485333323,0.0568451460995906,0.0487498150101468,0.0619202562100313,0.0436153757220587,0.0663320883826985,0.0437238542720735,0.0708083396356532,0.0511539987102538,0.0617424277365467,0.0419468420128876,0.0596158027897766,0.0443230312484746,0.0750415480375483,0.0524369722944457,0.0441324780183901,0.0236314636007201,0.0595404086069218,0.0433669248494443,0.0634192325375078,0.05061796833848,0.0576242193224237,0.0505977677873776,0.0544330094266086,0.0333811721076175,0.0618911483293088,0.05059888120358,0.0667197162806251,0.05059888120358,0.0613541636007901,0.0403214134166989,0.0574308030221042,0.0638603044131543,0.0444525056468793
2014-09-26,0.0305826599681702,0.0926245017950733,0.0822660330448684,0.0665590643679826,0.0838811135613935,0.0539514635594134,0.0773835130537007,0.0548735474053048,0.088337321117937,0.0582564863250531,0.0805462861346408,0.0543003515384221,0.0784429217570831,0.0551032718188804,0.0869476636563422,0.0513851455439566,0.0568633240527104,0.0291520599446552,0.0703020429373016,0.0487676891534943,0.0821369922855091,0.0551091662733203,0.0836521856957152,0.0644725868058472,0.0597030173065137,0.0428816781213331,0.0767521691903165,0.0555142905338769,0.0829786247937752,0.0563732877863037,0.0820512837317618,0.0568435696648578,0.0818733349315094,0.0673787121542838,0.0554582135619084
2014-10-03,0.0381614670029674,0.0684912260821906,0.0636586701077571,0.0468753968258485,0.0624217178459086,0.0471188787525527,0.0585250459057737,0.0536616546053363,0.0713128128075627,0.0568363705956979,0.064825781501156,0.0574093540508431,0.0609524966408228,0.0526218906670227,0.0766873559686007,0.0542496954954225,0.0539413384500899,0.0461792307380483,0.0511060554878112,0.0539978839238573,0.0718865971900984,0.0619506123548318,0.0635226726368545,0.0559881884891857,0.0581098451465519,0.0477464854557282,0.0658609000606049,0.0619506123548318,0.0719431426638659,0.0619506123548318,0.0670257688573105,0.0662104247738078,0.0602419138599942,0.052529463646162,0.0522927095095378
2014-10-10,0.033645321457687,0.0606809469809334,0.056805713931375,0.0429409190600674,0.0606660477915124,0.0542226549705112,0.0564065856589413,0.0440632458568062,0.055855569589532,0.0431577175486453,0.065895948923847,0.0553615718447563,0.0557259092750409,0.0550441054101449,0.0567248574371209,0.0262759446018908,0.0498319218363123,0.0461474750114846,0.0556126779693423,0.0388749004525943,0.0615226112107226,0.0503223760693876,0.0511977845280953,0.052981942669237,0.0534224656010798,0.0387107714333812,0.0529047907553969,0.0507828715217235,0.0544678015526921,0.0511380280353298,0.0656976733373394,0.05646295970872,0.0612814913463831,0.0342852474570331,0.039262914983786
2014-10-17,0.0417156040892761,0.0550613135082829,0.0521981990355435,0.0351352491764486,0.0547459717138963,0.0498648810130802,0.061999547305467,0.0496777147490328,0.0562837528541824,0.0622221884789093,0.0588352174914316,0.0622950645371233,0.0537891122799459,0.0596975306736463,0.056412971415553,0.0420379281529184,0.0552835530331884,0.0572870025542647,0.0652064149067859,0.0485771899580306,0.049667280952152,0.0594034581215582,0.0537995460768268,0.054728796079031,0.0614293804359163,0.0418143238597641,0.0545483716529682,0.0604956358750557,0.0548007090175328,0.0593456709388335,0.0675039369799503,0.0765095878477447,0.0530118746722982,0.0369187863632668,0.0517328516946573
2014-10-24,0.0370679142671354,0.0424671962136454,0.0405653163783832,0.0373079713102583,0.0437065564723493,0.0372738604695744,0.0495374283470016,0.0379250091936155,0.0419294297161555,0.047579337975912,0.0450938908049534,0.0504116587662196,0.0465347134980664,0.0434810726052933,0.0381091757043502,0.0398108742635388,0.0412279955274442,0.0428222369312389,0.051857285803091,0.0436260036420019,0.0406918307640184,0.0490243244336156,0.0458606640687775,0.0433985980374425,0.0512809246968874,0.0404094954958225,0.0457628156009002,0.0490087903887971,0.0412279955274442,0.0488837173062895,0.0572221363331886,0.0482538678395768,0.0465553721762271,0.0468088813818732,0.0430329874774362
2014-10-31,0.0298585877912075,0.0459082856052595,0.0429868226608381,0.0342164755456574,0.0404203890160261,0.034144967923634,0.0437246370503554,0.0353929013799101,0.0405334526026025,0.0340861623134174,0.038824639977189,0.0310674743222998,0.0457624474630606,0.0317323697551485,0.0428908519049646,0.0349684032816267,0.0491661161823961,0.0412946324212459,0.0464077410258371,0.0434571107276101,0.0439753841723189,0.0398080265949708,0.0440468917943423,0.0387766545992523,0.0466482951753631,0.0380211201191897,0.0414586608700099,0.0378991180798603,0.047940450450522,0.0380203360443868,0.0511749158273944,0.0440909567982646,0.0478954445568363,0.0403183024766901,0.0320997872077817
2014-11-07,0.0128551325812769,0.0342966717981716,0.0355245990875244,0.0292277600380733,0.0259657668166901,0.028007116942409,0.0341897556817037,0.0317633515609715,0.02830710815496,0.0289543998992214,0.0233195780112535,0.0258169461107248,0.0308906356105165,0.0253877158640462,0.0401463436013059,0.0346581492720574,0.0397232228362405,0.0320586431722815,0.0497922751484736,0.0266954582360438,0.0390369244016787,0.0368747945240659,0.0318322790458396,0.0276919303525121,0.0296580868583749,0.0347703130883428,0.044259747914185,0.0337744675853733,0.0414371674088359,0.0333430441914488,0.0376525785294526,0.0333815809216251,0.0370709245491906,0.0236933529632883,0.0184105312082718
2014-11-14,0.0211076658911159,0.0348472848065624,0.0287044973545722,0.0186720633109243,0.0241539356387607,0.034486442954973,0.0311221991743911,0.0260672756838664,0.0364011962180029,0.028485919648968,0.0273065107791454,0.0376729353255377,0.0343275344506113,0.0379398764889911,0.031791593397804,0.0183201720478072,0.0377247533160904,0.0363762293680093,0.0451810481081992,0.0239980105944611,0.0389263026000583,0.0267344715682861,0.0278391369123418,0.0273611552055464,0.0273112215055593,0.0350642920617427,0.0379877688741989,0.0256772275367968,0.0324283265847472,0.0261456307665506,0.0402310167924903,0.0265452573906618,0.0370102931433181,0.016936317651622,0.0230544520937602
2014-11-21,0.0146247000066519,0.0457501306044721,0.0416414520237068,0.0351532554312738,0.0370442789257413,0.0359440470744147,0.0360602245244692,0.0335850168520928,0.0533778864240726,0.0285747858202175,0.034829999526325,0.0407517525514655,0.0395001760219599,0.041476919634981,0.0433040455319185,0.0323062799187232,0.0445135469849178,0.0312649217751946,0.0453574034633539,0.0346178971816985,0.0441446050827178,0.0250720357010757,0.0423746259314828,0.0389152068612803,0.0376341149795988,0.0378035142615025,0.044492823439773,0.0232106845553384,0.0422965986440814,0.0223063844035632,0.0611550247258934,0.036232135751239,0.0513639346277232,0.0276472501784314,0.0301472633063599
