,lightgbm-dart_None_1_2030_10-all,lightgbm-dart_None_1_2030_10-baseline,lightgbm-dart_None_1_2030_10-high_autocorrelation_small,lightgbm-dart_None_1_2030_10-high_autocorrelation_standard,lightgbm-dart_None_1_2030_10-high_calmar_small,lightgbm-dart_None_1_2030_10-high_calmar_standard,lightgbm-dart_None_1_2030_10-high_drawdown_small,lightgbm-dart_None_1_2030_10-high_drawdown_standard,lightgbm-dart_None_1_2030_10-high_kurt_small,lightgbm-dart_None_1_2030_10-high_kurt_standard,lightgbm-dart_None_1_2030_10-high_mean_small,lightgbm-dart_None_1_2030_10-high_mean_standard,lightgbm-dart_None_1_2030_10-high_sharpe_small,lightgbm-dart_None_1_2030_10-high_sharpe_standard,lightgbm-dart_None_1_2030_10-high_skew_small,lightgbm-dart_None_1_2030_10-high_skew_standard,lightgbm-dart_None_1_2030_10-high_volatility_small,lightgbm-dart_None_1_2030_10-high_volatility_standard,lightgbm-dart_None_1_2030_10-low_autocorrelation_small,lightgbm-dart_None_1_2030_10-low_autocorrelation_standard,lightgbm-dart_None_1_2030_10-low_calmar_small,lightgbm-dart_None_1_2030_10-low_calmar_standard,lightgbm-dart_None_1_2030_10-low_drawdown_small,lightgbm-dart_None_1_2030_10-low_drawdown_standard,lightgbm-dart_None_1_2030_10-low_kurt_small,lightgbm-dart_None_1_2030_10-low_kurt_standard,lightgbm-dart_None_1_2030_10-low_mean_small,lightgbm-dart_None_1_2030_10-low_mean_standard,lightgbm-dart_None_1_2030_10-low_sharpe_small,lightgbm-dart_None_1_2030_10-low_sharpe_standard,lightgbm-dart_None_1_2030_10-low_skew_small,lightgbm-dart_None_1_2030_10-low_skew_standard,lightgbm-dart_None_1_2030_10-low_volatility_small,lightgbm-dart_None_1_2030_10-low_volatility_standard,lightgbm-dart_None_1_2030_10-optimizer
2020-11-20,0.036876409954671764,0.08108355170026725,0.06666965708031614,0.041878880854363004,0.06173913671311428,0.04422432137569586,0.06798840755437179,0.050889730602820565,0.07368703656535322,0.03610903549999916,0.06502184304848761,0.04727487711542482,0.07244845954178578,0.048996697409242465,0.06316684085065383,0.043661345168421704,0.06346609633068113,0.043555328261365905,0.06940230893669909,0.04410024341660701,0.07459023600482723,0.03574429035162436,0.06895151682497982,0.03865226656676717,0.07849729675682281,0.044792290068897844,0.07140238690208285,0.031213462534292198,0.06705481268586647,0.03277346754891939,0.07148975540581994,0.0433924851174256,0.07934029268952002,0.04633819865266999,0.06066795480595074
2020-11-27,0.003916529365458018,0.02882373815096521,0.03483934977455589,0.017499645450632706,0.03081938022388898,0.030521373976025286,0.03364066056948821,0.02562592958051623,0.04064054772458308,0.01694419773341862,0.029667775136738513,0.026155734562741572,0.033539393497413965,0.025423830058994668,0.02420311997416263,0.014523349701429135,0.027842504977849517,0.020651963363742178,0.023369513775714543,0.0036551762924652564,0.028736958344067507,0.012297357480512416,0.030086316726470257,0.018959687728693147,0.025461207604910486,0.021643047827347196,0.027493503008426234,0.009961405734982895,0.029645899131183148,0.009390166728990406,0.041812724949408145,0.027450040745733425,0.03214483436181067,0.017212359894233236,0.025544075652444768
2020-12-04,0.021755584227913027,0.05588639927875789,0.052600587178317865,0.03967812864094855,0.04831777680989828,0.04056415794489009,0.04937658470296018,0.0394498654133919,0.050861733107944576,0.029788063710969048,0.052432120866796224,0.043933771660496446,0.05578491669976772,0.0455849427530299,0.051609913271315075,0.03799360926831862,0.0368338940794477,0.03568424087164037,0.03619308962828427,0.02297883364007114,0.053165495543744556,0.037902188983226684,0.05084304657168365,0.048267323161993746,0.05443804866311419,0.037961698414088405,0.04471961238156205,0.024271510721567933,0.04685030874306845,0.027425798042413674,0.052509598120985775,0.03288039797698045,0.06143385661144825,0.04068030195488114,0.03658579437493714
2020-12-11,0.006098042629986612,0.014021852536928746,0.01534509479500085,0.006325414072641629,0.015622442650642925,0.01980842736109191,0.013884169566633976,-0.0031039882904670313,0.005417768793151381,0.001406772316277493,0.007107764379062345,0.0185992246887902,0.012240186258968885,0.016213523455801536,0.017241225387453346,0.006205215844239323,-0.005585395062207136,0.012212295739539835,-0.0005850638149264456,0.0008735961935883122,0.014354485838427248,0.0008130015625445067,0.017416779925991478,0.028531647435306895,0.02491494078894001,0.006175201681198933,0.0037318789182223403,-0.0022899249061168565,0.0005418830614956957,-0.001621401897264424,0.015241744139248557,0.0073879437595195515,0.016118950526976168,0.015782706955179332,0.014587378754471771
2020-12-18,0.016213459949392717,0.005785421204143196,0.004114359679790592,0.00989711288649821,0.006678980255947848,0.021354496334317668,0.010758164867060858,0.004631103203676858,-0.005815400725540095,0.008985509909033643,0.005622043162390268,0.019496747198172223,0.010591767835592047,0.016900110990643757,0.013777603995899522,0.014277778026356821,-0.010139898091063252,0.012125148074950189,-0.0004817088746445166,0.00783645766556591,0.011023276761924246,0.014462710423356333,0.007550984952505911,0.02770566741730017,0.01879675631051652,0.007887429920775336,-0.004175442134380413,0.007710220592746952,-0.0033549713707751332,0.010230609046615028,0.004437183962783667,0.015020456422507482,0.014233265065195972,0.018707309129887287,0.01523192809288051
2020-12-25,0.009721167835804475,0.03576185474461738,0.026988259943842602,-0.00398464879605145,0.005625939597904507,0.02286033499280722,0.02650524669658041,0.0016759521243614177,0.017305963307774213,0.01952288465589961,0.009113963210324122,0.027554348101732073,0.018191581147248788,0.028815486989920605,0.014178866503012443,0.007702251046623554,-0.009138240169004061,0.004647844788660686,0.03524621478452719,0.015469895519517923,0.028746865991108553,0.005100967907605929,0.03507824068314056,0.0212262009822413,0.02920349734107691,0.0003544716625753152,0.00694321018246288,-0.015762481986845538,-0.0002457165008588173,-0.014235138528623171,0.017377390891404793,0.006194834340612474,0.04484782210706401,0.03934214466863179,0.01761931850275863
2021-01-01,0.01681718821218301,0.05347531408344892,0.052757637423346326,0.017872903076378965,0.031715632137412825,0.03067599769830067,0.060214759768719775,0.04759945654581994,0.05244819411282108,0.04438812574169757,0.040216863474965246,0.04176911389979157,0.04472301807279019,0.04042031580972086,0.03482852277406582,0.030394939833792847,0.024880332838539933,0.035754895088674826,0.055119642123478495,0.03298500691054802,0.0446895987545726,0.01896077879074245,0.04428255425527796,0.0269878473329984,0.041785893473792086,0.01924924763376712,0.03902201797634878,0.01931412865323558,0.037297916747800954,0.021044382392250233,0.053026809756270464,0.03223901501644401,0.06009590445288317,0.04530457014168965,0.03719080713376465
2021-01-08,0.028221758465330517,0.0489009674501293,0.050801726776824804,0.03518023546896643,0.03536051771367892,0.045517020760199034,0.05835353422599319,0.04989057056706175,0.0654581860226393,0.052669422989228366,0.047849552814374786,0.050170251671021106,0.052012193277037204,0.051151293353251866,0.03682978320456347,0.025240071116101267,0.0368949353980194,0.056341194575553956,0.05538395850247054,0.03438086817233396,0.04718856432179189,0.02015263146299487,0.04571693219140144,0.027691770430102403,0.042423544497839194,0.028452018567843584,0.04438159065373189,0.03148229163398762,0.037296707257664354,0.02627331808154994,0.0665365383527882,0.04644836301280634,0.05590169569790352,0.03525791693039467,0.04288851955369996
2021-01-15,0.037660886434051535,0.043096761928622516,0.052468469771340336,0.031421737703600336,0.03183573780866082,0.0376657212701133,0.04887466705754195,0.04741067869803875,0.05969351064387255,0.03770840596563005,0.041785554147432014,0.037595408939957886,0.049031453884116415,0.04039312136164296,0.04257266545828776,0.024169069196429468,0.02376791594147595,0.045261110584976894,0.05006749018306659,0.021708552055509377,0.043436719731612214,0.02225032997077372,0.04154118771905297,0.02405482892719855,0.03175699904994062,0.023285399302511566,0.038221865555389783,0.024694961221776578,0.04066774004995136,0.02430720736962282,0.05458046430129356,0.042992881781141946,0.0421224731518506,0.033107852245598465,0.046907855747614906
2021-01-22,0.031463986229221245,0.028801875513476214,0.048194725500860736,0.04190767831018182,0.03544030719379294,0.037756385499887,0.028362524493265442,0.038043888258153705,0.04737873915209996,0.03445977869364229,0.04771441063024814,0.025094187647976784,0.05934201025085869,0.02864975278589181,0.05096216255251053,0.04057761781704537,0.04022067525177015,0.03265022672681427,0.029573466898489973,0.019955230230882227,0.0384623111268674,0.02355141628356904,0.04513951122530395,0.03547365476909544,0.03222000183556551,0.03076313821658733,0.04705733988725006,0.02829102619395423,0.04078772126473338,0.03071977264541203,0.03567332852245011,0.029727991054007065,0.031979981633079385,0.03646392679947852,0.04014080575042826
2021-01-29,0.024104028920222474,0.01510581330231009,0.014755929859860847,0.017662389463248957,0.026386568711623776,0.024470096622617017,0.01113269625395722,0.022705867002571656,0.034372852029356894,0.025853582914881466,0.02379721234088316,0.01868790022038797,0.0328539933795565,0.019129952001885758,0.02916903985380367,0.025698048716861457,0.01994287192398859,0.02325297980319055,0.018166572630728288,0.019616716436429885,0.02343992258264494,0.013298928285287115,0.028648946662540975,0.019504249026926875,0.009763474120946814,0.02677389549752194,0.016511244380372426,0.014105264749272713,0.013739471357633046,0.015253529569222934,0.022542514948037398,0.013465160602747663,0.010710669157566056,0.018414275242389797,0.03249821233047015
2021-02-05,0.012104048452166841,0.024177904005100365,0.022925886061013954,0.014348875936722965,0.013232897896029274,0.020023247716642798,0.00569586976180805,0.011409951189801646,0.016536740615766383,0.00032575604402580044,0.011435967855781005,0.012022301349063262,0.018563986614842477,0.014232211729278662,0.026138807379644233,0.019546595009936687,0.016876874290991304,0.01626917974564178,0.021440060573950485,0.020530024983956566,0.03089903567494186,0.014332307428388731,0.025156883633654738,0.022236444412560855,0.020679141558964616,0.026078421328607923,0.011567420483887255,0.013930418403918066,0.009394481155326737,0.016165113081724327,0.013017370357863392,0.01963929649871579,0.022145249151812138,0.019759247021862745,0.020487165950001107
2021-02-12,0.008904839423584623,0.03632431243672111,0.03116619092086386,0.032194555283895046,0.014422093691443844,0.02071778623225666,0.01826117576207025,0.02149459455244887,0.02014349954266537,0.002682902245224053,0.011186229971923178,0.009353483921153219,0.015136420489116658,0.013544771617633506,0.029977955357821145,0.018587573802535683,0.022612334658562102,0.023359532170255992,0.025048978207421666,0.014255566850989984,0.03982694491843252,0.020555062614912682,0.03395911497748076,0.027804956668114042,0.02414476191304864,0.025415853408127933,0.022590601955077103,0.020549221950851095,0.02406964825662856,0.01977241363065889,0.017374481459881987,0.013808416476785988,0.03716903528221623,0.016959250993921572,0.015445160708000533
2021-02-19,0.004385476335703575,0.05258131568782591,0.03511938548282823,0.013099536487925022,0.02882291794182735,0.02486189510248297,0.027368288925033974,0.033967956932244095,0.020339279281391443,0.018104720359579763,0.01727889625054053,0.019995208532903222,0.02290283718646555,0.019673405978081947,0.02861517198871491,0.025660019751107224,0.04000603195770705,0.027703805428394047,0.038757383732333034,0.029173506210413227,0.0359344828400401,0.02336069297332518,0.03469072275473931,0.02030995044095204,0.02388114410945596,0.01867269507975586,0.033845074522069724,0.025536322650920647,0.03909833150244113,0.025470196978263276,0.027401012307190904,0.013214000434639923,0.050488919908095876,0.017075087965820385,0.016789403334873575
2021-02-26,0.03880788278579147,0.05475546090805664,0.030116823534066323,0.018608949001537946,0.02277263067652234,0.0392191055905696,0.038386775468419065,0.04065181829961055,0.031149281185180358,0.022716573303727408,0.020027038048110662,0.041719616468356154,0.023100309039236565,0.03309111399496739,0.033029098833759485,0.03791827665230698,0.031426724559230526,0.03441929459821689,0.03767454894450304,0.04217335621771787,0.039279360496110034,0.025833715282257988,0.03370327675440164,0.030330897704087475,0.033865761892937635,0.029725640563040955,0.03905486019636615,0.026953644099617213,0.04021216059558864,0.02312549423570962,0.03927096543061902,0.03513422920777516,0.052606120750266556,0.021305389875542452,0.027666276836379594
2021-03-05,0.02572825184941102,0.07421421596746094,0.049134202104894206,0.03399725791703511,0.04758086745360715,0.04176593996903639,0.04795436950916705,0.045303562880356286,0.036781046812310925,0.02626848393694376,0.047877097839730674,0.036097788480483485,0.05652228435700262,0.03404587076973079,0.04149515432674807,0.034008105413091155,0.04019680279263062,0.038164839117832916,0.04804597058697381,0.03546046460726379,0.06165207863388433,0.036730693003458104,0.05491404262691329,0.03563750645647508,0.047815494775708615,0.035604160450080496,0.06575028942780511,0.03845973030691252,0.060920475288769954,0.03639790253803452,0.04758394760680823,0.03092393462085553,0.07359061852165824,0.042913230076595366,0.018065366363882424
2021-03-12,0.03055374894569515,0.09885967653068536,0.07589694088261284,0.05139659370926604,0.08033388042436232,0.06548631624457459,0.06964131469959163,0.0541372210388787,0.0797913271274352,0.04014267861511954,0.08522325875966716,0.061955454039241124,0.08367051654772455,0.057730736819041575,0.07510443981375989,0.05206712026541914,0.06453971404273698,0.05729402807193268,0.0676979874360529,0.05384888128918501,0.07380164537374317,0.05011032914856601,0.06626055446289209,0.04295595743043863,0.06978061892447836,0.05066048085775962,0.09126386320609295,0.05007100403244967,0.07890924477712413,0.04678649035112639,0.0729182299686484,0.035477920010852065,0.09779876436627924,0.04758618991581075,0.035720136065033
2021-03-19,0.0302822977410317,0.09196878311744278,0.08428741293376969,0.06456326692492484,0.07508297878430041,0.06639979459398448,0.07250446910293357,0.07341236341850908,0.07357893620069163,0.050339193026893075,0.08271520892620678,0.057738274112057036,0.07992745952479459,0.0584173785317244,0.08272577658883534,0.07317670454189232,0.06547578459290042,0.04994501921084805,0.07745423018236476,0.05425187011511471,0.07315121005580096,0.04729412104047566,0.06055799069292057,0.048263704086645376,0.07793162434160962,0.06041691239682942,0.0852275386203623,0.055551824714209455,0.08633185936504603,0.05278468225492305,0.0716043684385466,0.045973823690820884,0.08929608873235503,0.053998642499378004,0.03713106779481378
2021-03-26,0.027407088424538324,0.11551562387825742,0.102002912665415,0.06021728631011911,0.0900502444941401,0.06721591924967942,0.08618170237905064,0.07367990239583593,0.08156035860952063,0.051157730478181604,0.09174306080627664,0.06390651470479095,0.09615375703346582,0.06464470268598162,0.09331778283998836,0.05943209759604363,0.09066217560464021,0.05760960139065351,0.09147738159349929,0.05273324244017713,0.09797849136899338,0.061566747128240076,0.0876195035102408,0.05721595379590412,0.08842246561070126,0.05914785506859747,0.10619098077129276,0.053892725506049455,0.08973229835991943,0.056559655046798406,0.08331281450708243,0.042762767642329454,0.11494720414225944,0.07042947916280287,0.04783818852031797
2021-04-02,0.014553782167111484,0.07190429008383513,0.05617411237376525,0.037641208225021754,0.06487177831287283,0.047709119646734396,0.05431444626314215,0.04554760005688503,0.059391457761679506,0.031035484781077784,0.06485802162495018,0.05101138612740202,0.06566212648919927,0.045983316691666484,0.05422476323995396,0.040764108659313056,0.05199803165831729,0.03627387281101569,0.06804335625827514,0.03661540904386506,0.05434897025879422,0.03194355845981933,0.04371862194239707,0.050055164040931154,0.0675823749370203,0.04787168666074364,0.0678473234553771,0.026366676541476532,0.06172308408872654,0.027017341425049704,0.05456537354188545,0.030127146550645394,0.06599585844716943,0.030915642865136053,0.03218707829121969
2021-04-09,0.009697388533900893,0.018685862339180206,0.004100024120792937,0.005245718318658993,0.011147895599189975,0.009206962622643445,0.011936254920793192,0.021266518581821298,0.025355826625243914,0.01503214290280976,0.015262604714897831,0.01263451981413464,0.016317807592747667,0.009363602568402515,0.005860503646312992,0.0019115629867167004,0.014105136061649549,0.021755753817815374,0.02186741269806929,0.010485880152755584,0.016553428997643678,0.007974878319557236,-0.0024427364514317358,0.010385201944374986,0.00964976152336605,0.007903570101006462,0.025158306828775776,0.007572033188783327,0.019648126304396895,0.0034546781280457594,0.01348519114118761,0.018754987559617013,0.017610087145259856,0.0019581316192396527,0.010667391981793967
2021-04-16,-0.0013239640287801698,0.005814098394721562,-0.011091268974793105,-0.007024694840912652,0.00015872778402091948,0.008008094015291853,-0.004006754095476571,0.0021821768976254085,-0.0026990325936802275,-0.0010120546894645168,0.002339187991802511,0.00777158697603938,-0.0010764965851402346,0.003052802754572123,-0.0026257431426556033,-0.0126467220263592,0.0006032184005054701,0.009246487658010833,0.019433061085110642,0.008673641462434484,0.0048938865855369315,0.0020316364036288615,-0.0014565453059490671,0.0038245208659018,-7.368561021936882e-05,0.011664643382629094,0.004658832129998457,0.0020023206232190147,0.009983343760204474,-0.0025273636092981973,0.0005650550647466967,0.008095381091196884,0.0029251074408048706,-0.009077591787991893,0.0038163335758774255
2021-04-23,-0.002993477550597497,-0.00036132297817245587,-0.005021745459431394,-0.0005751428016671152,0.0062499647711170845,0.008644667151927262,0.0012935402392988634,0.0018130540396043484,0.004178946173885953,-0.0028559318574933493,0.004152260185165938,0.0038577849464545744,0.0011166957767364003,0.006144017412915247,-0.002972234972511911,-0.008699234024384595,0.005619724032540503,-0.0006760450475736177,0.007266156600286075,-0.003860573034828305,-0.00560538529233274,0.004755814935022523,-0.0054654498091939695,-0.0003235510174660091,-0.009245566579523138,0.00522633803961814,0.011704129460703091,0.0015873516474450569,0.012277413536787714,-0.0003623187224721898,-0.0025384880812269485,0.008038191547583914,-0.0049650543291654865,-0.009157277114354935,-0.006440882441661245
2021-04-30,0.006425260042560334,0.01908443027529032,0.01140524967990902,0.014610278580883712,0.011173911235829592,0.012235292017266001,0.0258865075056947,0.02258881103369164,0.025280004202016773,0.02477211717221499,0.014972885067803646,0.012923623033449757,0.017128430593037435,0.011013692839130002,0.021913963743962813,0.006437421835049083,0.01947129416127727,0.011659325388206531,0.019519676944439034,0.02386553485821682,0.008850347903495816,0.011699115600588198,0.018490286964983883,0.009493072197846779,0.004930417113617376,0.012694531877112817,0.021416255605700502,0.015300989078206588,0.016030432240738166,0.009437815358060951,0.021508130016349165,0.01887391220196586,0.014762961953976137,0.009710265948488197,0.004064153785587382
2021-05-07,0.0024708657389289684,0.019190289066018173,0.015971710060153976,0.014240805400608224,0.019695368070660472,0.0181372623451254,0.018364127203274416,0.009418867048782233,0.017649211368161152,0.006731207555220209,0.019158419235835823,0.015339085741927714,0.018683222167306425,0.012365459914320389,0.025026162179082358,0.008234717298537168,0.017567714938393843,0.006072610391084358,0.014710039315740013,0.013586183672070781,0.009955285825527084,0.015524871098893197,0.02770958120800608,0.01419681057998586,0.011067612705960938,0.006871142888284088,0.01403249257525177,0.016475397750471948,0.015505789008020847,0.013402386032904497,0.008871184537841898,0.012079361065755134,0.017549030391081327,0.019437494814843904,-0.007059313506608608
2021-05-14,0.013436303493095455,0.04843632069105462,0.04664115475667838,0.02582799596139355,0.03556348104106372,0.03402038267167218,0.04053838872641796,0.02922220114073889,0.042855361624642374,0.025530883419073797,0.044831106880345695,0.03132962731300701,0.04741808545209145,0.030326540290658215,0.04934413478166439,0.03181462766160593,0.046037894049106035,0.023107609074581117,0.04552366080278337,0.024846169228298402,0.03237895546448252,0.03131288483521977,0.05065270558522659,0.02891897626525869,0.041830084175385106,0.0297123836848434,0.044130846103053574,0.032418419876409595,0.044269170860010136,0.02787390017163393,0.0425923984219363,0.02892601873607397,0.045278635969135034,0.037008383449464964,0.0150249786075745
2021-05-21,0.012206902340637506,0.06097293015872293,0.06913165805459721,0.033352347724741264,0.030075210023890624,0.028912204542489682,0.05274078231180629,0.048579818967782164,0.05262533300281087,0.04095604138447696,0.04843045309911638,0.027507925966022268,0.05464170572674021,0.02769067636989289,0.054024690352973186,0.051495579050498425,0.045484367621871365,0.026657883876402697,0.04935245149768357,0.04447192506418336,0.05579739587174166,0.041083328237827905,0.05043977649887896,0.03795582241787572,0.06010878913336241,0.041259428335880824,0.045211040052763496,0.03436984451485073,0.05006403422017844,0.03905325588391407,0.05480955944557922,0.0312974032270692,0.05548044229646968,0.04422134154097206,0.03385550986290911
2021-05-28,0.009651939817198063,0.08849162681677132,0.09071720988425425,0.04229840264727419,0.06688387402515389,0.045683744778710435,0.06797046952325231,0.04342121355714604,0.07201194970328917,0.04619169255781169,0.07796192882582607,0.03995159070639888,0.08511686925920621,0.04446773244148054,0.07989585844350533,0.047417557617362355,0.0725643678777299,0.03390867644629635,0.06653210520932544,0.03725008076197811,0.07673220256428498,0.04619688520876457,0.06971267049036647,0.0535326364112192,0.07570938347147865,0.042064200774813064,0.05923989238793656,0.03315361173980007,0.0650934746056061,0.03675544747249941,0.0668244914014372,0.029651368389477586,0.07967230816274228,0.044718577425969866,0.033219252173639344
2021-06-04,0.019154048917195368,0.09349270143036506,0.09923143914511523,0.047524089754360545,0.07837404697350737,0.056008954133941656,0.06772178791850872,0.06496519986794398,0.0820572718793988,0.04996029307887821,0.08333867751207046,0.047136003097850904,0.08506574309644814,0.052281083269969615,0.08617509520111362,0.05862680653566488,0.0733363836438154,0.04455520017775873,0.07131398837852237,0.05069062099016689,0.08603316103587233,0.052743801975808004,0.07830621177152815,0.06036426729834203,0.07255687854287972,0.040729108206009355,0.07217558873371975,0.04729113114324142,0.07580897009238087,0.05091411732360322,0.07039827978756173,0.03845256415844858,0.08764681255957367,0.0614957424747728,0.044461643573064445
2021-06-11,0.017201244133212557,0.06265975898914038,0.05218350867968694,0.02726690759851968,0.057162085753592724,0.05601750456452836,0.05083714520668399,0.05118479899069893,0.0539868301942552,0.03602886937377086,0.0640202985873384,0.042919012299722115,0.06689334443580014,0.05146978500038495,0.06244750968869464,0.03965909562453643,0.04820867591511689,0.02664923917585292,0.044114602142310055,0.03531541067448718,0.05311955059434602,0.0368703134218954,0.0495504022377995,0.04605014868601204,0.040307634219335635,0.030214147852106587,0.052887428098311685,0.035067521867363706,0.04771475316099814,0.03513204450182076,0.03957337458861507,0.021923718019427475,0.05869433270943595,0.04172064016694203,0.026614129323427625
2021-06-18,0.0053354953976333585,0.03077866387640834,0.03329093336298364,0.024177052011408316,0.02598982019367504,0.025603869989683167,0.023404353085761134,0.017910551561352454,0.03084773548543775,0.022387840100212823,0.03095979413087264,0.02527181972797289,0.033012383784723265,0.03183350554094393,0.03655979850451768,0.017564127981700435,0.01699824513088199,0.012188906330311366,0.0282118286784504,0.02335151783369742,0.034208430158266426,0.027773442481226516,0.02890161485337799,0.02346916610277631,0.028242172349660814,0.016460576570838107,0.03225565521234472,0.028271052071821588,0.031133471722668997,0.029715038179860192,0.02506420513548071,0.017622419771130937,0.03583634150144874,0.027093637777091832,0.01646563384937319
2021-06-25,0.030279313777279302,0.021461243533687935,0.03279216176996873,0.02655186505347276,0.029654487472006306,0.03458750841253165,0.02779102865464418,0.030965746416093867,0.02710871195621711,0.02551212540268809,0.031257978183604686,0.03496829928450848,0.029610938167261434,0.030388187039141583,0.026510838421868556,0.02489805365133077,0.02834681337922403,0.021244559082228227,0.03489899215927421,0.028620457028855878,0.02523250700088083,0.033959097255953474,0.019100950773976583,0.027502647282979735,0.039881537156719805,0.035657918457816566,0.03857877563794836,0.031769018653004494,0.037241227784289226,0.03553045707807536,0.027187047595849726,0.027894591025683892,0.02465826693069265,0.04084626047463598,0.022457168229286905
2021-07-02,0.02119843734719648,0.010181488023827645,0.024227444729799395,0.022244218630570543,0.011985022653948595,0.022608416409650653,0.022245957363999855,0.025696941975026512,0.018144285204231073,0.029093624603568194,0.025213172835499204,0.02339218394009855,0.01969416543338294,0.031453754610783764,0.020265406239277643,0.025302115737845247,0.023021566222202458,0.019069826383531288,0.02583002195673225,0.022395488438921474,0.019525107044562784,0.03356497824015574,0.014724865292382858,0.019725462635110727,0.028345166736608068,0.02567286720446666,0.025468900398334757,0.03024760860573616,0.021920279217815447,0.032521203187661676,0.019384269636787757,0.02249272376223813,0.015540732516910525,0.02083678079389767,0.023658343903510022
2021-07-09,0.01558542082417675,0.007136801596195696,0.009801473033623284,0.014975894769199421,-0.0003200011788630948,0.013996509373405821,0.013322288009084396,0.013191694378445633,0.016699677226433528,0.026484575428737226,0.009924046584591308,0.015277316096825286,0.010891134524889764,0.011637536606247955,0.01311884532143627,0.02080408666593653,-0.0044282869902069625,0.00621783410074126,0.016622417125605256,0.022756976065765187,0.018480936921308058,0.0035105225398836476,0.009336575748708567,0.00911642456174636,0.013121652349321035,0.016297069226961666,0.007799260143819485,0.009227502665186313,0.005943814711990493,0.007214730003816017,0.005827256220775521,0.014607773112311786,0.00972581694872916,0.021390488157863166,0.024928278968627406
2021-07-16,0.015086848293840615,0.019983659519979432,0.014447098217849109,0.015790693807271963,0.02459210799851671,0.024792824399685325,0.025469506293491876,0.030617881983467408,0.02773131251279419,0.02244082961079126,0.025709964542091894,0.02960667275437981,0.027102267311531664,0.028001878221569517,0.02158390438873527,0.016420809496007372,0.021590193502638567,0.019147073467613913,0.025864516170991753,0.03347835832198872,0.02895514731618643,0.013180310104606774,0.020749860836412528,0.01958088851600639,0.03122337646032613,0.026816848589069894,0.013469876966026069,0.016519695776316456,0.01970252265511458,0.017726804212944657,0.023243829026399914,0.03628531028686505,0.021836271810471305,0.024286483825003924,0.023970422398630373
2021-07-23,0.012701902310337004,0.020109154065940497,0.009086934395621986,0.013744787031003894,0.02251998012586961,0.02963750441091877,0.01860685397201102,0.02523458509940065,0.0393530736038374,0.01603972223884632,0.023355706429034586,0.03263715294341563,0.028314661415436676,0.030248942918390462,0.02911318485034227,0.021628048050514194,0.018712440529768795,0.015470170413983221,0.017428807751552856,0.013028966375178504,0.03452125072119939,0.018985306171426648,0.030555130553561245,0.014822867270923338,0.03122799394064107,0.01872542138667943,0.018177816577624024,0.014741101254712955,0.025033850198720523,0.018646331835811457,0.015780238923900465,0.03115894113480709,0.021349026538568815,0.04002392964191039,0.01144128713406575
2021-07-30,0.02199235899974106,0.04275302463230285,0.031724581774673626,0.026758495260154395,0.057043570764759785,0.05349475876324207,0.03794418693306903,0.04316187186902594,0.052955367535386204,0.039770579999895396,0.059665155825203285,0.05096033845763929,0.05875175595254865,0.04934541820193507,0.039764750941640115,0.038709149159455225,0.048395417265817024,0.03287914198770416,0.03519083804415708,0.037853768750364856,0.04995882491368373,0.030432699793907992,0.053628555984125165,0.04495179943188316,0.045792539415588154,0.03179100592688509,0.05178752249191339,0.03067738468113591,0.05132648465176817,0.03722992395755442,0.045722184038041735,0.0476037498190519,0.04804228478314183,0.05552313547658898,0.03725622249945037
2021-08-06,0.012233618325275534,0.041619958560608704,0.0297760011356582,0.009992732141088777,0.04603531424679515,0.03414435667714158,0.03259803139151334,0.03669456148011959,0.044132669980819064,0.023524417431975673,0.048735893425921405,0.033231130278805567,0.04733378292489845,0.030752698107720227,0.037898493818453775,0.019603837414837712,0.04309611784745847,0.027180938437747274,0.02839839509664336,0.03526285815885728,0.041454184988749275,0.043224799749042184,0.044391908442282205,0.03684587318541572,0.027706110568872497,0.029985561152285168,0.05428046314379541,0.038002671258029364,0.04619747218937359,0.03550642983313487,0.04252207069648095,0.027497220073065425,0.04443167797898392,0.050886796011914356,0.029900933720650495
2021-08-13,0.025432248890566684,0.05637515709006575,0.04027432822306838,0.031248316003981574,0.05740878361955614,0.05067649228204546,0.04346504243720268,0.046084747102605066,0.0528838758743409,0.03270139141002224,0.05921554605177798,0.04582022148264376,0.051313935819725494,0.045390148817348215,0.04855114256274263,0.034048226226449596,0.04909606265022775,0.03766524761662731,0.04536580761896847,0.027573870902709033,0.0568361602897161,0.05017299257633361,0.05363657027948748,0.051586933790504066,0.04474867082689805,0.03896030695583804,0.07144894822311558,0.04139657850195867,0.05740595950261705,0.042075173457894015,0.053651766718254966,0.03507499445644688,0.05120002976984888,0.04264577956134895,0.040639177235246855
2021-08-20,0.03994652033971155,0.047088493380414716,0.028851642632195817,0.021577364859851008,0.03962987816182931,0.042498664381365334,0.04545722654405572,0.054611541972817576,0.052257012845074176,0.03875516931028486,0.03686906571176274,0.04009655130777585,0.038899403933670966,0.038144665937092544,0.05116541286359673,0.03152267913910802,0.0420112322335483,0.030770906714225395,0.04641011864939826,0.03841547655240352,0.050271023399889286,0.05268648154610989,0.042332187970260796,0.039084212969804064,0.029964406011684094,0.026262428944344645,0.05222398716028016,0.050154961707613174,0.05033437879520844,0.04852214489165417,0.03940907786920644,0.027119344365714386,0.04501966992021332,0.03137440055431856,0.03300843055869857
2021-08-27,-0.013435666879995641,0.007373094952136051,-0.015693001749175536,-0.011146816699861275,-0.00926157891409644,-0.015702064091810512,-0.004283918148281255,-0.0017242797598601132,0.008901925644448808,0.003589228718830242,-0.010135080537031535,-0.014106280234983596,-0.007512817303237376,-0.014423056450671722,-0.0005849945059142553,-0.005507740180538413,-0.01579119967086196,-0.019626870005825314,0.001281171782663559,-0.01535269049440554,0.008705665059921262,0.010754160271960909,-0.0002222302828247706,-0.011079728312593427,-0.011466433351300664,-0.024331578421828964,-0.0004287705395949609,-0.002647691896710209,0.0019044445417971722,0.0040845466103118675,-0.0024690149620714232,-0.02024459715230172,0.004436625384622801,-0.0014909582517208953,-0.005422797625691201
2021-09-03,0.011603441082159193,0.006582701919776885,-0.008862434549449691,0.008205171686609277,0.009548227028430683,0.00672000910988862,-0.004401403149800694,-0.004156670423665919,0.02597628310171756,0.019918810101254566,-0.0022549213667125245,0.005463894730997969,-0.009669106065538132,0.004126653481565411,0.010980927562200891,0.010243484308974895,-0.002271958009526334,0.002693547313442487,-0.003983870189411637,0.00041726253748724905,0.010486188863346122,0.008695313196133345,0.006600346975839289,0.011507711374919733,-0.02022655136351024,-0.0021962395970205415,0.006743806325247582,0.003299294613488779,0.007853621914260978,0.00543644680646462,0.0061976872750495945,-5.002823683418161e-05,0.00646959750281591,0.009993613547705792,-3.3126805471273766e-05
2021-09-10,0.01357609576066946,0.03135623510844909,0.021045812698545368,0.02057534119642993,0.029423428585811554,0.01499482329554604,0.02357598514357202,0.0170962355863708,0.0411076167804037,0.0283157756163809,0.016041263507649072,0.022199646088880268,0.011226717632086122,0.018727040948625834,0.0293940410452361,0.016306834784462088,0.024264628663507832,0.0038069730558338887,0.02115794580267651,0.010928237726886812,0.021899405639775514,0.012153034579256403,0.028762682915454276,0.020599447105289045,0.01263420477125875,0.013469379714708907,0.02771475301235432,0.003681026453367752,0.026459756060683716,0.004919365951163803,0.03612541295446108,0.0183286163201792,0.031351224162269,0.03228255188824707,0.012590462026531257
2021-09-17,0.02209962180012456,0.05658743340568176,0.04668385264902567,0.028514707338006998,0.045672288999983185,0.03271356617623418,0.042605799840352294,0.03357048723626397,0.060499632422601514,0.04338009990379186,0.04653668399884928,0.03929375781750007,0.05397094301440746,0.03977684604591837,0.04510073651370261,0.03816940563692816,0.03753629507259595,0.02622700260511741,0.040364569418044734,0.03452497717055659,0.05230167274777156,0.030393791451247078,0.054289876368021454,0.03288872812459739,0.039653865779612205,0.023242454993091664,0.05123194826560308,0.027386142573727342,0.04639753284669729,0.027279740862658004,0.05028805773547827,0.0305538696321407,0.05084969026657613,0.0375063993172508,0.03184441503447226
2021-09-24,0.026673152401678637,0.040755557250014736,0.034779591916570145,0.037741659094660054,0.04267884370989474,0.023717310328220997,0.04329445242668616,0.03806265796830909,0.05306028831117464,0.029667427729822764,0.05257581277674654,0.032210247643762395,0.047976407751995874,0.027213653877797585,0.03901875284281591,0.029313950049396457,0.04214497332349284,0.03914000705478454,0.045028008738424684,0.020041250714476686,0.03670950968094974,0.03476091660267318,0.0399998834642136,0.023518648293433177,0.03916842601071464,0.031000412091307886,0.04646939111752902,0.037178557782158596,0.04351869152181114,0.03649081904864925,0.05105282739561425,0.03710683375052541,0.042101938904512914,0.03856093699561754,0.019636077599929833
2021-10-01,-0.002979686260021591,-0.008241394751505763,-0.0015442546739382339,-0.011738551407417207,-0.0073804620252162344,-0.002852442774409878,-0.00581656345846721,0.005533936101002757,0.004762046665849685,-0.005033934455618287,-0.0005468343171721062,-0.002693524361290128,0.0034117159579638997,-0.003695023034902798,0.0013619539108983834,-0.004884396171245554,-0.006553243424845252,-0.0017998291963207207,-0.005383989984945371,-0.01372523548725641,-0.0032731891290767932,-5.444552990116203e-05,0.0013196753595893708,-0.007522523395370327,-9.250982046876883e-05,-0.0008839751764851705,-0.009242621497341409,0.007237449047797941,-0.006991254654162474,0.005278633466410031,0.003015847336060813,-0.0011482501081402602,-0.0026594024436741755,0.003984583531006351,-0.013298099769529925
2021-10-08,-0.014986654557280418,-0.01889076452443439,-0.01722552778448794,-0.026578336502561653,-0.028625884379384934,-0.019997504862375757,-0.021234398131822214,-0.014748482332600534,-0.00586930230305785,-0.030718921250089504,-0.029938140011828727,-0.02773918846880359,-0.014398963913942586,-0.025493933203648556,-0.014410777473547572,-0.014689142958492715,-0.020952366369758287,-0.014569513693987032,-0.024184529120074925,-0.02730670355682785,-0.014306084893599929,-0.018626724584072763,-0.016410120595660844,-0.021266444109601264,-0.02558626907182549,-0.024450809469332195,-0.025108159377927028,-0.018144812825014088,-0.016772810454338136,-0.016690522901227512,-0.01643795714415536,-0.03043960524885429,-0.009623841648781278,-0.012414150112263045,-0.03379954454616283
2021-10-15,-0.012039977253303151,-0.03658345073445341,-0.03340531641609385,-0.031701029872161716,-0.04357916491154253,-0.031751275446525895,-0.02719612814689037,-0.01368751744775122,-0.019203696002611032,-0.033845608497651634,-0.047363293195395645,-0.03894478941513329,-0.03478646026344129,-0.03656848524318212,-0.025306163213596293,-0.023359316498003088,-0.02454828118086864,-0.012946970815343331,-0.03450868755988082,-0.01802190925894034,-0.018388932187584354,-0.011667401579244245,-0.033536821679456714,-0.030867576328665356,-0.03465481956726342,-0.020721491560291218,-0.030621630336629367,-0.0088016432138911,-0.024229201468733873,-0.009072915142331665,-0.028652437206561528,-0.030445567677132253,-0.030819633112156106,-0.022578410886725853,-0.04355966258618284
2021-10-22,-0.010754653988568886,-0.05084813937870108,-0.04196388323218155,-0.030871563498288672,-0.051790496686301986,-0.03385166630022003,-0.03837436129308946,-0.0227084265719323,-0.03273885506993031,-0.03235661744622356,-0.055252110841065356,-0.03239011388815971,-0.0406569817314796,-0.0345074131776392,-0.0489161507958061,-0.037553158200461546,-0.033022899494896826,-0.019120660494715908,-0.04067656634470838,-0.010743983751016645,-0.024041530934471405,-0.008950168245557522,-0.036240448848940024,-0.022950870577074914,-0.03781437642104417,-0.027839325105279297,-0.05069213754991213,-0.007921773451598788,-0.04432875904613259,-0.008035094075729518,-0.03361421974810819,-0.012614381847515269,-0.03433236725526325,-0.022708696704528557,-0.04606692723676232
2021-10-29,-0.0055554057733068676,-0.04110573721333408,-0.03229854114667516,-0.009165056120253121,-0.04258860945808196,-0.020200407885866755,-0.021746860929046125,-0.011534547239922054,-0.011960577774513011,0.0010629164858584389,-0.0324786186920314,-0.02213630899377835,-0.031616163341745704,-0.02043110693010501,-0.026607739737691854,-0.01565419231427155,-0.013036588354748933,-0.0013222335507979952,-0.017893957406138875,0.0005222788777986225,-0.018018013826065715,-0.0016872483054031797,-0.034429098791620996,-0.0221036412531665,-0.020283832116024303,-0.020794771778073345,-0.02844685253974106,-0.000720310181425024,-0.028310106997427795,-0.002257448868810103,-0.014275127694062025,-0.006852531060659397,-0.02840001077944227,-0.02979810908323141,-0.024421565939307627
2021-11-05,0.015887276706623977,0.0026340513669981932,-0.00222310175078999,0.013243290603594918,-0.003825818623845791,0.006662861090039051,0.014983751446474408,0.015544662076029364,0.01944096372536973,0.0324058128149156,0.0036449793184339797,0.002429046438616055,0.0117281069355343,0.0012983644563011047,0.010404637096818922,0.014621670075505138,0.010303275793488628,0.016394351730039256,0.009778882083808954,0.028155350744137712,0.02809842731021445,0.02933919706568286,0.013516630489131999,0.014532257323163399,0.02081625536949638,0.001937410554118635,0.005175065111884887,0.031318091914806875,0.0023176161316436766,0.029474927234778136,0.022400713782614535,0.019640732757628666,0.025302869139026563,0.015355230554176317,-0.004239587546844452
2021-11-12,0.01716716462445075,0.01919358625785215,0.012938791050747427,0.014724710383356826,0.012052315184699588,0.016529880586832,0.034454981408320616,0.033081217873483115,0.032811705681362394,0.037871743613787444,0.022802990757006678,0.017743220197788127,0.030623523359620458,0.017151389605269077,0.02259697970142236,0.01980413287325086,0.016656481800095043,0.014539420751273836,0.031336875074479645,0.04411464061163115,0.03545067922921104,0.03876075952529673,0.026015613519334443,0.014319907348762834,0.01998634771345945,0.020014689273345147,0.021611442062377775,0.0334509950180297,0.020784991481182232,0.03580788983305358,0.02189258498897988,0.023365276610210896,0.04331011463336606,0.03484775264862353,0.0013753009307747076
2021-11-19,0.027572651467655435,0.054101980560259944,0.036458477981547874,0.03211054544996153,0.03351154445221934,0.02700929454262467,0.05207354901374923,0.042529784487861766,0.04267538607666733,0.03660314708076363,0.03773905261392447,0.032453834831802204,0.043295758079473695,0.03386069519719585,0.040955608847500394,0.03140771472485815,0.027261066731867553,0.02065424477541802,0.04747544284650255,0.03781778137786233,0.050447553594755286,0.035881932989461546,0.047915045081688465,0.024678203780952156,0.03867713714125162,0.034770405398433735,0.041250275557873514,0.036275043957956624,0.04247343547407884,0.03809832753159008,0.046670970756112186,0.028030637069040076,0.06577128823654707,0.05195672138942861,0.007837175363776096
2021-11-26,0.026590389376491472,0.036771315070878025,0.018541330821241212,0.024234414213055742,0.034638646352440294,0.022262395535002193,0.023063841239876072,0.03821449161609326,0.031064137054289693,0.02899606245661547,0.03509514576460134,0.030942163403922997,0.030860936701378686,0.02775414892560904,0.013384236788978918,0.0200223821771725,0.023707776612020108,0.026102093985373952,0.03782893197210826,0.04206835130079017,0.04257935810544805,0.02893500883315701,0.02892806181254467,0.030490339871020254,0.028536757516899453,0.04507681201558512,0.029950609808061343,0.028717380052820356,0.029392042631518976,0.03150580724937438,0.035737344381592276,0.025941243738888172,0.043040266203766935,0.03820233433002169,0.017914095017876847
2021-12-03,-0.01893750582155263,-0.017906272166067657,-0.02473635463363023,-0.02162243575063582,-0.01396744653029609,-0.03151944121106419,-0.02766603856013844,-0.01317668224758702,-0.022553384625961983,-0.015773243665564866,-0.01785351875199411,-0.027940918186349376,-0.02157102134417454,-0.02715845518801684,-0.02939886472790361,-0.029694899240106393,-0.022776849845711614,-0.01879062664476093,-0.01120244937448417,-0.016715171658937426,-0.016069545961134666,-0.016994737494070634,-0.02188191783324505,-0.019732152963083022,-0.020472841756165757,-0.01236596810403749,-0.016773414541256863,-0.018787814919407578,-0.020358364366779326,-0.017278320079708597,-0.027154706220879045,-0.017213784288265026,-0.010860490014843295,-0.01327040642603205,-0.03971120219052694
2021-12-10,0.00402041772589686,0.030488675049319392,0.001410713949463462,0.0064804567562340475,0.010097956655844235,-0.0050508173719425115,-0.0035700860010479877,0.006816433380178326,0.0069776005106930005,0.002017799099178062,0.010332819295830752,-0.005827228320189529,0.026304415055506503,-0.004011055319974839,0.0019636308934864078,-0.004590320749235449,0.0042056596144967075,0.0015074142277722634,0.026656307769518203,0.010043520952840525,0.03365791616396836,0.011394114881419054,0.02533446980198584,0.010876106336619623,0.004178909883290947,0.0039104763306412,0.008613212825268852,0.0038933565026695195,0.009395508714381122,0.008407641140952622,0.009661133545254273,0.0031416890557878245,0.03148182553038026,0.017249096047734554,-0.012812251881292133
2021-12-17,0.010658932795516217,0.010231228493952122,-0.027185138446954717,-0.0025714690493098993,0.0017358222691703016,-0.008480416696391007,-0.01712309620868107,-0.0009981784656590406,0.0005116588875822599,-0.011730647102349055,0.0050646970390893645,-0.012228728074102148,0.006049835328159986,-0.016386931188081894,-0.004379079507121539,-0.016815643797777072,0.005655806899493765,0.007302498889508253,0.02157732477469868,0.013750664560260516,0.012639157549611516,0.002942240255813284,0.003874680099289531,0.008882107909238034,-0.0005755154224224055,-0.007856101437869726,-0.005037272337810651,-0.0001860577773026372,-0.006857519667780119,0.0012210713809536781,-0.01248482638751366,-0.003482399323155781,0.011405987035740767,0.00474568323450904,-0.004076601184194562
2021-12-24,0.008907773054773372,0.023673901315963794,-0.008023017818928266,0.005211736191282321,0.02072965172924463,-0.00354592053372658,0.003964986914363097,0.012517397573152345,0.003193706494502369,-0.00047714351490950075,0.019839269643020137,-0.003815607434053094,0.014681457434540295,-0.0037782290708185708,0.00777583832011933,-0.013374018557100497,0.011197365268672963,0.007179392179903932,0.022936046941106097,0.024352271592547447,0.015868186974079365,0.013950100857847614,0.011555876021416988,0.011471875183610376,-0.0005528380497751129,0.0046305629306681445,0.015321444678881914,0.009046434724836926,0.01511083970753903,0.010266121530883843,0.014985173382399295,0.004348416575930144,0.0135033021431984,0.007761101331030445,-0.012613589920114306
2021-12-31,0.02249995156193688,0.04898065164314214,0.014259616940301272,0.018981497992178974,0.043769530234167214,0.014459093390495578,0.029854975379081092,0.04284976684385598,0.026773144657631556,0.02537372620092568,0.04456663169441944,0.020414564694179738,0.04191860862944087,0.02017500527449074,0.03243168025084503,0.010411919982319443,0.027239528105364095,0.011587999886590036,0.03782987762747426,0.026206754871293557,0.03745894258870569,0.03702553710249724,0.03163297010954282,0.025486333874422458,0.030704493030210993,0.020055158536269158,0.04715205025520399,0.0391811697094357,0.04667748934546752,0.036900462150863296,0.029723867873509828,0.03471815224984644,0.0376771869844828,0.03683933227096503,0.007597264371916453
2022-01-07,0.012746159472621066,0.037482105088144105,0.010866869980780706,0.014916522825410249,0.03905877748053722,0.007138937456485633,0.027897931000583888,0.02978518587173591,0.018112125000112916,0.005357932644965667,0.03309324840180519,0.008589446529785393,0.0264831986309722,0.014975385628459277,0.017619756553507917,0.001515919688155849,0.015514736312360299,0.006374261042564384,0.02684852602787735,0.012897636685971998,0.023080901613452897,0.01994564731251837,0.026317545742575048,0.022006790464237227,0.02880233906853206,0.021273705554704685,0.04318983920186068,0.0214953861111416,0.03408811077719108,0.020223895562711112,0.015201791409911609,0.006771584963145287,0.029875775185602648,0.021052970043270853,-0.0020080181219028375
2022-01-14,0.005580426754316698,0.0640249139684961,0.04951994466664291,0.026283118565468253,0.05321100164887543,0.02768373924231732,0.047620426449890244,0.037992935274369886,0.0479489654319586,0.015418870266346306,0.04775519779508795,0.0318565090648148,0.04684535590240776,0.033392171712052734,0.045286148863538864,0.02548572143971504,0.031103088532625087,0.02096763387329728,0.03649177733900488,0.021426884822695964,0.04120363254229329,0.021869086385051542,0.05132366156572495,0.02817952459252262,0.043543322632467865,0.02172700815969251,0.05101217197069964,0.01696116323076768,0.04781893002760616,0.01655333106768941,0.04072435532874875,0.01682869219969482,0.04743234194203397,0.02715114886611426,0.004477493787743734
2022-01-21,0.0029859873220345313,0.04993578247591997,0.02544329662666653,0.020040384931426094,0.040364352221078356,0.026338855544229836,0.03568100618450688,0.02189021238219315,0.03484632629101415,0.010713013386079316,0.03745205699165483,0.025457397781462374,0.03515004347123242,0.02493294329347828,0.031897693470385916,0.007469747783033978,0.02334710573105278,0.008883252963290981,0.02410273780487267,0.015372631517946217,0.03365016871785086,0.012032556063706287,0.04644452611060024,0.0315497745934037,0.034342345595089405,0.006567138288072735,0.02984258574691778,0.009784506577983394,0.03176685102444366,0.009798200968698581,0.028495654287860394,0.019010729455275367,0.0403882157138098,0.021405485186085826,0.005150921347278053
2022-01-28,0.02163530139341511,0.03003400161506863,0.02584183457617819,0.03216613681977872,0.023318404890839976,0.025594271294760843,0.028750362699276697,0.018727317964005088,0.020901735168445245,0.022554335819314836,0.017713643009730766,0.026262065756845913,0.020445554204337347,0.02239160857987934,0.017921715998732796,0.032986445514640146,0.025212304845709316,0.03872697229760479,0.01603680348972351,0.002992342864414453,0.022969800930208308,0.019523251616306744,0.026712118916958304,0.027873542034234738,0.028122603223295423,0.021758538340435306,0.025865528751627363,0.017502029511753565,0.026106964229049238,0.016531793879136083,0.02562014424496398,0.014269680990849503,0.01733671497729777,0.00932999010338294,0.034483127597180356
2022-02-04,0.027510522726791223,-0.006696623384039964,0.004575559820930255,0.02629753142236367,-0.00350349979728931,0.01649905560689967,0.006163185488416862,0.011569735078244672,0.006052268613993322,0.02398328426265114,0.002159263679583256,0.018038112507726013,-0.006971800881661951,0.013154495734214774,-0.004062449901241586,0.02950511645873707,0.004642682947887675,0.030219459330178163,-0.00045308110696252806,0.005342427903506705,0.0019868172721154275,0.018154486546942836,0.006231400048332918,0.013567603109066505,0.017532779047867774,0.021939030331086348,0.0018577553247542261,0.018846182184491765,0.001967717195338942,0.018121061412583947,0.0036040480586056016,0.010620597691572479,-0.003021768575162032,0.007346298815601165,0.02687981090580726
2022-02-11,0.019317385187890113,-0.0069890059786766,0.0008745261605729906,0.013456993002367324,-0.011133304484640009,-0.0067286663912606934,0.009390096382144232,0.006331667259232768,-0.011210910271832051,0.016115432927894937,-0.012491065980346615,-0.013937034404052568,-0.010557445079503998,-0.01266693618809881,-0.025218822816025856,0.009212731141714095,-0.003129714999237601,0.017002259130045636,-0.011678040027662233,-0.008472010405818103,0.000617244627903048,0.01721509741856183,-0.0044646432685899766,-0.005815745073276596,-0.0030763015590161173,0.0073978973827381065,0.0058278412467618656,0.021313797461206856,0.003474523899598729,0.022259201761921088,-0.005743303944426569,0.002528575950637975,-0.011180737794149685,-0.004590226013538219,0.013952392467017022
2022-02-18,0.01758242141711787,0.017114261781038247,0.007247891821443,0.0037205772300396727,0.020760397503008614,0.012578629125065176,0.015160259681343533,0.01653413446428989,0.0070753940590084765,0.022894158180424676,0.005541371864832553,-0.0028618885259300538,0.008625566712452442,0.004289507694339894,-0.0018773891013036685,0.019264104953173232,0.003854259602972812,0.019298848798321337,0.008398238819393547,0.0029045040234945275,0.020703803036497836,0.021987696689236405,0.024318520113351894,0.008901481701460644,0.01576257680934076,0.00478216456108842,0.014594315016235714,0.020531712428498636,0.011290799646118413,0.020205038853219393,0.009793421351122149,0.00905891474978799,0.011950389831351974,0.0022531926451126575,0.021044048426288077
2022-02-25,-0.0003377104574182941,0.00810964432136236,0.008813927577654384,0.01009141370504629,0.0035312201057047217,0.004704911342205171,-0.006258132642097346,0.0019494792056732875,-0.0055533694463482455,-0.011416203976899941,0.0006386745069648377,-0.0059275520847138635,0.004563136022282099,-0.0036336438619740926,-0.010799878964274992,0.005435177641924948,0.0001793444085680572,-0.0043245585980401895,-0.0017207739507103502,-0.008893179158810605,0.014981565334694455,0.00038940223267071436,0.00848389547411974,0.003996583196438663,0.008806523450695158,-0.0007559065171526819,0.00036746407871741894,0.0005479053949831513,-0.0012478696195549696,-0.0023867340366545784,-0.0034740437919639944,-0.0035107901998357345,0.006634371982396091,0.004410528738844597,0.0004389001925277969
2022-03-04,-0.0030015646821540255,0.06381434371483749,0.05675103431545843,0.022857150276180224,0.05186721626998682,0.037612582651441434,0.03937760295418388,0.018630853801854752,0.04185577387263365,0.018938530492760824,0.04616256076699077,0.03083737709089096,0.058578276734709986,0.03249732030946236,0.044949435528561094,0.017741338511538793,0.04187404217615619,0.017519234400290976,0.03874356920185244,0.0152003960539176,0.051104754970335196,0.024861856215365134,0.048885499481509526,0.03405699389215812,0.05805426487051059,0.02082291286889496,0.036930749127487096,0.025246177367666534,0.03389532627376683,0.024512286046456198,0.03501724735024935,0.02228575070735465,0.05611494022814325,0.024203235798894294,0.017436271578278806
2022-03-11,0.01112168816196792,0.03894495133239231,0.04468955262362764,0.03234831477694399,0.0327561145925998,0.03543499915370478,0.035486695961083926,0.026049828750244166,0.027520575421879356,0.002512657326739574,0.042455590585604955,0.031851557954973554,0.033008961477627115,0.027385008794018048,0.032840534379117894,0.014864757002633192,0.02481955472782743,0.009973084095889538,0.022328896042525803,0.0231026982551053,0.04305175376857311,0.019931456600317442,0.028197308629113942,0.030142950972790655,0.04674917542825466,0.031710079192225814,0.033563877207899086,0.017148490966909204,0.043301163365875736,0.01916714130185806,0.03208116877498201,0.020720245387376535,0.035867134966451275,0.029282666601058237,0.02680671950721825
2022-03-18,0.00797461518369808,0.020610126822916255,0.017185778023502962,0.014300954304859769,0.011103451336462825,0.014982445201272976,0.01618643061742722,0.016348015624053778,0.023487593281938852,0.010323728745464673,0.02335570939794685,0.0038871684857187407,0.012372152501476769,0.001239817504470246,0.01809520459958415,0.004494679062909174,0.017507449356256165,0.0011425395156579644,0.018570831292782575,0.010660114395853348,0.03102418502861803,0.013745352570438936,0.008672319078246652,0.017062477491464965,0.025055349328525586,0.0069774476765312845,0.02025970797249831,0.016585488361448464,0.024515688104876494,0.01591748558953441,0.023193715660274877,0.013008819226574512,0.018599169978599034,0.017104849276507853,0.01820433578871389
2022-03-25,0.011187768354902481,0.02025061878115459,0.01645033535070274,0.022262046846477,0.027190652631552327,0.01412575922538068,0.0275694945409171,0.025544846226445032,0.028560395283092413,0.015685736379010544,0.03095466530297909,0.017808145973601437,0.012534596087801686,0.019444189809820274,0.02406242725898437,0.024840856536601834,0.023379589801732728,0.010054496816437612,0.026300496176656182,0.02360507802480847,0.032698504170674304,0.014306231158582018,0.005537546019490938,0.007847342700245806,0.027441903189194768,0.01655338468896946,0.030387758351277525,0.023616196506042523,0.03456505310564767,0.02357619709184688,0.026544424807632302,0.024962210691534356,0.01461348089609833,0.034463495270961104,0.024112189242068417
2022-04-01,-0.003301106529133584,0.02500801603380069,0.01775208826038601,0.007263570670894053,0.021535719355737663,0.015397633515495225,0.016226055282671972,0.01794891283113098,0.022831379657177724,0.004371940413681448,0.02090046974459103,0.00799743547934178,0.020243035095917135,0.014389431779576169,0.02518177616349644,0.016344150025118943,0.007555899122701529,0.00039554298615689136,0.014827315721501564,0.02395645866397213,0.031360714938697645,0.012728394732031563,0.0157807312366978,0.01709857657566511,0.007715523173202599,0.010199435728542134,0.03161313737787983,0.014977741097905969,0.030175438726417654,0.01681571734719245,0.02154992319073987,0.008593996549434763,0.019904577999007238,0.016252433833390374,-0.005748224388086438
2022-04-08,0.00043115155507516417,0.03658070406000378,0.022005183917937123,-0.008407693303849361,0.007917182766345461,0.00835520174092268,0.017010462118108867,0.02451403584652304,0.009201050241969039,0.009886568295630574,0.009888608123205451,0.006612101083943217,0.035004189121557845,0.0065351315901181015,0.009143391115852714,0.011448804240971522,0.008330043867499281,0.0028303967486380277,0.014281036834426927,0.02086532826909941,0.03089992005241309,0.023484738852243316,0.022798132890541847,0.008450665671426634,-0.0022438783266102175,-0.001257281722897778,0.03312822769520182,0.01806804472142678,0.029712740403838395,0.018437389500983375,0.008357649534012539,0.006120094672884418,0.03131400505011184,0.010992426818220455,-0.0178501911364306
2022-04-15,-0.0014343335242494612,0.024225928639280664,0.017031862163539517,-0.005984263179016563,0.016481124788195935,0.009911779507199917,-0.005521355993923748,0.0033015735040006675,-0.004275443341495055,-0.005534795234781276,0.0008761299039850467,0.01143543647068429,0.02912826493458068,0.017805500887247434,-0.014842487652930458,-0.0021357532970865773,0.006809215367816868,0.004440379479292062,0.002965185232839389,0.016607100702496866,0.014598816568695383,-1.3710740672827581e-05,0.017753101422893797,0.008180153685192905,0.005428638806997532,0.0011768159494339007,0.0058111820467604495,-0.005207094957709707,0.008994245881381062,-0.0033246509883014886,0.0011412494736291186,-0.0035823043130247018,0.016833260048644855,0.0004975234115440393,-0.024550642298652583
2022-04-22,-0.001992130808115208,0.01766103088921471,0.008668246789938086,0.0071690051654673854,0.00704911504924044,0.013525505307223473,0.004488907413324748,0.006018224095457858,-0.0028227492188277036,-0.0005095671701663622,0.00727809560189736,0.013291740086302078,0.01766273960310945,0.015278607759326351,-0.013558451165844554,0.0037180290035143688,0.024204748168719533,0.010259354045086677,0.004687812908319264,0.014508139463938662,0.01213494400476007,0.004820553276456497,0.012067411829827217,0.0025116090768294063,0.013366517616035415,0.011428590264116306,0.01315394164028525,0.008190190077913462,0.008294769255694084,0.009113904462571846,0.012477662957303898,0.0066227327544721324,0.008289164358584272,0.005349874291314762,-0.0074294278238622585
2022-04-29,0.010210927969999943,0.014810064451968627,0.015108464116370622,0.004697141925083018,4.725632696119544e-05,0.014643160514378698,0.007814415806193444,0.0061935922788544946,-0.002878115774228503,-0.0011448358862079736,0.016017703242076336,0.014702744578808033,0.011624097608431106,0.01640561604774049,-0.010741020681129974,0.0018509412934109037,0.009408803185406267,0.0022767961355047717,-0.0028423653355709143,0.002379801230794124,0.018160674938621422,0.008814880189163416,0.007832633462674151,0.0035706606702164876,0.007920434348419447,0.0035514841897104845,0.014861087517843251,0.012329107216747971,0.009419898149127597,0.013600233924574011,0.00384461039173071,-0.012354447565988039,0.007098996108459036,0.013566949033410028,-0.004790421805258599
2022-05-06,-0.005835026380288026,0.02447554410203865,0.020202833391335006,0.0138583862409419,0.0054850974824775635,0.006710332142833278,0.0235887028569634,0.009158314799446557,0.021045121780577162,0.008046361503561687,0.011468011302602197,0.004182361791063159,0.014102355618570527,0.007912219790267561,0.006613490391011272,-0.008986182384653102,0.017141749886524754,3.8888663534796875e-05,0.013920829139406314,-0.0014890282767667214,0.024945178122498697,0.007507584282298022,0.01142629060495562,0.006270745189484324,0.009152098139201224,-0.016018054010176423,0.014254594720578856,0.007622385274828813,0.014578413645358876,0.007512143166477953,0.02923660776386638,0.00946486522354504,0.020235021876605353,0.009510177769333359,-0.0022470463826830354
2022-05-13,-0.012248042295992658,0.030219732443120952,0.014567466430717416,-1.2310574418326438e-05,0.005373425840706469,0.012895466596083505,0.030905557184306483,0.021581416205556446,0.024713198358999378,-0.0022194007175759156,0.008581169834026086,0.008722041975381196,0.011218010938695991,0.007172588313366019,0.014675183956877743,-0.004093126101200983,0.024763419906910455,-0.0018527414499574788,0.013027945163971577,-0.002814505076388884,0.02805188209840475,0.008811713318587374,0.0057705817585884745,-0.0006590354100535772,0.011044963432383913,-0.010505536444235611,0.027284429697735278,0.010641792120183863,0.019768124550894047,0.011283201025956669,0.02762339017291246,-0.002213665109040103,0.02299041740488984,-0.003071768103153582,0.00087251196189858
2022-05-20,-0.015799835150441855,0.015400755769696468,0.0037697344761980865,-0.009280079126902156,0.001533873468060535,-0.00031081064569697464,0.014712809314435579,0.010894177726439977,0.010940040818313537,-0.003458006568663641,0.012615243167947526,-0.0022645783595106996,0.006781034530013242,-0.002980607061561308,0.006383507361373774,-0.017268865262453467,0.004254754312411715,-0.012179473236545809,0.00019368336491218957,-0.011584805331452926,0.0036940956539081547,0.0013492921629201684,-0.0034374034566219745,-0.01182301117478391,-0.0011167310078197719,-0.01197174870966002,0.009830436229384893,0.0019038827815758472,0.0059656593151042065,-0.0017073065139454754,0.02197738195000191,-0.0011816449224715852,0.009349226557726891,-0.003336928006117441,-0.013479868287668473
2022-05-27,0.031766760323908676,0.05415899880611694,0.04881593990850301,0.042062201703983594,0.0477472432546745,0.051094599343381404,0.05937480439755474,0.05253726905143712,0.06516813110588522,0.04413306687557454,0.06321560108695656,0.05328153488002395,0.05350093617981658,0.05335131864828059,0.06543778238079158,0.048964708144684975,0.04588204910798588,0.035375982480110056,0.05265249012113467,0.04069342069172902,0.048412524615335926,0.04121545423600978,0.040975952946171644,0.042521670490517034,0.053282667273829326,0.04268317815700954,0.057156161834361535,0.03962118530725864,0.05617678274193244,0.04422153514161995,0.07021903212556257,0.048896906065587796,0.05356760586510841,0.04927965517180663,0.03411223099330458
2022-06-03,0.04265857957682444,0.05426094293841617,0.04933447710761193,0.043234114790454026,0.050259969391218615,0.046202106919876404,0.04927228764444956,0.050142940128722245,0.05568416263617513,0.06051812133984548,0.062001057356889135,0.054625528365525394,0.057760301327974016,0.05507300982091621,0.06501131005332407,0.05095154448952158,0.03399403262173237,0.04089890044870842,0.05053854991824809,0.0484976048090115,0.04037000733245057,0.03228424640383521,0.045461345609799614,0.04353827780119348,0.059067269432206054,0.053891127341453855,0.04925391348487887,0.038520577501816186,0.04230424097648816,0.04045749659994484,0.0523814781231882,0.055590454422364606,0.057440732291133036,0.061609970437411433,0.042833840791191034
2022-06-10,0.05842862810368727,0.0741114889490426,0.06738807122845109,0.0640464963694956,0.0624303933878925,0.06203908000115345,0.07608247232793172,0.07772485225202003,0.0717383966037842,0.06870561132841155,0.0670599645412035,0.06659749035346398,0.07105136108594151,0.07288037832043823,0.08960430285576053,0.0628292347635597,0.05879607918589922,0.0576506885685985,0.06948838013941658,0.058373943655812714,0.06381128222487137,0.05703950109014549,0.07874042056969117,0.05956890537001793,0.07758735992593532,0.06838318614224183,0.07165800336353226,0.06100249012949416,0.06525140071058715,0.06280579857161343,0.06121085918152542,0.07471550316859364,0.08586374458361087,0.08144751379577432,0.05693524554536639
2022-06-17,0.04327262137541485,0.05911673701916844,0.057047062068610065,0.045704434821885374,0.04637604822136871,0.051553345482702656,0.05553238721311866,0.05451049892346957,0.046063535308209724,0.05525430859316885,0.05083991901289387,0.05832633946590257,0.05674597902588605,0.06186135243220516,0.06043478885639608,0.049630378293445174,0.040016844484295995,0.032296618074035006,0.03686957902135731,0.03298197625442117,0.05948278192649503,0.044938054775124636,0.05797013261766304,0.05643216397558892,0.0581654531883874,0.04271284708790922,0.0533763374761301,0.04784688445987534,0.056558037232277945,0.04750847348585733,0.041077362842377195,0.04413564893420808,0.07224415992619991,0.06806994230696378,0.041144784609753154
2022-06-24,0.029199485764433906,0.031047187108136122,0.041999826908363715,0.0477379694793247,0.03941715284539715,0.04013102129320629,0.019550647192677302,0.02793534372143858,0.027227849099056314,0.036463238861456804,0.029567751233541793,0.03950496999572287,0.03548634388436565,0.042648399055688735,0.024838372766806335,0.035357450970177874,0.01762391058641788,0.02682828106507427,0.016588659696529603,0.028332503865814936,0.04259443400040793,0.02495310162448994,0.03956389247078012,0.03908075650342361,0.03651975344690837,0.03545362491384105,0.025096016954616815,0.030083464530857855,0.025919940121463175,0.026456474581840354,0.01675126306519724,0.02713762405912489,0.04093284853190617,0.0537220000711977,0.03208272110641856
2022-07-01,0.01496857326265401,0.023589230765020473,0.038118626807434906,0.04036899251933612,0.027540434772483403,0.010663386833703714,0.005697905969400009,0.018973006764198524,0.012452616587595498,0.0303750728073115,0.03387181201873899,0.012173127614853823,0.029406659499472604,0.016889973087693144,0.011430417982665095,0.016565871504185637,0.013535132554122076,0.0045852313220753485,0.004567024929519819,0.009160595057345792,0.03607117203546553,0.02931006833286122,0.028319140249495663,0.013862152719642315,0.011404706664934004,0.00599615725508058,0.023187717150754572,0.032129696517338206,0.02397490041361328,0.0296855925518309,0.00518354063468247,0.011405818505700754,0.03508093885257918,0.031165035672087088,0.01865432540442892
2022-07-08,0.007751878598217991,0.033312145967852216,0.03987879935466939,0.028421600540505503,0.037165645335149586,0.009034889433441641,0.008506804351334031,0.010824208646356085,0.011163562290184685,0.01389765544856681,0.04438434366080349,0.011318511917765816,0.04128018612159465,0.00965664226339334,0.024853710872625945,0.008310674417323662,0.01896618340157903,0.014745411383972453,0.017297473628511518,0.004211349405118527,0.02648514897851852,0.011770797317191845,0.032066685833657474,0.018992706310804627,0.024414826522071807,0.013773276963724655,0.018624735843864194,0.008275357069775887,0.024237262624519373,0.01027699915075422,0.010847660481881875,0.013334950990206844,0.035902875667492846,0.026527027256243164,0.018771170221641324
2022-07-15,0.014080938583505067,0.034586791251250706,0.04292560606615898,0.0398997181956612,0.04343475574118647,0.025839451116991423,0.013542498437219459,0.008960992236745059,0.010613731602998607,0.018177119894185845,0.04894304608725866,0.02337050263778438,0.041392691355052295,0.02248323960651574,0.027307198033193706,0.026573254502194808,0.029229718055771993,0.021993009613879844,0.02022184705043441,0.011378367063210543,0.035002743809531195,0.006331156384311616,0.036568172345192364,0.03499895987305288,0.026322113236670653,0.022968844787900327,0.015306233273503765,0.007639977968424373,0.01775752338247864,0.007645303508653129,0.012823270214747386,0.014134334131588044,0.03641233022060372,0.03279811030062467,0.032932650264298334
2022-07-22,0.01565707595960776,0.033476105736358196,0.031606509014538355,0.027821296733150452,0.039825668557815226,0.028244808469847248,0.020014685535495756,0.028113383127459073,0.012440200457507128,0.02697386720823555,0.038154766547741074,0.029727437924553776,0.031840665391810796,0.03403253150368936,0.02656375517174104,0.01914343432133235,0.02862013542601861,0.016437777684525368,0.021687888504190532,0.010307076465707315,0.027784752096235085,0.009444623034505007,0.027247545933579417,0.03003915014239103,0.029695901256400915,0.01584453641193281,0.011396918748827364,0.016567037418800022,0.02071065784297258,0.018112740209812347,0.020371604822702366,0.014245640871632603,0.03147494832164308,0.02684311861838285,0.024821523444428423
2022-07-29,0.010237499182048346,0.03100382954478876,0.022375092785724887,0.01859722979510687,0.030506907946082774,0.027344991945125015,0.01755257164742203,0.026242259186896256,0.008561827518382893,0.010530748571610859,0.018238646468682458,0.018290146595013854,0.030807005756700024,0.01720905484731795,0.022411252448893727,0.004980925117298217,0.02623623257636811,0.012685809709105749,0.018695436153031337,0.008430474802553631,0.026274720702695563,0.014601313078106998,0.030446504872380282,0.023316476743904756,0.023572196786087487,0.009637577497656105,0.01682814566825521,0.021215929038005347,0.019453830300629492,0.020412335311446147,0.017000178005149434,0.01588635080481204,0.026513593629083704,0.026196922639514113,0.012379959224802575
2022-08-05,0.001640314098380886,0.03226351196998201,0.023144520519523076,0.006386894996932249,0.024708971634178553,0.024465469290394507,0.019395956269438807,0.02106466754255957,0.02545059060347244,0.01702540950854378,0.026009891479871126,0.02676838413270611,0.029195725243080874,0.028105657849442484,0.028636698735520286,0.009379298729305105,0.027833483962080467,0.011485216745884937,0.023140953724628214,0.021998481882919092,0.03262218047727504,0.008532459310612686,0.026877171376999485,0.01344750267573691,0.02518472719938597,0.015469601012287408,0.012417796426473138,0.008722596915392804,0.019041471730656824,0.011198226941267311,0.033427590201419395,0.023886413857655026,0.032604620871638776,0.030159994524465775,0.01953917680290953
2022-08-12,0.002774371668669943,0.051430921447828654,0.032616807506020196,0.015050115415032006,0.047502349659531845,0.037222945186014246,0.04470802143257123,0.04136024043493293,0.03697704211502163,0.01573765985477235,0.047486083697637425,0.0323520413867802,0.04042638285793371,0.036029242284970044,0.03940149056982772,0.012395619784861532,0.031460010568938185,0.02712902735359562,0.04490362304157091,0.016270472623382267,0.04418423012181871,0.02718534312082684,0.04151155488717798,0.017805624035454617,0.03261967796988391,0.028079150892489302,0.034405379870632996,0.02687943368620679,0.04600027692627005,0.03205542678752842,0.04991982698781172,0.023297778228052457,0.050295721065204566,0.028605402600839273,0.02016036122499873
2022-08-19,-0.011016080562375324,0.03546771483779405,0.011701567292932754,0.0062067905474127456,0.03230425936336758,0.011864538736315912,0.04443638142951214,0.030938863389046337,0.034094088479054034,-0.0026570602939566326,0.026592232705424452,0.01500561605494477,0.02007650380415262,0.015565405278251735,0.011575733749419021,0.004540890467554408,0.01564185765820276,0.007307051844644017,0.02845266464174181,0.006996617091889103,0.028142910070303194,0.02234803732803589,0.022287637227149312,-0.0018388021704593437,0.027497009892353864,0.014602132498121334,0.027390765570749334,0.02960502782780093,0.028369546484891144,0.028818330117379522,0.0383486226124502,0.014959363725437026,0.02302236908500617,0.006115646251029844,0.0026742008631271542
2022-08-26,-0.0010383748279422142,0.026401213554105372,0.015858330634274973,0.013375777749398915,0.025485591667471025,0.0034432410818552583,0.038784093102619745,0.028169883602823208,0.034365255649885684,0.006553852081840735,0.015027302518550927,0.0016013293579488065,0.004341561138483881,0.0003781752369942297,0.01719856179062451,0.009478179294200119,0.021614253481893525,0.003311939733748777,0.03796291258800371,0.014032694806644219,0.0296758827111572,0.027172130129451445,0.01580512623384432,-0.006355532337304886,0.02396413729628699,0.011919426963317688,0.038152889226045296,0.03133616090351635,0.03578112185363408,0.0293055034917068,0.03602348225868065,0.02071948950344279,0.022205930181798433,0.0020599266706582725,0.017485373172894645
2022-09-02,-0.0006194173041515995,0.042457311547560404,0.034674364537611746,0.02600113142442222,0.037664702931966595,0.020253144688445322,0.048184574317800315,0.024586631821139,0.03667705674878921,0.022188380428866412,0.033859879810293515,0.023186736196060792,0.03469981718534044,0.021053303608571997,0.025582484049212546,0.015416863448979863,0.046361997837817706,0.010422024731860265,0.04813033097018178,0.01877842106075487,0.03300784199616244,0.026138269734042395,0.03641460239761955,0.012185628956996056,0.03431162953610118,0.015759709223030327,0.040934881365830386,0.02365837514932858,0.04237538995886914,0.026008920212798214,0.044111594339182235,0.018625705174382716,0.03673630717464946,0.021237591904968278,0.014204455086952372
2022-09-09,0.006542041788866741,0.022674760553112204,0.02310269420138609,0.017759006686117573,0.03256991653637048,0.018688653489085036,0.03306219756550838,0.021780955270186773,0.02808419255187308,0.009810547480766901,0.021523845677903546,0.017596776122725828,0.01781476034227028,0.0156360360146183,0.014944774518409074,0.004714048481122826,0.03525894751131499,0.016322965773131463,0.03059338654569341,0.009529403730944193,0.021617886305950625,0.021964006121214474,0.02570900295968295,0.01253171715474681,0.0398621873475027,0.021043022793639166,0.03141012870161476,0.017941219136300875,0.03188214837701294,0.021034079851298865,0.03797844038360608,0.01306941156295646,0.019654211794887688,0.00881522594498798,0.011557215906603859
2022-09-16,-0.003728487070105968,0.017420435304299615,0.016593856201079667,-0.0014732105111012813,0.02250130186681201,0.014783007156504314,0.01961329532991832,0.005633838395000725,0.012165869711343412,0.004357004464919807,0.021609778868672366,0.009510257340762709,0.01924300927761178,0.011556870618111155,0.010946186491648831,0.010015065212602687,0.02456897805953623,0.0057419613605964774,0.023388752701312302,0.015557420345154518,0.013676642421531533,0.004455859747750207,0.007121020639967947,0.007461959030184209,0.005668662415088709,0.0063960350927329546,0.02088633793523158,0.0014923075543753334,0.024929013493026564,0.003454528750784739,0.012832159934397834,0.0020256205716905644,0.01718151154006444,0.007226475636282783,0.0023834092942074613
2022-09-23,0.0026019456838529322,0.01566917140763307,0.01901015272134506,0.0009463114102876252,0.021193475778909548,0.01995667840699163,0.009417473451417663,-0.0010665913117839083,0.005808362155332424,-0.0027366534595192073,0.01702053458828053,0.02243655856135694,0.0170242486945025,0.02359293124854515,0.0018132695126403236,-0.005509376604463384,0.01776906984224795,0.008496946509324912,0.015087056599263562,0.02473701881515297,0.00879121800229684,-0.00869593689267923,0.009416330649503202,0.006488472144671897,-0.0030689231161467366,0.00795254424732687,0.002097112938142853,-0.010300573630812028,0.007805551351080201,-0.009929591559332391,0.008180961779978357,0.014712503271801255,0.013385281698402168,0.009451186107894057,-0.008456377041361793
