,lightgbm-gbdt_numerai_1_30_10-all,lightgbm-gbdt_numerai_1_30_10-baseline,lightgbm-gbdt_numerai_1_30_10-high_autocorrelation_small,lightgbm-gbdt_numerai_1_30_10-high_autocorrelation_standard,lightgbm-gbdt_numerai_1_30_10-high_calmar_small,lightgbm-gbdt_numerai_1_30_10-high_calmar_standard,lightgbm-gbdt_numerai_1_30_10-high_drawdown_small,lightgbm-gbdt_numerai_1_30_10-high_drawdown_standard,lightgbm-gbdt_numerai_1_30_10-high_kurt_small,lightgbm-gbdt_numerai_1_30_10-high_kurt_standard,lightgbm-gbdt_numerai_1_30_10-high_mean_small,lightgbm-gbdt_numerai_1_30_10-high_mean_standard,lightgbm-gbdt_numerai_1_30_10-high_sharpe_small,lightgbm-gbdt_numerai_1_30_10-high_sharpe_standard,lightgbm-gbdt_numerai_1_30_10-high_skew_small,lightgbm-gbdt_numerai_1_30_10-high_skew_standard,lightgbm-gbdt_numerai_1_30_10-high_volatility_small,lightgbm-gbdt_numerai_1_30_10-high_volatility_standard,lightgbm-gbdt_numerai_1_30_10-low_autocorrelation_small,lightgbm-gbdt_numerai_1_30_10-low_autocorrelation_standard,lightgbm-gbdt_numerai_1_30_10-low_calmar_small,lightgbm-gbdt_numerai_1_30_10-low_calmar_standard,lightgbm-gbdt_numerai_1_30_10-low_drawdown_small,lightgbm-gbdt_numerai_1_30_10-low_drawdown_standard,lightgbm-gbdt_numerai_1_30_10-low_kurt_small,lightgbm-gbdt_numerai_1_30_10-low_kurt_standard,lightgbm-gbdt_numerai_1_30_10-low_mean_small,lightgbm-gbdt_numerai_1_30_10-low_mean_standard,lightgbm-gbdt_numerai_1_30_10-low_sharpe_small,lightgbm-gbdt_numerai_1_30_10-low_sharpe_standard,lightgbm-gbdt_numerai_1_30_10-low_skew_small,lightgbm-gbdt_numerai_1_30_10-low_skew_standard,lightgbm-gbdt_numerai_1_30_10-low_volatility_small,lightgbm-gbdt_numerai_1_30_10-low_volatility_standard,lightgbm-gbdt_numerai_1_30_10-optimizer
2020-11-20,0.02987782571077477,0.08032719002159625,0.0738682344369694,0.04809481951016109,0.059383858057747145,0.045132953814561935,0.07825354597328728,0.06255819808092214,0.07658987345674677,0.03919453864122293,0.06754128638818765,0.04497774623733481,0.0766317222358478,0.04979064950958967,0.06846665833869411,0.041282572461629495,0.07585362862021246,0.03777285485436109,0.06423053402892567,0.044001421562800146,0.06607422971451107,0.036642790980813356,0.06880820311128664,0.03571962159762798,0.07828188567281882,0.046638041483982935,0.0780984852338816,0.033772552085772144,0.07295519686346115,0.039423605642617744,0.08205693922336954,0.049026064973523846,0.08184020659897295,0.052293206499828,0.04459640841514105
2020-11-27,-0.01146389615627332,0.025923573747475247,0.03858376857975036,0.00977785011221027,0.023155824317474906,0.023622174396168746,0.04415374729225181,0.032919911379832446,0.04105822006906099,0.002996143515833291,0.033137222693296504,0.01566394434869742,0.03983214963849683,0.01886015914712661,0.024032168407570907,0.010677374075742447,0.03366572380764106,0.003480602870649138,0.011076792269889365,0.0002971370026098452,0.019054000838736547,0.009790019545764259,0.025381671664182655,0.00843964704389867,0.024890692969962887,0.004449666454489808,0.029969258365617632,0.005744841882735514,0.03514807671388379,0.005931584738105627,0.041383462668212155,0.012334735026428232,0.030888630095779534,0.016470024447440057,0.004681320314642476
2020-12-04,0.01974663783727596,0.052908484016732045,0.049024415365734854,0.03326117208894364,0.04003590393905213,0.025645689849679725,0.06219382366692175,0.048548771146600785,0.05010305973575063,0.02081263285966897,0.049820749295623905,0.03175158744423337,0.053656663962233904,0.03544764057405962,0.05324699759035958,0.027983231793336033,0.041732353946371765,0.02698695192545494,0.024276541712099732,0.016871354877064634,0.04705255456244642,0.04430089022673051,0.0439698510497387,0.03311915441336057,0.055841263793723755,0.021849304394390957,0.04935890436480561,0.03324708531545464,0.05405957443253697,0.0347826873683436,0.058642519321824495,0.03477593146677231,0.05569320892950253,0.032541452957724426,0.026257314555758797
2020-12-11,0.01981932873163017,0.03396159189840374,0.038603381202728056,0.023467182150963502,0.025878508683529113,0.03230040696424634,0.0491147091976983,0.025142736960317314,0.02552428492915622,0.01291805329971126,0.02775991534694292,0.03340271957477685,0.03195552724176338,0.03246321964111637,0.03888709998920419,0.018373835313505765,0.020655902738260637,0.016718950635302425,0.015254202848435134,0.020075723303640297,0.03175349794620379,0.01648903082031379,0.03451791562321621,0.038163362246456695,0.05007318034762015,0.02250729523863407,0.028257697409442978,0.011941177238491047,0.026127541291019893,0.010819468682976889,0.0431857793872954,0.02789228913205031,0.03309111026887168,0.03271819845071892,0.023209371816545823
2020-12-18,1.4744040763149734e-06,0.012660216385288477,0.0015713636967524959,0.005581040687125393,0.0004892915241798095,0.012009442459819143,0.02353717604499378,0.006238063227414462,0.0018934858825663786,-0.0014920267155036598,0.012939159544506895,0.005814979467232583,0.009040694747318235,0.008108730951657067,0.014956003901457538,-0.0005524802703072042,-0.001800528216041196,-0.0005411062960042612,-0.003999075322967059,0.006032910431654187,0.008196071840748715,0.008127125897751929,0.011992030449775155,0.019346779240696547,0.02077624909753408,0.006618880737408898,0.0069631891940853,0.0025099272058980923,0.0060389484673952455,0.003876348736044069,0.015352829227137583,0.014812495238030424,0.020845756718274225,0.008105922562940286,0.004898180970641986
2020-12-25,-0.00200319991419737,0.06890727075165275,0.04558819918218173,-0.011594001885182979,0.006118775892031397,0.014174516296543784,0.055841355170331,0.012898502508817206,0.030987923968672965,0.014025486642681955,0.015422043248362674,0.013514828534957665,0.0293425636188331,0.015189096708427979,0.02051880127874086,0.007707443228537762,0.0038890845829818517,0.0051795522825236456,0.04862309967565604,0.017914290567181954,0.04908660715842973,0.008054617770585,0.06152595239094195,0.014806839856149615,0.04566004775353504,0.0028521918217906577,0.028447122732493797,-0.011097096043069285,0.023938624880071164,-0.01076297212042803,0.0384415116003783,0.004446752986415862,0.0764731214880161,0.04842649840912084,0.017081436522294997
2021-01-01,0.008551849719120475,0.061642771658119225,0.05686485764931022,0.011466182063434631,0.022324943548052416,0.021662569864384036,0.059848545566159636,0.03953407464292962,0.0500790580937387,0.029453186243016752,0.034282906959484,0.030785903908003696,0.04540916281962587,0.02898014208598696,0.029983280951648116,0.023227404969710777,0.016159428911364772,0.021557417867314473,0.0505918139092363,0.021932441346224872,0.05136563193022439,0.0016417414861621973,0.05479495736656949,0.008425863084333657,0.039628319916898906,0.0026959182227414245,0.04438910455018093,0.003125894806503354,0.04472469603019024,0.0034595286695459316,0.05293144584403448,0.006060082980051382,0.06674718775688426,0.04212847644296824,0.02926469569507819
2021-01-08,0.005698171859711539,0.03954814724984754,0.04423806092840477,0.01320877193865996,0.018499464161094728,0.023338128237906756,0.03992228496830322,0.038784905864595924,0.04988681178667005,0.038343318775616794,0.026645298126238556,0.029259181853436622,0.04137540162491236,0.030948127176102083,0.021224858373246232,0.008523243359287086,0.017870494908885478,0.028738242733966253,0.04165355137389735,0.017423339256363107,0.04809429118210029,0.013458382799485795,0.04134226867183009,0.005922167328238472,0.019773551499788607,-0.005024375670979195,0.03230128811711001,0.022342886718640757,0.030572109922844627,0.01808502381938889,0.05016885953013533,0.023132787457249712,0.04595276085745774,0.021105969541597994,0.014281973347531387
2021-01-15,0.025078570928734566,0.053291980668525085,0.06598915788715982,0.03249949173085492,0.02009620329799651,0.026068192801491755,0.05016473945699471,0.04594461826593762,0.0606422436173645,0.03794641803804222,0.04266839521231078,0.03047452425001349,0.05368974936054284,0.02980220576108142,0.04503442584276661,0.02070180104927618,0.023829801843066583,0.03488527612007739,0.05332865617581537,0.01973925425846488,0.06809189715950915,0.03752454405710969,0.05811251925167452,0.01861536208136371,0.04504381923854374,0.023396186117412617,0.05263727461898263,0.03758822575495182,0.05453128711163679,0.035506897899447526,0.054328914687908486,0.03348883732726573,0.05651011644263158,0.0374353067972268,0.04015234652576695
2021-01-22,0.031826143641663196,0.026196716228029163,0.04743116208940685,0.04764359849503782,0.037253015515484975,0.04723793827860041,0.020672134483476618,0.03482756265171137,0.05171557073527147,0.038842994970032935,0.047216941657113626,0.03653679742699145,0.05803912185611695,0.03884875874848029,0.05180463483556508,0.054462148398254674,0.05153552127520184,0.046158739380743906,0.04231141726713679,0.031211477840099183,0.061689377639952726,0.04023192834302447,0.05265685064885207,0.039568682123118544,0.02197282715309561,0.03938698586920676,0.052000054371494304,0.05451745322478517,0.04659321848941807,0.054885099950034114,0.0415396198864724,0.03356515793892122,0.03135570953410317,0.03407964378175747,0.050140275192482237
2021-01-29,0.03541303841188228,0.02090474266916189,0.022844805399921116,0.03563152692814847,0.034872234758625734,0.03525421248480363,0.012234876867086705,0.02672904568909817,0.039262989856698634,0.04236859906813357,0.034192904174152085,0.02700198489020912,0.03804738174642408,0.026725891115416994,0.028743309562221566,0.04178267129569839,0.03658557973363986,0.04051082948067228,0.036078790613989095,0.03174262335613836,0.04346611639842998,0.027650866980890504,0.04202187027395843,0.02552838751496484,0.015802288234371145,0.029187555829758436,0.026945614030080188,0.04004038653604383,0.02768447004836398,0.03883396783605792,0.03336640586968242,0.02620538645802196,0.020089079556342516,0.029564870273103293,0.044071520234462036
2021-02-05,0.0024122926555706498,0.03462962030798784,0.03205732503030724,0.01234299098971414,0.006881408151541292,0.015857157914421244,0.00499068118394638,0.005382300471846272,0.01472598066360277,-0.0029439911502962567,0.0047392780326931784,0.008496495389575918,0.013723928233934498,0.014698183909951135,0.021672019690629638,0.016797044205380952,0.02236419993550161,0.00865245845563114,0.040444413492948895,0.02754781523715811,0.04338279052058642,0.01673898596130069,0.04659037157619991,0.0158492159848065,0.02001284105025105,0.01896751879716448,0.012465953968921858,0.011083921286133953,0.01390467559758059,0.009678884393427454,0.023487435256705352,0.008527304599288316,0.03584247607066258,0.028457576967510126,0.02905322168861656
2021-02-12,0.0023411554829223264,0.060656451033775156,0.0505244607207366,0.030053612331828322,0.017809407188375675,0.01185315231011931,0.028622106319150284,0.022757807942514866,0.027765430313650696,-0.0003519339670603199,0.012942096584114906,0.0028458975213615967,0.01639528733848566,0.0071391930948246345,0.027213962962718673,0.02253409692601608,0.02759645854405477,0.02224980599855284,0.0515400571204703,0.03285916852234589,0.065565393143916,0.028634330964860604,0.06690385601979884,0.021867989564200645,0.029667177697985554,0.028348681743429572,0.027945540093782684,0.021254448178939546,0.03477395552877172,0.020659107932847146,0.035456498247597716,0.012694887081972963,0.06070147827457479,0.03319860618490231,0.029573591243603235
2021-02-19,0.00019348887789886324,0.0818335074099106,0.06777284008037833,0.006837421709105492,0.033063922582033105,0.02525620506839056,0.047318689507265886,0.03046370362640975,0.023257227341775037,0.012228497083208363,0.01640595590246206,0.01515852971210636,0.024203082445945937,0.016915001378421963,0.032477481554913666,0.018600730795344356,0.05197029791362335,0.019585962583438535,0.05711167079898515,0.02135533350828072,0.06728904999479685,0.02522375324957104,0.06810591251370178,0.021494509718699192,0.02844476599449518,0.019511282665652996,0.04883007526157622,0.02585092877730075,0.05314983326962854,0.03022065443943502,0.046509973888482964,0.008202977951231035,0.07984179370286308,0.03366231239599822,0.02077011451617959
2021-02-26,0.015111998011679516,0.08287967502859793,0.048226604649593545,0.013904868836639323,0.023558517129907995,0.03009014889049004,0.048929759086607946,0.023964594571965814,0.02659021900642508,0.009801035854349022,0.011171327189335748,0.02505202636161785,0.019186177456187004,0.019629761884390206,0.03697518582738776,0.020670885409559484,0.03775809338656693,0.025796208296112615,0.04456811635117394,0.027005774748230845,0.05855889920481413,0.024247318713018415,0.06224324972111741,0.028204238049215777,0.0464422470199043,0.03307161577834305,0.04698494738261445,0.019292063604799608,0.0515721736520493,0.019040482448633086,0.05471815674267002,0.03125408409953606,0.0749179029526162,0.03278212142318478,0.025640899584528642
2021-03-05,0.013956843752723177,0.10784466789850455,0.06244407976568124,0.03576165002244998,0.06210954834410044,0.05219172287595511,0.053908573486309445,0.024427891519727636,0.03877859312307892,0.010455111322181373,0.05128856838950973,0.04107665525051113,0.06283137555079393,0.04282819106430401,0.0571115310563442,0.047737553507750274,0.04108174419927818,0.024818937056563448,0.06957275955037491,0.037096695555571865,0.08959455887577579,0.03030924317767872,0.0860286789068284,0.05534566583418097,0.0626177736222826,0.04323249465187498,0.06270093775871241,0.022657205188206176,0.05845595096877378,0.02720766282387162,0.05649121498558281,0.02747603791148083,0.10250723069332485,0.0777066406362636,0.015200556047447125
2021-03-12,0.026678825300713388,0.09709824444003781,0.06456997438632481,0.04343399087583922,0.0717684702177895,0.06741511321097202,0.06443386949291874,0.04129483786458896,0.07322616562366106,0.027800190984681547,0.07468479416788124,0.04965402449613818,0.07182605818444117,0.052131240200510534,0.07845520631782837,0.0544319594515337,0.04911467053069176,0.038681250655853844,0.06425297395878364,0.03672872531430824,0.07099636488712567,0.036854165769445425,0.07736010181309723,0.051808907553834944,0.059774976329699164,0.033983432292952975,0.0776449756203535,0.04063217633165914,0.06563908432277567,0.04049620474373148,0.07351010629256886,0.02551120261575412,0.10332547619362543,0.05987602188229639,0.005964487018281934
2021-03-19,0.0299684381609637,0.0853411413503643,0.0620111764001294,0.04936366567049483,0.05742388614885761,0.05264294347991756,0.0633100742329614,0.05285614607344862,0.0665610835448527,0.03318391370726653,0.06874343797343169,0.03722247807655078,0.06385153484689188,0.042981457921763354,0.06521370655971233,0.05915830377776879,0.04323230781340862,0.02604823161311927,0.056264349366939664,0.04075987104567588,0.057984500651302326,0.03732590907452771,0.05400471890538942,0.042650029602575384,0.05916583323739163,0.046889907944933536,0.07399635887451948,0.04612295982966635,0.07868390982497969,0.04535865363005627,0.07082222930825086,0.03555675025472518,0.08682285938992516,0.05419559731161761,0.014413499250648573
2021-03-26,0.0037170075393180278,0.09987728186063267,0.07350388004326741,0.03544263389127143,0.0662719549505646,0.046389460047868855,0.06388729311655235,0.04551487778301249,0.05099382035929768,0.019196442188234387,0.06960769043824572,0.03350428153759384,0.07443770692940711,0.037251043042267486,0.08164540755474067,0.038592077958694855,0.06021320501398628,0.026161634830448133,0.07503081141581056,0.023231527516487088,0.07829387350138405,0.04228486103064368,0.07497591140008793,0.03573451239212746,0.06265039707886971,0.042386103505681255,0.08269232584017466,0.03812154401099101,0.07057943388200677,0.039068009749671194,0.04302739361739514,0.021703806215660183,0.09658808593482984,0.06338055412250863,0.0077746058236583945
2021-04-02,0.0021743503468541845,0.041722910294633604,0.01870049764487835,0.010023731289345613,0.03684966956608664,0.024244178326023196,0.024478967951626435,0.025168389657904806,0.03455799054435355,0.00650916207679447,0.03520190935981078,0.02352353952022797,0.03225771359266876,0.021096939136176385,0.024005684976748456,0.019126558142944852,0.03319039057865665,0.011534321443931012,0.039601403978156695,0.011980884698036117,0.03584992872647572,0.018818355423138918,0.017700227701885795,0.03301208273904359,0.03279409214580744,0.02859750867432092,0.05004841797281521,0.02255342846998898,0.04345446707911275,0.01981875764197685,0.03438285732503033,0.01941558086516633,0.03887269634579147,0.0032176099396050597,0.022451576069023073
2021-04-09,-0.005855344053505044,-0.015767517230459778,-0.030465675666627084,-0.020447466297873407,-0.02493485677101643,-0.026450718678539445,-0.022346064153944523,-0.008082171390512146,-0.013730602542693576,-0.010113331092571905,-0.023651308837102297,-0.024616417286690385,-0.02883828717610167,-0.03036592353900689,-0.022628121894111987,-0.03212706455078437,-0.011072883057597589,-0.00986500915153326,-0.006082366137054489,-0.024085640713729824,-0.011870767781307766,-0.009893320763351195,-0.037044553388507345,-0.020733625252836944,-0.03326376253554937,-0.026365386951331157,0.002300781500587594,-0.011454296033630835,-0.003962434979247827,-0.015736890361474028,-0.013782595362527449,-0.010277379684414145,-0.016763252438499982,-0.02466430889172821,-0.0060516731747098035
2021-04-16,-0.01681841039990743,-0.01577895475701312,-0.0331906134934865,-0.03380822567806708,-0.026123001406478337,-0.02316937050365305,-0.02835813158313234,-0.019624273923099247,-0.030458303527449132,-0.017463093462794406,-0.024684019158162207,-0.023889323813538303,-0.03268603873246822,-0.028362621387339276,-0.022191121398805313,-0.03973780445168731,-0.011840802171218025,-0.012624537111454441,0.0017638327879928915,-0.017901773744422953,-0.019237490495980045,-0.019331512278195424,-0.021190687379052806,-0.01306493408292681,-0.032767779579647056,-0.013891850375388554,-0.015314325990591023,-0.021038562248277347,-0.01878190742204312,-0.0241816892992474,-0.023551796179630255,-0.005510310292533329,-0.01793293826774153,-0.026869629435475252,0.0014902188375009301
2021-04-23,-0.019258786824613964,-0.035104223390486224,-0.04065178891626367,-0.02774015165750834,-0.02680707141509916,-0.027585213603596614,-0.0275680867750151,-0.018029505384023967,-0.030790851402823845,-0.026087346316337075,-0.02537107313651388,-0.03234554258646233,-0.0321547576820312,-0.03302875700413982,-0.042973337168791655,-0.03777806639962361,-0.015986500436643215,-0.018021937715580996,-0.02278558585127258,-0.031912725057968605,-0.04494677267294212,-0.023594795310220185,-0.04485144660378306,-0.025212948695889328,-0.04865041616216318,-0.02158657508445455,-0.015322669871468814,-0.022618035016622556,-0.022745888783475148,-0.02502070336421483,-0.02673617431073853,-0.015504559446326593,-0.03935360186300856,-0.03884112466669394,-0.01723503296362326
2021-04-30,-0.010982627390925068,-0.0001360931022471407,-0.012815885415207057,-0.016707130238019653,-0.017800369628040713,-0.02765393321846154,0.0049868636939727545,0.0038132507188086725,-0.01317650900117774,-0.009668625028553895,-0.009083272668334641,-0.027028658452464008,-0.006610330797823877,-0.025031084036187305,-0.005877847187170099,-0.02240347589163485,-0.0030712491835984757,-0.011912211355934496,-0.014006815725327951,-0.010776934465789294,-0.01530574804048479,-0.004202163691655338,-0.010217227624513698,-0.018690956541048208,-0.011567318784161229,-0.011342722203309265,-0.0012845232349255936,-0.000310918868842749,-0.005914993531619424,-0.0028155871545415597,-0.004428082206473478,-0.013789225394496674,-0.009000916182242366,-0.007543880564731824,-0.030103212470977903
2021-05-07,-0.011586539566072787,0.011516240661541898,0.010675767270478101,0.0023443143723797326,0.0014010760193980507,0.007889649488595576,0.009172787585240925,0.009717157233182599,0.002157468899254671,-0.0028859012154025068,0.0060650570634473945,3.206851382713835e-05,0.009805809447027027,-0.002268251037930246,0.015428002984812051,-0.0006038686673977981,0.0073452798406539056,-0.015432906022050084,0.0036145985605902293,0.0004995797401996276,0.004097481471276553,0.008523598952021308,0.015264745096237523,0.000882149159286177,0.012383084345473326,-0.0007420813117023616,0.005938240667858261,0.01144382142809005,0.006450674316492721,0.010296775743430112,-0.0020562278060152757,-0.010369261185841038,0.006315907049706784,0.01690196199018087,-0.027180450729858308
2021-05-14,0.004118583097259553,0.025362196396180887,0.03306021485825419,0.024810026736567212,0.018700882619530693,0.02072140735947453,0.03037264854297709,0.02578906305669784,0.021559594263299703,0.01704284581136163,0.029868381057242044,0.015166758161534781,0.033330752039006886,0.01540208298821114,0.03188717839868402,0.014837489431718871,0.03230919514036897,0.008565438348276258,0.0307181282433489,0.0055427567236384844,0.014482442601182909,0.023998548071116954,0.03098547638071356,0.016653649641211965,0.03377535783802386,0.024021668635680265,0.03326431363508921,0.030134134672912687,0.028478091016861124,0.025278683237802378,0.027206725719492827,0.01578622983966303,0.026084581077323567,0.029481178039209938,-0.003798349990376442
2021-05-21,0.007528279191762902,0.037528806407370226,0.05539425433307217,0.024457696699671884,0.009587213872925585,0.016304022748811632,0.04073751233530706,0.050315947804553264,0.04026294651215534,0.03813644472388472,0.022134079846964375,0.01632397366626477,0.037651105405308305,0.011846721777550381,0.04158835246162473,0.04371272615203366,0.02740431420138237,0.012014841508622065,0.03045773561452527,0.03468839416351897,0.042879575839191095,0.04530042016295348,0.026379901093222472,0.024611983794642717,0.05148932776302976,0.025137623966474443,0.03988653920287301,0.041644348036609845,0.04221281617790761,0.04351694114876033,0.028630763600284225,0.014541824713235115,0.03980234633122079,0.0374500001573808,0.013168270549645504
2021-05-28,0.023298226521169023,0.05598330157149251,0.0733407357676223,0.04437319956516024,0.0446900844181776,0.04293483525123335,0.06106637407436162,0.05979803579291499,0.06492691034042758,0.058172736044687076,0.05470910471427006,0.037174188171129434,0.06680571797106938,0.04030762015890656,0.07186668862150689,0.05616943793607422,0.058598133988128416,0.034110790398767084,0.055942292743113096,0.03827210098540708,0.053886002965802364,0.049324991400692623,0.04773284473162494,0.047552300252342784,0.055316644875748215,0.03919333052239315,0.05241488500740394,0.045501336270881154,0.05369387488054865,0.04950367185142759,0.055021995220400646,0.02540697538759266,0.06134597835643573,0.04392729730770016,0.024131447281749853
2021-06-04,0.0043821007392486925,0.058752748343025844,0.07501187315124626,0.028654708796747728,0.05266410560884619,0.03911505686775806,0.050479785450813094,0.06088429275634352,0.06802724623469003,0.033549771603615074,0.059673654299017546,0.03316981450962163,0.06745591124277499,0.038172294158915744,0.07424156378496008,0.0474409283279656,0.04039646250042973,0.024962021613173544,0.04928167451605305,0.04205822504164474,0.06464947964497995,0.04105948829580584,0.05098848282989867,0.043056028886867076,0.03825812101564381,0.015047820217429822,0.05508165092103168,0.03950607549763417,0.05642729342473275,0.044521082669494144,0.04075882775422422,0.018352554016011068,0.06679901593716517,0.04462876605495423,0.005524504180045509
2021-06-11,0.002929155367337634,0.04958458486635849,0.04137484124305523,0.01503635738366839,0.04191420807031312,0.03838255438635664,0.044344869778216264,0.04284177062438651,0.046739096733602596,0.023113345811603563,0.04679937968776677,0.02527889501119347,0.054140651094880705,0.03698862700006814,0.06120740320303166,0.03251907654132443,0.02537508275783785,0.012448827504929264,0.030589359558025133,0.02461485508532352,0.04135576268173732,0.028994047357825518,0.037633058404583614,0.03229993806618699,0.014493413326163376,0.010496719710083249,0.04851962996659673,0.026269390319614054,0.04688139100343189,0.029821447464979965,0.013395203640302196,-0.0007526094969881025,0.05958665292107489,0.02861896814191614,-0.007490388912414559
2021-06-18,0.007805177444349722,0.03692418887205687,0.034853100085210094,0.019614854427669734,0.03158290408090369,0.02788669890315654,0.02330480455038666,0.011991672467443789,0.03144090102309013,0.02083259386440276,0.0325185006098909,0.02373560482980795,0.04412362398509522,0.03208943045207372,0.038621970370329516,0.01893451737842611,0.001961225924526361,0.01213154614482153,0.02336003535544067,0.028204908192033994,0.02544589657860096,0.016737662200048853,0.03681918365885568,0.03602106525425592,0.01876256990823387,0.02152064991772624,0.02438080710186059,0.014564230206465568,0.026007919927379483,0.01736729337766457,0.020162371372229263,0.017547092938213913,0.04496220061797552,0.03370283539103706,0.009724547734684548
2021-06-25,-0.007793931440497606,0.0004931162144238858,-0.009362768589478803,-0.018248685569227915,0.0008621567389056712,-0.0074300026468823895,-0.0016416627393854128,-0.004388057155996459,-0.007350339284544138,-0.0029286243579597793,-0.0008330796116522125,-0.013593556990992493,-0.002600278532855641,-0.014190899436258784,-0.0033167177048176004,-0.0029302176252065577,-0.0026490059561525355,-0.006335295276084314,0.008318249136953827,0.004359378345554676,-0.0010455152445541993,5.901727426557697e-05,-0.009769051737403864,-0.0019206172798398378,-0.001309466518434921,-0.005141008702363449,0.009743293916914487,-0.0025131799233658256,0.010289784582554855,0.00430746438776425,-0.015420105117137928,-0.01154926234112253,0.002189348355460852,0.004960969503479005,-0.01563028362144032
2021-07-02,0.003180210316591204,0.0026630040062875235,-0.004321889436028591,0.003031481734021561,-0.006333470265027925,0.00040545926084518215,0.0040118598907080884,0.002146733915947719,0.006364232471854377,0.016047372688469654,0.000705190154315091,0.0004521375659861869,-0.0007219087449816422,0.008712592591240697,0.008954945281543008,0.0005765238805453196,0.0027052685929358482,0.002710484793223801,0.014907566051186923,0.00781513864426028,0.0023214097512318475,0.007007162594527237,-0.0027127585215544533,-0.001428904507088719,0.0017319791186919454,0.0014160646294568095,0.0029898858804431982,0.0012245364547808096,0.006684426920300145,0.003766297230997792,-0.0027221209323277204,0.0012750934729564597,0.004689564681967369,0.004231074051527883,-0.006319827895044021
2021-07-09,0.008947601884676974,0.023876512450133638,0.01009487428157838,0.007156851762192079,0.0026598594228056543,0.007730020122661974,0.02325315166139586,0.005425316561276234,0.024651051548008344,0.02025190418060511,0.007432475166877001,0.011937888589917707,0.014026317336182115,0.01253391417744926,0.018318931311958817,0.011132939926963004,0.0034742985133707437,0.00351092354386718,0.022618228687461144,0.019226536994699187,0.019422226938665566,0.00853069140979227,0.00971873254502,0.014250344894985176,0.013099062458248403,0.007720663363046104,0.0104565798747294,0.005696127918158693,0.01082363218766091,0.006775630641842215,0.0016171153976130876,0.007072774593643671,0.019999271670976353,0.0245945099863295,0.014831132331142314
2021-07-16,0.003377053449662315,0.010891072681327192,-0.007237900331608109,-0.0035787065273697512,0.004298341731026361,0.0062269587243887385,0.007457082641684262,0.009491945516731905,0.006459789749744356,-0.0010263967701093564,0.007232012650507175,0.008743808584109336,0.007627156338941157,0.01137961636425588,0.004352802781210117,-0.0035295979145504837,0.004885905542714013,0.002688060949917434,0.015439975348963303,0.017708070682168904,0.007429785211125327,0.0033890964337324383,-0.0024826611660548744,0.004796252216858696,0.004428539769917758,0.0030612596451569996,0.006263087676599102,9.493885775276807e-05,0.011393398890469463,0.00452903178143618,0.004185405302635482,0.018868746724660077,0.010573405486228522,-0.000611582874360832,0.003318711882389312
2021-07-23,0.009485995378174105,0.016111652295828113,0.0011461293712500265,-0.00023639880136763907,0.014474659129876851,0.024320706008237557,0.0075102286624130704,0.011701707211881449,0.031429799427458154,0.014211964056520112,0.01723168607908497,0.026636785292284974,0.023403347512129333,0.028461465539467417,0.021196334190784788,0.013559040336241186,0.013885435284747087,0.006376879413173013,0.01990654554228135,0.015771674234804772,0.02411127259519462,0.021002022806926417,0.017721345413477387,0.024566806996471395,0.020595066251614228,0.02314292743431363,0.014852174566422634,0.012875203441257525,0.01759407948644617,0.015974015014690358,-0.0016365916452451587,0.022535637448122665,0.018996279679330492,0.02989845978180296,0.018332650097681962
2021-07-30,0.009891234061757126,0.018775261158215307,0.0046239343508830974,0.0034239617072590284,0.040226737698245515,0.03574825868475607,0.012331033840332139,0.019014388028758947,0.029751377775510488,0.007434218227404852,0.04517506591901024,0.036454116971623506,0.04804486041353371,0.035672074248954355,0.014263841110191165,0.01877783671118959,0.023540583984245186,0.004559001353109036,0.022083319420422458,0.025788567078372827,0.02014441197331954,0.011084022052182823,0.024636175817251256,0.04003492101379813,0.021248679613961388,0.021325135168751702,0.033668911601548925,0.012108716269665245,0.02677096673363081,0.018691214194326074,0.0053985213013652425,0.026878329853123627,0.02584333311407372,0.03222832085552622,0.016871599102215147
2021-08-06,0.0001949644627532668,0.023292294642827307,0.0008148068378115594,-0.011683138307158314,0.023457867062478162,0.011011608924804165,0.008267376988220762,0.021641055365612574,0.022149489476240413,0.0007315184478166911,0.03081322278983869,0.012590606826443255,0.03430169406981677,0.010533972771891451,0.014687679938516685,-0.0013789450806546326,0.023102083698786257,0.0006551930743487185,0.014155946503356508,0.028748688389612132,0.018309118053325812,0.031206633223608674,0.01904344848858605,0.020611867961270815,-0.0002003206293124236,0.011913989085857914,0.04541520406340889,0.02919458925566185,0.0309483320912934,0.028371480359683596,0.014119390666590265,0.019899899521395037,0.026846311931964028,0.024676796667178015,0.004467980239483684
2021-08-13,0.008239428410671072,0.05250618404980868,0.0259256624643532,0.015575139400833734,0.048822123307136124,0.03260940588686332,0.028778424018109903,0.03744671475824545,0.04393935960121062,0.011825115551000825,0.05490688497504146,0.027195977159907132,0.04867567267158052,0.03209326489580513,0.04327972657329485,0.013903396654652176,0.03462891846182986,0.00968914177273665,0.04749075389299429,0.03115108569222149,0.04529950811177939,0.04400740737126677,0.03515675936592146,0.03889481433920299,0.026149709074854224,0.02895069515139433,0.0695237073612111,0.03996327191449159,0.04880746479540468,0.03983201771770347,0.03321591861997242,0.024379256717563573,0.050261347091999385,0.031482179782889905,0.0291887278648318
2021-08-20,0.02241203849350233,0.05539593588935846,0.026722092557192052,0.008805860754506616,0.029752098038008226,0.028234534122044703,0.0468951244203733,0.053759883701272215,0.049791274778738626,0.023510378410652,0.03126184362859202,0.027030646812267578,0.0405657856292778,0.02911355653241942,0.05248104830681971,0.020963221921395703,0.036554580313295615,0.020513668212056704,0.0497325025396766,0.038045723681423955,0.05349230825508392,0.0578258172949131,0.038192249882938636,0.03101381399585324,0.034229032908942844,0.0268358626713396,0.06798236115813837,0.051985123840055644,0.05585964326060462,0.05035055464082184,0.027471573403946105,0.01896092183188401,0.051219197550261296,0.02868530101980471,0.0386551486649087
2021-08-27,-0.0008910852728238461,0.03485877448242746,0.013640448771776956,0.003928728420528448,0.0014967743820687273,0.0021999851187735073,0.021687944290477698,0.02135317864836491,0.02837189538972834,0.016039670169674555,0.01131751336262747,-0.006432504905841498,0.016668759059155987,-0.0029544589578462768,0.023702219014656918,0.004549431261601412,0.002914692857328639,-0.002708964153630249,0.029815377786749597,0.0019764022474957526,0.030497488143587895,0.020774406049334358,0.01582758430024715,-0.007576118442836883,0.009806401542957163,-0.006031597688377941,0.028328071523851747,0.016661184563819313,0.030249829197847085,0.017829009434123067,0.006246794511247203,-0.00021316794018979679,0.028881280201120966,0.013745680153418866,0.016811051364409583
2021-09-03,0.017532598415715046,0.023835818312202255,0.01442814350297776,0.023169293380967293,0.021262406288879588,0.023512595254810507,0.007868089539507623,0.013402023802073445,0.03656185238147751,0.03041257080585126,0.02476816878789753,0.017189026118970028,0.01769228313923171,0.021687105456166526,0.02572695318625207,0.02460888969873356,0.016889803178121273,0.023444448683555302,0.017640632364986693,0.0179160580904765,0.028532455581042403,0.02362941794839086,0.022665630726352907,0.02652875709010798,0.002536025973140267,0.014939242787391827,0.02813263532072166,0.019968973549539654,0.022640210973583118,0.022332875345680153,0.024536957206853074,0.014956414641656535,0.02835330040859568,0.025501285274694654,0.01746364057575442
2021-09-10,0.016800193357348246,0.044196288083270974,0.040131598324518285,0.031197515136678615,0.04411245894762799,0.03337909988842802,0.033226203421563245,0.03264441137404224,0.04785375017314352,0.0375965505271381,0.040586495784393314,0.0350350945711763,0.029672884114567064,0.034675401908649366,0.04563871508719074,0.0257922390676132,0.04506193381847753,0.02358668383345893,0.04482358325897173,0.036761917289505,0.03814773619599528,0.02267824317825158,0.04913298846012751,0.03600569596889111,0.031263603246359746,0.024021402751648494,0.048647890900951486,0.014651246381076607,0.044777131985158945,0.016149875523969345,0.05358404973244413,0.026952437501298537,0.04215879691840601,0.0446199018717577,0.01679626599017456
2021-09-17,0.004317762410622691,0.04119057571489337,0.033448050529145845,0.013864971880098323,0.03938127084678316,0.021000545121799,0.027037177574971136,0.014543605526433362,0.04761388241985404,0.026426488827147834,0.04506608461546165,0.0254139739495262,0.04666047960393761,0.02822526207034708,0.02308930719184626,0.010722248544337275,0.02513689465339541,0.025563724505846028,0.03295789603128231,0.031070794420017832,0.03867831292678093,0.012684497213355716,0.048723014943159365,0.028005392378763146,0.032629178612282615,0.024712374927494195,0.04265037169377598,0.010118354286365134,0.036966780933270736,0.012329688953327516,0.048731032441183715,0.035909286532834345,0.040611209399642266,0.0263387040182707,0.019698313196923414
2021-09-24,0.010752988617976118,0.024575359901542214,0.022704918855300175,0.027787581459224827,0.041891773958991435,0.021766957981244017,0.01854966151322908,0.0075547734489428454,0.04690501311342961,0.007483049417309642,0.04627587156048095,0.02483390463955233,0.033873433207483414,0.024495719063983682,0.016291437143675574,0.013012701599506914,0.014917989602080404,0.021786039280225662,0.03809540743180955,0.015831591371053604,0.02006317390905136,0.012704423591845678,0.03782082618617976,0.02973306198518523,0.033630789455184655,0.0336072423202711,0.024057931814297957,0.008434543127523014,0.02681903637545337,0.007128624438352335,0.028334443368337653,0.027631547858332193,0.032077219864336995,0.03428198953106955,0.011094692730945651
2021-10-01,0.014248483538666092,0.021013799524082152,0.029957480312021688,0.022145872224179887,0.007648271498138309,0.019272154230220603,0.00737665559615947,0.011430774429399142,0.030097638467647382,0.009263013081574054,0.017246726140339372,0.021009109375157337,0.0282996445139076,0.018927128625004248,0.01825692522322464,0.008431308332671889,0.004849186702470521,0.016844468155376727,0.017456487570145857,0.011019136315689482,0.023454468156336183,0.012630887133437777,0.03319933437332765,0.018470357138192967,0.024888540303470697,0.03021142350766554,0.008873125991045871,0.016641096088629823,0.012311418980459657,0.014571078401226545,0.019453503385996263,0.022398999756454457,0.030781708146705233,0.03446714713701865,0.010239090246843354
2021-10-08,-0.009129030025786121,0.012188130964115815,0.018077597744502925,-0.0015329111997783547,-0.03335388819416772,-0.007849906675452852,-0.0046466667779622465,-0.00014678687279302534,0.024566636668677668,-0.01842901719574099,-0.025770261867972148,-0.01613772978453893,0.01180500495837823,-0.017357106396640055,0.009189319916183986,-0.0082727506364866,-0.010914778558719532,0.002236972194627412,-0.002939675309062077,-0.01083181206540174,0.02026324205946728,-0.0010230271041837351,0.01572629201898586,-0.012640372989296508,0.007749151948706861,-0.00205067100177632,-0.0053332111154659415,-0.0027970978655536076,-0.0010538509895898509,-0.002017946083790083,0.0009623298496615494,-0.017659099000795164,0.021295231174385847,0.01604810967719072,-0.006123904880751572
2021-10-15,-0.002469752814299614,-0.007069457538664272,-0.008414982527072434,-0.00814817988152679,-0.042443289892156094,-0.014640151868445648,-0.010317813577791303,-0.00044774088638267604,0.0031314775483788,-0.018410330572354004,-0.03374484648329331,-0.02459812045678782,-0.009596227539483112,-0.027175136060565697,-0.0059445525486978195,-0.008076671355207959,-0.0018959239771540039,0.002960832201481594,-0.010660052301290723,0.0026997177341658777,0.013100551627550822,0.002844359980583498,-0.003938927991395607,-0.017612766724832047,-0.011023960275189771,-0.008415117959887416,-0.005157281595115674,0.005894713272778638,-0.0002968687304751377,0.007858218224616527,-0.004215481799621082,-0.0165948536873087,-0.001329814810463259,0.006560094692862756,-0.02478555947274476
2021-10-22,-0.013728273608190015,-0.019726703049230417,-0.024898931794998032,-0.026528236549335327,-0.051837769890647326,-0.02218355893740069,-0.03058819440481281,-0.016491459935325237,-0.008316977439925982,-0.028139577486021382,-0.03884223094981037,-0.01930691691983662,-0.017014841840577413,-0.029847896024764477,-0.029217811743989925,-0.02664925595245945,-0.007207137668195109,-0.007090305320313007,-0.0180517458113183,-0.009203147421954237,0.004451515053755141,-0.00130379497584497,-0.013490421857183814,-0.015621227776476272,-0.03385261176430694,-0.020703637508794743,-0.03132592652519662,0.0009944931531281913,-0.027160211758283703,0.00011696741418023,-0.008201225622428917,-0.013381828553487615,-0.012117608002994601,-0.013014448222575107,-0.031140345431566567
2021-10-29,-0.014747325035633366,-0.03257270731118302,-0.03347903450060353,-0.012188307024150202,-0.04921827093299684,-0.03231743983959108,-0.022671411984627066,-0.0190924045183374,-0.01995526484061415,-0.020583781370733138,-0.03546650204204292,-0.027028640627062773,-0.03304274467557248,-0.033199873808102215,-0.03433798009363341,-0.01544414684157716,-0.016818621779221377,-0.010969476321735188,-0.021563408617097726,-0.007527754360413516,-0.015611400273883285,-0.008814890338653321,-0.032089170627299164,-0.023001059185346694,-0.03158093077852381,-0.02619453331615101,-0.027753270509725737,-0.009219862329709366,-0.031870215770801534,-0.011206384936502962,-0.01612611967451553,-0.018660434394544283,-0.024427910500500843,-0.0326693604998188,-0.02174834582634665
2021-11-05,-0.006406571384002571,0.014797072169088505,-0.012189267302341692,-0.004771230939146414,-0.019096738054192406,-0.013107694687881533,0.01050841496102332,-0.00015922451092679725,0.0012880269458952324,0.003795074599391972,-0.006539213725314276,-0.01523923563221952,0.00963831879296549,-0.015290117663957525,0.004265901209695761,0.003672367008340449,-0.001957817068166586,0.00040625073361256716,0.0023880991571382623,0.009267376698791146,0.03182221336382051,0.0239000555516116,0.011441744471953461,-0.0033886896123974967,0.006484841105647021,-0.011492760757073351,0.0021883301248793335,0.020671798730577944,0.00019426464360125252,0.018735730710278262,0.010767255481315801,-0.007659155437077677,0.02819790906619824,0.0003755067091587309,-0.022367821704050384
2021-11-12,0.00020220098739214906,0.029696340031466956,-0.0023095029141772393,-0.008016316633050675,-0.008109763568711573,-0.012070763935945954,0.030620181194539603,0.019505477001625013,0.024038923403909437,0.008002947972727218,0.00706393327160825,-0.009419491220599778,0.02495387451644621,-0.014107078276413523,0.014240363819838304,0.009892608109446591,0.007221817150028169,-0.002292257342359996,0.015955028192923753,0.029771003890794203,0.03487435628266718,0.03385873915789485,0.023567410754301427,-0.0066785147944832465,0.001682111685197824,-0.004740192734186535,0.021272947582988064,0.028369032482674212,0.017906585226940663,0.028797765419247178,0.005441245281548138,-0.002010445982741709,0.048854231756103116,0.01427579076969545,-0.018593199621152953
2021-11-19,0.016287928877632987,0.07238956675702693,0.03320995067632209,0.020895359940777583,0.026261571104412913,0.021103704757696035,0.06032994505453449,0.043601881090521384,0.0492164009106375,0.024032521346422933,0.03137068156686369,0.02353816865103653,0.04793622591665654,0.024963145957031783,0.04411994566404813,0.022806297535851155,0.022087348062124274,0.019006802095858946,0.05347974331515018,0.04068132369530405,0.06527000847563649,0.03798789412159945,0.05944527885942237,0.023374849760025018,0.03184185523530393,0.019228601405430045,0.05130890755012273,0.03955074667408484,0.049482560082122845,0.03930443620958216,0.04275464769179935,0.016986363580384505,0.08272168436132545,0.056300391111461616,-0.0025134590828754305
2021-11-26,0.027362978226514085,0.05612524694677442,0.010203703717478281,0.017827123663672322,0.046671019649567456,0.027666776781753815,0.03877893704084609,0.04005144418185689,0.04444102603300557,0.022193192521979235,0.04510647044973782,0.035510363842739034,0.04109229490475606,0.035156199388059806,0.024972535153117127,0.018438060687907726,0.034735103061711646,0.03125477933147841,0.05482869220016069,0.045458898149263946,0.05575358111745384,0.036299785858091536,0.040201205914672945,0.033925775160373775,0.016977316007612517,0.02769202652974867,0.046308305015673026,0.03878601765800868,0.04610336790760894,0.03868688901773257,0.04249145157539187,0.024374957783905447,0.058091921536258244,0.03723469451665252,0.008600277921529573
2021-12-03,-0.003671042178008398,0.009917892599950457,-0.015691703630317695,0.0020150698365681754,0.015499970739555858,-0.01149071816904438,0.0007412243598167105,0.009172517561048282,0.003994122810276784,-0.006415955581296401,0.01480989300283343,-0.008881570932818193,0.005962598340989426,-0.005566145066166937,-0.006563370324822076,-0.008727327713434374,0.007306201384840698,0.006936392555033302,0.022264044697933822,0.005713425918009135,0.016893381489666494,0.004955331206072311,-0.002361447621764326,-0.0018463663153671214,-0.006902250175742617,0.0009527732197355015,0.01362521938728824,0.003589636034444723,0.009902628911135072,0.0037752099077658827,-0.004495681056641189,0.002758302571637289,0.01839162942795208,0.00285175896671533,-0.020085091440770305
2021-12-10,-0.0024831106735021587,0.057357375765367896,0.0045626347774374975,-0.0011553877651045439,0.03723074401246491,-0.003528757666335102,0.014070024242586686,0.010334023033735009,0.03706208695721265,-0.0030261302169789605,0.03577783236202439,0.0017285007561878307,0.05611739173028776,0.003195456015511392,0.030263375273958133,-0.0036481952161687885,0.01745279525086638,0.005895975129388309,0.058865257868398864,0.016278615799589786,0.06839351212388854,0.018098533762173286,0.05378963012076301,0.012153138504382337,0.018269732041890113,0.00457025845083113,0.0303989964111713,0.013629589918283946,0.0315680934135188,0.01434808769847049,0.021293521657388584,0.011266117417599522,0.060276306189502415,0.021491737165623206,-0.015926054342297952
2021-12-17,-0.007616807475731945,0.0265533621517953,-0.02724173550204461,-0.015505711007287962,0.021032594923809742,-0.01740097296134333,-0.009564767875381689,-0.002752687173445723,0.02223135012627192,-0.014917827582328097,0.02533141684924798,-0.023644797720607142,0.023094287172880045,-0.01974376839852043,0.016467995378626324,-0.022236861953489704,0.006365219392865183,0.005589127233639643,0.04297988429615068,0.0023044815162730184,0.03893783285817488,0.004616625816726863,0.025297539277080165,0.005262853949309078,0.010857358575356326,-0.01021986870543642,0.006131033953514609,0.004253517394404295,0.0015310780532512716,0.006498847594193819,0.007014942830512326,0.0005189183673325072,0.025632819693693448,0.0031710483027562763,-0.008189903071570926
2021-12-24,-0.016987528281693812,0.025015101268025516,-0.02252475097289827,-0.017104084468124052,0.02968692767009384,-0.021964611414892754,0.003911397863130801,-0.002917856853284152,0.016551447377291056,-0.028856833266505667,0.03587445349800212,-0.020860007096367178,0.01838888197141821,-0.018751277930376564,0.01776872267603253,-0.03192601220320698,0.012587867175522818,-0.0023076115323764496,0.02479692674514737,0.006220014190217869,0.028589021982972293,0.0036864578205832717,0.014956637212618114,-0.007453366204329022,0.012840673524711134,-0.003252252532973642,0.01108255072640779,0.0011341452830173748,0.013348295812509016,0.0025151351332734885,0.019020696885446907,-0.0029498763113954417,0.015831210528729087,-0.0009893208720621156,-0.022707087719716128
2021-12-31,0.002333525919712558,0.052051087511840184,0.009939772094157919,0.012644635222901537,0.04208416872083198,0.013579815139941515,0.03789677194780152,0.039446736139432274,0.031020196686264472,0.009299651093030364,0.04263661660473705,0.011142127122244432,0.03998229287231281,0.017308335643472585,0.03344166383670785,-0.00705835622018184,0.035467395448862536,0.011116388225445164,0.04259291410287994,0.014681895715914222,0.051552999437615855,0.03879977824384242,0.036431799738310025,0.0141765017527203,0.04632250706044434,0.011566684862678145,0.053472155930211075,0.04081264040759743,0.05627313775168942,0.03762597730439257,0.040036988028011256,0.03450674474853163,0.04102726527101217,0.02364332161819173,-0.008213791384311369
2022-01-07,-0.0014906734859306985,0.03940128893403393,0.011711740213534808,0.011515710878610074,0.047732130505953235,0.015890189191441337,0.041096159500750025,0.03635297863028832,0.030435646846713446,0.0010244962865539134,0.04661697740231811,0.020728954613643207,0.03222137688324879,0.02384571303380313,0.026866346876506884,0.0003008618270521659,0.02377105447855978,0.013440767549885333,0.039348636283624935,0.023137604313637716,0.03675381271802353,0.03160723263767541,0.03375815506468694,0.019668884133044767,0.05465093997993559,0.028703649368924656,0.06057947729711846,0.0354958228124942,0.05485209955916279,0.034460458508404845,0.039827774100186814,0.0110013363840762,0.029933692943648588,0.015600870414069646,-0.0032885541010770924
2022-01-14,-0.0013455484504479888,0.05765148766874929,0.03637892663429111,0.012535223541939939,0.05479104682746364,0.029329275717166266,0.042382611187582214,0.031103359157816236,0.05565082305977923,0.0014414850807142427,0.06085413361021438,0.03343290080332235,0.05104356449287425,0.03313467184266393,0.05222917345534662,0.015008331851356447,0.02530886787729191,0.016585264840246305,0.038286563606778616,0.012692456778003956,0.03836328584847251,0.017979525825103107,0.05475830117933326,0.020685507111512885,0.04313724953313213,0.01415464468584194,0.05158143206030493,0.016919351638733454,0.05074885365970089,0.017096746451538896,0.039296807445379243,0.004673155800952493,0.04456222647718559,0.019275685178164376,0.004028661908204724
2022-01-21,0.0013418469080492496,0.03742683775402468,0.01615483884503521,0.012000964053442515,0.03029721240105698,0.015576827086432276,0.03448634007963933,0.02875666123961049,0.03351919068388169,0.01163026638794394,0.037696115440044524,0.011088998984626345,0.026363532565122604,0.014855905547494488,0.028302712525605626,0.003991779305453869,0.023652178791539896,0.0027759614683925096,0.014244945898358934,0.009693527011944784,0.037080681386021844,0.020142753891722903,0.0380974559996187,0.016588042590926923,0.02929697952673989,-0.0003900189593294278,0.03637304747371859,0.018642472374260657,0.034826666027116066,0.0189676124627265,0.018796364784773055,0.010368077445688555,0.030768787558556655,0.017028432502243455,0.0061278330809712706
2022-01-28,0.025211079284910228,0.004500055011512647,0.0070839456789067575,0.014630676732894293,-0.002786720997010612,0.008508047327456051,0.021896754363888875,0.01109724877567906,0.0038931300517498547,0.01633965318052229,0.0008737567630442318,0.0060249249750658875,0.005083558107938211,0.003249574458802441,0.0026088785077195953,0.023913210398667787,0.01880275803986053,0.033270639446608276,-0.0006893779494913735,0.005578548497350786,0.016751986302706953,0.021693311271238983,0.01358935857392924,0.018478937642055018,0.009142615474543416,0.010660540610934587,0.02017851812355661,0.019571320834315713,0.015449487520112385,0.018572761129896892,0.000768358534321991,0.007405314955114077,0.0008862847178794242,0.0034888311614703653,0.01811562695183417
2022-02-04,0.0024426269614746103,-0.04534481029597203,-0.03906784275513118,-0.011917765762936447,-0.04767774807861759,-0.016709565738800662,-0.030073616601077612,-0.02583585528085173,-0.02915503933724783,-0.009265720102519508,-0.02794491304433676,-0.016474361936210043,-0.04267734797853004,-0.022978074507727916,-0.043633033962954204,-0.008992998291975071,-0.02189128013914511,0.006084056598914218,-0.03314409037201972,-0.018834312851066376,-0.018726943133758486,-0.014219325014504628,-0.03291379801774307,-0.024796811104210163,-0.015223306907349335,-0.015315123704996344,-0.029148490739495905,-0.011994438928282107,-0.03159275485040848,-0.0128458930651545,-0.03355542416831361,-0.01995016662217344,-0.03907084419576746,-0.0264852578912527,0.002651499943937609
2022-02-11,0.008090777072939532,-0.015338695552845297,-0.008862078022702783,-0.007996861838351615,-0.029780982988837006,-0.01235705668757717,-0.005376341378019389,-0.010526457129451834,-0.022057236438335483,0.010572667230406809,-0.016767267175483415,-0.014103390767490497,-0.014228565776253829,-0.01787970739994373,-0.028688657749498293,0.0009616457920792822,-0.010745683284864716,0.004601234890530433,-0.018666638236794684,-0.008885998545550059,-0.0004522473850814435,0.005968374318489649,-0.018997720018930957,-0.003593311041465338,-0.010181376404967442,-0.013049392729532063,-0.002518518458077192,0.009421627980442934,-0.0019611430933231594,0.00944527667916695,-0.020731550189174112,-0.008115377156094975,-0.01492892062984503,-0.011200037306901476,0.005265165311604178
2022-02-18,0.003432176171681376,0.0026682866029642456,-0.002160768588292908,-0.012791435176597315,0.007021785391690107,-0.000539886781246727,0.001114788843931779,0.005319472697578057,-0.006207883675466727,0.014399830914293386,-0.014046828018862841,-0.006326772770582889,0.0016647187679166345,0.0023063941579957023,-0.01749108310545899,0.010154295898969079,-0.01523137598938104,0.004407175326150072,-0.009619566407236517,-0.0038337661630612322,0.008169010872303123,0.00704078593200547,0.011183446593336586,0.002002928385530214,-0.00035083140510878475,-0.01624193329786852,-0.0016221032703521655,0.007614737967674757,-0.0004921139941680886,0.007849123204279352,-0.01181779320357971,-0.0037527424304306944,0.009752841625734318,0.0031128313762380532,0.001616674544547772
2022-02-25,-0.01428310935820693,0.012234908506488961,0.008004546810240591,0.004133285318260032,0.005359353897323928,0.002122927735366398,-0.004628813370679735,-0.0016201326694496759,-0.010206589013301005,-0.023134606024506302,-0.008623888319034108,-0.005333987906815455,0.0043549977866503735,-0.0007512446594376128,-0.009859417726990352,0.005785502537866389,-0.005168354844468192,-0.006616547232309043,-0.003158134375036768,-0.008818589435369454,0.021329095954151413,0.002427182508005947,0.0059552490040798815,0.002811374429112745,0.01640960204359074,-0.007078071146101159,0.002002679229009984,0.0009139983390785005,0.002675632101526831,-0.00011270726593496924,-0.005490845707581401,-0.008400941829483902,0.009731490866750287,-8.501034656895805e-05,-0.006284047086454648
2022-03-04,0.002002302215037203,0.05107659726073506,0.04469944821719993,0.014245362111118518,0.04593592391877872,0.03995463410529838,0.024383858499136022,0.009406184656961383,0.027377799941850207,0.018685796068087977,0.03301679943669754,0.03212646001238806,0.05058431435344094,0.031107830396424032,0.037749114183031035,0.017176257303330045,0.018735518819029053,0.016435772910171727,0.017045769421026133,0.005408997432828491,0.04264144827976879,0.014729678187964406,0.04631639911244383,0.038897682258636636,0.04593509978478519,0.012604236618732001,0.015137075092083797,0.013075091840350756,0.023731281731950864,0.014633529222056255,0.015504913564515253,0.018756808947194427,0.05135144574572239,0.022138230722518432,0.0013809051839393932
2022-03-11,0.013229982960776371,-0.006187392913393667,0.020230913106891384,0.019707757915195412,-0.004883148433186456,0.019108844902047523,-0.00396608006824239,0.006939471441597781,0.002760004551407393,-0.006262738234363188,0.014855545071531053,0.019907945552280648,-0.009227055168125444,0.014454894814342588,0.011261654518116794,0.015186349642154056,0.0040943596461273666,0.007878263464961807,-0.005677161897587046,0.0051878296171019075,0.018885146216925483,-0.001955266749305786,-0.0033807787144842206,0.023435702689872103,0.02367163811929399,0.017978527206664433,-0.0010134499127440392,-0.004345694124555815,0.006175018651629407,-0.003916308141989043,0.00494171981601496,0.010165297225453526,0.0010702339059557172,0.01786619664382195,0.01086072927791037
2022-03-18,-0.005385712741946023,-0.02404074273672,-0.021605250574053044,-0.0038141418722686306,-0.027075025667675792,-0.007105789224796226,-0.015449761029880979,-0.009110615002629162,0.0013223811756470601,-0.006867499025310677,-0.005545254093345442,-0.018002558895953407,-0.025255491297104336,-0.017975037672227814,-0.007081129118388639,-0.009463077407471416,-0.008695616747836159,-0.019477396751545757,-0.006607546080417358,-0.00909154088717577,0.003308541569072029,-0.013819741620707144,-0.02573316164552991,-0.004749863478939138,0.0019022342854300668,-0.0010474414257546358,-0.013871514219794904,-0.011504825223074838,-0.010043066760936234,-0.010904535561020341,-0.0001256166746287422,-0.0005519231550119698,-0.016444748638138815,-0.00857926464357049,0.01337367980646147
2022-03-25,0.003736758833279896,-0.0034367632390267435,-0.0019597001131171094,0.01046059256394926,0.015747565981970583,0.013086316821232357,0.0030639551273858143,0.005736865134296333,0.011745048328950172,0.0033199513782379017,0.022024897777228963,0.016705653645382006,-0.005106094711116297,0.017733841977061727,0.00607950418403319,0.020054757139050635,0.0033139853639171995,-0.007498059680015419,0.016118136826027103,0.017003683178948147,0.018402306763449852,-0.0011296105751317108,-0.007072574385961484,0.004881148852978808,0.023511248890491946,0.011418409044891569,0.004002517653020399,0.0026586729272815527,0.005244262179134454,0.0019766490174372917,0.01462324346498676,0.019125821591069913,-0.0002780976220855894,0.02201567757327878,0.028062775452251776
2022-04-01,0.010918014505035089,0.037647738273855924,0.025759804610777016,0.02244882303445142,0.04767402235066892,0.03502800986165021,0.03261525175594077,0.023250866250909767,0.03145094310961644,0.014428526144487032,0.03919027461577514,0.02717518295009286,0.039219764482732136,0.02914329338292343,0.029635557721714452,0.035926503881504535,0.014038529417711956,0.009982319964936868,0.02886882118083304,0.03917525913305851,0.04405867288143875,0.024789885592054393,0.02383484678142935,0.03411977606922293,0.02851561915044465,0.025207207791881348,0.0424637851226187,0.02491285022078786,0.039842433554305376,0.029037373356192643,0.0347076795636955,0.022283111626092252,0.03549200180505586,0.029899207954279375,0.015165637543792404
2022-04-08,-0.013710429067483102,0.07318622588212784,0.045863415199139224,-0.00019670737247002532,0.03134528240625986,0.015420076552234688,0.04265558235489765,0.022830770131739772,0.01996685221662138,0.0030482503336341947,0.020873759556408876,0.010994194668785354,0.06663538735956206,0.009580730147904972,0.0235622523000884,0.0031787992984259284,0.011423918344558096,-0.0072296248851090586,0.024780437327801132,0.012133642352108093,0.04567343925766629,0.025300321382383188,0.04844325312733065,0.013789982342903073,0.018058253549067413,-0.004740763266756881,0.04248750056272833,0.022165786342331937,0.04586572700372409,0.02383477326409111,0.026386461571749325,0.012786251187561704,0.06688207050761644,0.019215379738039023,-0.02032409401923374
2022-04-15,-0.011763272497663516,0.05207814450473048,0.029542302152918826,-0.013381954396504197,0.03931263025634553,0.005151844745295406,0.014030838955080034,-0.0006336805689188553,-0.007475204414756842,-0.018560813373422323,0.009877842030286955,0.0015848801718353607,0.0569533307557036,0.007149268886484744,-0.002334355411981234,-0.0153735412916645,0.0032521605376154036,-0.010295137246408749,0.0028134168360846186,0.01330593444821915,0.027458405320555254,0.0085128767088476,0.03516180533007486,0.00617064780222255,0.030897493481007263,-0.003503026366956026,0.013114798578245344,0.0026829611748311975,0.017739797931943933,0.002939800000108494,0.01764355124741877,-0.001137176976399555,0.044722807075902406,0.005538188982472575,-0.03130623645294697
2022-04-22,0.006475501676733915,0.024211310094300425,0.009264963274921642,0.000507790007668126,0.009796061452278144,0.006698057103435674,0.01443404545824311,0.010689700779274124,-0.014300621566068088,-0.0062593713759872835,0.0029645121042636557,0.009396883414213535,0.024420878469466174,0.010624902700492404,-0.01738522884377001,0.00437380196536229,0.016122896650794492,0.004754934968829429,-0.001339228647225982,0.010453611576624276,0.011094483714448537,0.007594020412160138,0.015580451974410827,0.0007642482266438935,0.014520032782196051,0.011978006885685368,0.013489551942836134,0.009965302004032943,0.015100891509503073,0.008977473064630587,0.014622561387863331,0.0022562444963141206,0.018424595495621105,0.005445157542181551,-0.017434852688912986
2022-04-29,0.005801981151949906,0.021636617571217036,0.019542751283660714,0.0018682001258662972,0.009367162827736116,0.004912192456471677,0.00834587826593106,0.0018306690140188504,-0.00981219415033598,-0.00904814837703279,0.02793287242961631,0.00850381028038402,0.026978842524443006,0.009565913350694675,-0.014655625226707582,-0.010862517382621542,0.004082672699726573,-0.0081869874274528,-0.013008091601520992,-0.008466279168536556,0.0230738262191184,0.0030750856239972536,0.01604263266673413,0.0061322275412353106,0.01614591171174499,-0.0037539330339095016,0.007248161731823528,0.009336069534344247,0.007669359428651659,0.0068473732892482065,0.006378234391155085,-0.020301318062533623,0.020403638283519186,0.015197223826141219,-0.018679946635751656
2022-05-06,-0.004339436073262321,0.024280133716932616,0.023407590821815535,0.011088242435614046,0.007801563237900349,0.004340541257305934,0.019001636483927963,0.006709365106795112,0.01539500650558692,-0.004546105489418841,0.011422422460802963,0.0008585207798828126,0.01570307655774536,0.0009248318224998777,0.01517728524899423,-0.010318481749234295,0.014993962845759125,0.001416086129887958,0.0071466035440513834,-0.016146255359236077,0.02364188983906249,0.00038149571705629306,0.014260673232818766,0.013874825853590718,0.009789651184363207,-0.012465439901967195,0.004531185504830005,0.0033327515575320116,0.004975193194353432,0.0026328937619110866,0.028416423055496562,-0.0044994114635759875,0.017250886810832013,0.002931431601693325,0.004071843386701388
2022-05-13,0.004224205740177883,0.02741383072989342,0.018389759894715314,0.014593066829791898,-0.00238573336511437,0.014242215458869707,0.03385030254232557,0.023425764082046868,0.012036524244623295,0.001262113663660244,-0.00030384735950677834,0.021606736818848653,0.003179765415096151,0.018474674879623523,0.01669369848280921,-0.0020281671354185613,0.027125511373426,0.01183493858852327,0.010403974205284456,-0.012161168810608813,0.026693522125655803,0.015157674538341307,0.008535145072848487,0.010130483603150133,0.006513692796203553,-6.295180100281848e-06,0.024162440046670567,0.014818154491599629,0.023734787478524973,0.01442239750262878,0.028729383370085817,0.00285451444324844,0.025880604535373178,0.0005688044952829276,0.018521678891038926
2022-05-20,0.010019674402315487,0.016352944107734385,0.013923117430975721,0.011863088461221123,-0.007968676933729817,0.008639689247141473,0.020060445826892818,0.020428479499527436,0.017680645268875163,0.012557667347995486,0.007899670620110844,0.008700087411208805,0.00011268208880319507,0.010297675297672157,0.015470044240569504,0.006361493077274478,0.0161148087537089,0.006179451881837885,0.011573233720580214,-0.008260648432457203,0.0055996012833502955,0.014051675205427456,-0.005794625261717259,0.010452198637984609,0.00975634969635836,0.006217412410188618,0.016347934377632357,0.01605963192625486,0.013404229465378543,0.010786223064029902,0.028254275262420372,0.008908799758534954,0.00827574797347404,0.004623634688280919,0.012536076415513468
2022-05-27,0.012343941774009586,0.015313927680414102,0.015474727547437377,0.015400131105507892,0.0025948804050311236,0.021467214016289267,0.024529489964491478,0.02580314989709404,0.021213557803883853,0.013421414479829846,0.018420225384459685,0.02795101784745091,0.006294835614888666,0.027349858286019144,0.030337254693840528,0.02526030861663941,0.018237626883341948,0.004095302197161265,0.02046745183536329,0.0013509458098198228,0.01833855148124655,0.01669290018357625,0.004010372661757667,0.01875428155704715,0.012557256457098277,0.005617664119270674,0.02880371038290298,0.020073237241864928,0.02910011446146154,0.02455411952975852,0.03558943871242442,0.01974696627668946,0.01459315896994809,0.0063474919268388915,0.01921375034358057
2022-06-03,0.01886234685651366,0.0332440843618654,0.035779011554180354,0.026588256936921528,0.04474955893596889,0.03705898377781237,0.02504369681547158,0.02684153765961904,0.03412010762432509,0.042273570263973964,0.04728010472791984,0.05117754665224103,0.03713686194645426,0.05280705192678318,0.05535639589737184,0.038636617386489554,0.016024952599732224,0.017459409103447027,0.03616868507676795,0.009686150227222407,0.015710047772628397,0.011597628181330111,0.02344881976473575,0.035401069225780166,0.043657568498713925,0.02477854355889762,0.03302472503453399,0.014837981891465683,0.034771966270017544,0.018805669641222537,0.03846799913750623,0.03158970317206317,0.03360252168318767,0.03183337279590831,0.034302718502519945
2022-06-10,0.04620970781054346,0.07794501070451286,0.07597210916949389,0.04733990041246086,0.07674763406662456,0.06693113650426252,0.06520580666443716,0.06620347825371294,0.06920146433498359,0.057222445424853254,0.07647165515176653,0.07402051354924191,0.08227743906572572,0.08275170236820187,0.0945411011798579,0.06395587642730341,0.05732769523232098,0.04756119487944427,0.0661267779891616,0.0384320169099788,0.05383300391931664,0.04497227687578106,0.08171568064665032,0.061040414149188996,0.07240455260516576,0.05432487987513416,0.06373330362257748,0.047281522988885584,0.05864367291948508,0.05112463235549099,0.04129094825236832,0.05708580532393021,0.09043181348775381,0.07505894990875153,0.050627643048703354
2022-06-17,0.029072671201848994,0.08008714926757377,0.07523979875349474,0.05240436444344393,0.0687607983997111,0.0685063029301524,0.06583518561406851,0.05604282497127834,0.05153019637802421,0.04833923698000499,0.06790977943896975,0.07380860535674996,0.08188706416190986,0.07849485223509244,0.07949359142006304,0.05850690248239438,0.045872410512708316,0.03200074357986365,0.03999080174153275,0.02098336125387107,0.06371183398743825,0.04072057726652068,0.07184165486860346,0.06243993536726201,0.06918558447056053,0.03147583763127992,0.06291347923984045,0.05028680009298327,0.06113924504814199,0.04906655291262079,0.03157885114709899,0.027185440442938864,0.09147383181877464,0.07371354934566411,0.04418180246166074
2022-06-24,0.0036764225062169992,0.028128612384643786,0.03952536623708886,0.02604260085078911,0.04657977457898042,0.0360040401495923,0.008743472080011378,0.011065669143866651,0.016194332363454095,0.02058844761273632,0.026638482707918666,0.028354883075091465,0.042181976675007095,0.034123053445841246,0.01877190736607917,0.013947488080200873,0.0023846605530385714,0.00906995358243201,-0.0001701103186148233,0.007753546170936369,0.023709780744555698,0.0011420478759295626,0.030635579453389607,0.03100809413944873,0.03009847843075226,-0.0018129992325311075,0.0037058837437456255,0.012508986501639468,0.009884245190855562,0.008342770921508985,-0.0018465680464459509,0.00310929368379086,0.041706772579292874,0.04752777488080313,0.010890318124345287
2022-07-01,0.04138855050244552,0.045379086138765554,0.05869212835536952,0.057167655684059925,0.05789952486877289,0.0239504399167448,0.025086602200267025,0.0417854776561751,0.03097254823934356,0.04909360701602021,0.05989639088585517,0.01853786008411191,0.054739395449478825,0.025728829223160776,0.029896147397034094,0.037637338735528186,0.0220629512350915,0.034203557507517884,0.026111997347401848,0.03104857035177008,0.04838300178597136,0.04654179347623405,0.05546348174882449,0.03841326461062356,0.029210975524524663,0.018257259270603465,0.03865745263902095,0.05156008677695835,0.04011563180461307,0.05193227547362776,0.02489828417039882,0.024451463162261326,0.06231492251372718,0.05322034300190718,0.03427749491850676
2022-07-08,0.017432740465562084,0.03497827322683755,0.033312843784483424,0.02039883928253867,0.04907875899947564,0.001450314554733536,0.003698759285769032,0.015796835343378873,0.009037262535846032,0.024367364473983882,0.049048327450995736,0.006230021985704874,0.046862002165251763,0.004383329532307682,0.03226490968155405,0.004340753283287646,0.008843505704240069,0.010364664345457788,0.012457601071875803,0.009352047590076186,0.019426984050809063,0.010419245700758875,0.037074629878228064,0.02066686025997632,0.014426578096228925,0.004134712156882458,0.015780363220807177,0.009472238247145876,0.025434841773184766,0.00961769546510944,0.009023163515678742,0.011743018059634508,0.04343286919089984,0.04267208047890232,0.008575903509579682
2022-07-15,-0.007542156203169997,0.047910031628404126,0.04009998653742126,0.02737026364116572,0.05845894560125979,0.012294640274146307,0.014620079458768125,0.004778621261835848,0.003941109987967359,0.008263066175187987,0.06141896494787565,0.01244249408839184,0.054001888867183524,0.005951781715911008,0.032499459610428265,0.005191771066950351,0.024730617583047725,0.010782046703386169,0.024491108418549512,0.011119097341547772,0.02582221318414574,-0.006071185933671374,0.044145435070133444,0.01969391783881081,0.01847759247972367,0.004373319621268959,0.018259665767731463,-0.00711429108952867,0.018804973057996225,-0.008415684946480295,0.01081035615407583,-0.00478296578149615,0.04553638209040534,0.03324923961631791,0.014007782478257525
2022-07-22,0.026618707477621167,0.05224563430397518,0.04465889981563118,0.04796537735342798,0.06119940853504078,0.04142321059304448,0.03627650756079905,0.034989730289857385,0.026849886143737536,0.039207522791917394,0.05887774128685919,0.04463291251826914,0.05640948943949492,0.045379641265906163,0.03929211685885107,0.026887784285723842,0.04469097788581241,0.024299070487045982,0.02744610512748615,0.030981189671764567,0.03867180548483978,0.02095496550827708,0.047625782931129394,0.04490226002738601,0.04430198052842456,0.0240586879864472,0.031238897037271333,0.02214659137273173,0.03767332479400809,0.02214483181613951,0.03304582630697483,0.029542007729835135,0.05015900302189875,0.0435092326083756,0.03322706063597358
2022-07-29,-0.0005735552633316217,0.03191501190418101,0.02123140646958897,0.020752564869443935,0.03649256491631692,0.026253627565847083,0.021156484743250513,0.019912263606031513,0.004305396864462024,0.011500211056115043,0.022446316364693818,0.01753175244741571,0.04004799119107809,0.015112479225630259,0.02161847922760096,0.0003812516001154841,0.027088587060836836,0.004052964064385561,0.008033814255065065,0.007058599096874916,0.02153095640652182,0.012763470803866108,0.02965784070372033,0.023531654133443637,0.014577069667573349,0.003364971685229785,0.019891855311288505,0.014219856025359889,0.019110587437367627,0.014551456572828764,0.014745677793940202,0.008816040907933571,0.023613972154521212,0.024584530386394136,0.005531949075359865
2022-08-05,0.008944698489807683,0.03642383523384983,0.018825269086260362,0.015209636538219337,0.03266264988088985,0.02382989387701333,0.016585321892285034,0.01854980277284155,0.01719030518022178,0.012841833465704994,0.025818519215319684,0.022018647992516984,0.0353001575212236,0.02432869642461832,0.028969508136095008,0.003371307097742763,0.02282419490108038,0.007221113449073602,0.018364878175984704,0.012983270601728299,0.024678653877572208,0.010228333098702042,0.024654097866565236,0.012640309554145109,0.024989102217844512,0.013839438560914987,0.008890236275451475,0.00945680792605891,0.016553906660326412,0.01267872119147443,0.03076676120984994,0.01765933870889656,0.03202090116865217,0.021009930959365306,0.012737436122820673
2022-08-12,0.004936241024322702,0.041848151103790435,0.010389165544116277,0.015907974044020168,0.03476774176123971,0.018714877636479006,0.04315373359474068,0.04603458580387938,0.016480699929211425,0.010811807175861233,0.03466823234729714,0.019055095948708384,0.0325405351804983,0.017554526791756196,0.022565536565291217,0.0034523478955312053,0.02765418555190227,0.022259490441915733,0.027786500267144555,0.012979144081730615,0.033134037756512726,0.030230085147708804,0.027890383721260393,0.007065305078675708,0.0263661674096213,0.026609063327994772,0.03539363957228761,0.03228492720787118,0.04362626662221233,0.03674002381313106,0.04232034225297193,0.022980250249222067,0.039615818538319345,0.02067977849557791,0.0130677183952399
2022-08-19,0.002257793861294203,0.02848538145923698,-0.011991052461145927,0.007198358870300821,0.021728256112632117,0.006139180524573479,0.034413773697710474,0.031184136771700628,0.022344500385191188,0.0037020908683051412,0.017157301630897678,0.008576542253368331,0.002480485224247664,0.009058246661565175,-0.008232914652378446,0.00031764467470759346,0.01887884054242856,0.0064709729706599155,0.02201298001163127,0.0035037499964748766,0.024558218497189782,0.014684570473655723,0.017442161566160085,-0.003104619600075694,0.028987695265135824,0.0073436455994604416,0.025335393669183134,0.0206492164724691,0.027952595338005152,0.021197034504609354,0.03514714519293476,0.02052515140037773,0.01873777093742994,-0.004998244384628044,0.010228022489321312
2022-08-26,-0.01240688321816305,0.002099111925177427,-0.027975667025415676,-0.005405649147096948,-0.0029213182231319535,-0.012529704687537668,0.016776209120881957,0.006372492094768642,0.01774277852407842,-0.008268975941481847,-0.012009423095665677,-0.016108487056865368,-0.03290876809156686,-0.015543070626581775,-0.016903680846335346,-0.008019503380079503,0.015017728461918175,-0.01457075678940564,0.02200460144803512,0.003678762875021295,0.017414114837099346,0.0037427722822232124,-0.0049288611267852295,-0.023542878804445305,0.010312079626913993,-0.00786768619633137,0.021444929451731192,0.0041027568116151925,0.024402492317830034,0.0048477551898819474,0.017870387021769418,0.007687146842684944,-0.002539176591247,-0.023226387846613607,-0.00044874971160147433
2022-09-02,-0.005230936364766932,0.019548815759825894,-0.006448769061556292,0.0022122245270423863,0.013243096064543962,0.0058641926768365875,0.02842789534557123,0.004902555483414758,0.016302420870229057,0.006314273376563682,0.008039211830832928,0.002910572856254275,0.005974765654674372,0.0039564958667449085,0.0017045624275356217,0.007373270424685443,0.032895460906737374,-0.005969619490925937,0.033738736333945425,0.005877266714467726,0.02258880760269654,0.012702331614439236,0.01735780169517623,-0.0037562127370764915,0.011461688894548742,0.000671157112649275,0.028273649518625193,0.00807092332636377,0.03178611490518511,0.0104145141144977,0.0257694149702364,0.008451461272733763,0.012657963337797408,0.0010464098097641324,-0.004802274833073837
2022-09-09,-0.007755347544190125,0.003481180051666332,-0.011266011346648319,-0.005291706662915621,0.0075021504891807965,0.006938745121742829,0.01252724568357667,-0.004022088317543259,0.013209005303549348,-0.007153515471383752,0.0021844534000887246,0.0044899159887194316,-0.0031712511939495716,0.004987227422923721,-0.007094967145749681,-0.009973057511106775,0.01042858863656506,-0.00857013343147454,0.013821457120384814,-0.0040954483914284155,0.004831145132390939,-0.002943765098168562,0.003477686702578399,-0.0074776971312190835,0.018995368464661988,-0.0047267642272629225,0.0124979016540226,-0.00864405243925596,0.01392318308950555,-0.006886065602019589,0.02468489632824624,-0.0011543382292671291,-0.0007790141179232756,-0.013336162764950274,0.003725573885573176
2022-09-16,-0.027718586005397346,0.0005265026766068957,-0.010207159000829972,-0.02421596359783783,0.0003417106971133803,-0.015618643219180174,0.0016025368115086779,-0.013903419810410971,-0.006725178250338768,-0.019465152825108526,-0.0046296990093184776,-0.018062362661080345,-0.0012342166313038827,-0.014622648160776564,-0.023871935980033124,-0.026202196517775667,0.002426658480445774,-0.02623421214914687,-0.005501984544748223,-0.016751828066398144,-0.003528389374035875,-0.011886154195152815,-0.017900037793250854,-0.022572775359653848,-0.015678742737719117,-0.018707028291015608,0.0018088129627556798,-0.013386395447653038,0.011024259697975125,-0.012759282247197573,-0.01271210131675579,-0.017957609761944705,0.0017725847483092997,-0.00843646991490449,-0.015854547871389117
2022-09-23,-0.02253926788341851,0.007198580712701764,0.0034099066373719663,-0.021588885241310658,0.008361381632222796,0.0012018704884074027,0.0020115456447981103,-0.015617173837330953,-0.007929831059277076,-0.015661600261755358,0.005074826176492227,-0.005705795683510176,0.00614506016937845,-0.0017202740068516338,-0.019342993778929802,-0.018431752102392,0.007682700145276393,-0.013751549711984699,-0.0004044804525970903,-0.004327148023960652,0.0019364064189227473,-0.014697646846913354,-0.007225579379494768,-0.008830644668345508,-0.014499085014276956,-0.02357921762557171,-0.0055289470872484075,-0.014596080326766236,-0.0001866338376542859,-0.016612554304820427,-0.005426809166144081,-0.010919829418206836,0.009461899875842056,-0.003920024841936395,-0.018969868953860557
