,lightgbm-dart_numerai_1_30_10-all,lightgbm-dart_numerai_1_30_10-baseline,lightgbm-dart_numerai_1_30_10-high_autocorrelation_small,lightgbm-dart_numerai_1_30_10-high_autocorrelation_standard,lightgbm-dart_numerai_1_30_10-high_calmar_small,lightgbm-dart_numerai_1_30_10-high_calmar_standard,lightgbm-dart_numerai_1_30_10-high_drawdown_small,lightgbm-dart_numerai_1_30_10-high_drawdown_standard,lightgbm-dart_numerai_1_30_10-high_kurt_small,lightgbm-dart_numerai_1_30_10-high_kurt_standard,lightgbm-dart_numerai_1_30_10-high_mean_small,lightgbm-dart_numerai_1_30_10-high_mean_standard,lightgbm-dart_numerai_1_30_10-high_sharpe_small,lightgbm-dart_numerai_1_30_10-high_sharpe_standard,lightgbm-dart_numerai_1_30_10-high_skew_small,lightgbm-dart_numerai_1_30_10-high_skew_standard,lightgbm-dart_numerai_1_30_10-high_volatility_small,lightgbm-dart_numerai_1_30_10-high_volatility_standard,lightgbm-dart_numerai_1_30_10-low_autocorrelation_small,lightgbm-dart_numerai_1_30_10-low_autocorrelation_standard,lightgbm-dart_numerai_1_30_10-low_calmar_small,lightgbm-dart_numerai_1_30_10-low_calmar_standard,lightgbm-dart_numerai_1_30_10-low_drawdown_small,lightgbm-dart_numerai_1_30_10-low_drawdown_standard,lightgbm-dart_numerai_1_30_10-low_kurt_small,lightgbm-dart_numerai_1_30_10-low_kurt_standard,lightgbm-dart_numerai_1_30_10-low_mean_small,lightgbm-dart_numerai_1_30_10-low_mean_standard,lightgbm-dart_numerai_1_30_10-low_sharpe_small,lightgbm-dart_numerai_1_30_10-low_sharpe_standard,lightgbm-dart_numerai_1_30_10-low_skew_small,lightgbm-dart_numerai_1_30_10-low_skew_standard,lightgbm-dart_numerai_1_30_10-low_volatility_small,lightgbm-dart_numerai_1_30_10-low_volatility_standard,lightgbm-dart_numerai_1_30_10-optimizer
2020-11-20,0.05003704337391053,0.10773461643215657,0.09080186567725919,0.0595199767181914,0.08095917967053134,0.06304496545888615,0.0985438898109395,0.07261012798315483,0.09888969288035278,0.05447448233682788,0.08865480305264711,0.06752836465990386,0.09602444647123938,0.06806579108625317,0.08675002283335642,0.062311804216601326,0.08821619848010458,0.0654130190047157,0.0955711581165562,0.06701105501508724,0.09907235913018295,0.052964695857121866,0.09284349874610116,0.05672535930117472,0.10391228056157678,0.06714599897296021,0.09572754039635457,0.04922209346510209,0.09153664213557948,0.05222096229169581,0.09897397778984038,0.06022347672055199,0.10656740204825688,0.06643148613399408,0.08170394110070733
2020-11-27,0.018144480554785028,0.04687499223759203,0.05489240315839115,0.030546292339969156,0.04450043127433148,0.04968388559728487,0.05821842524806287,0.04729780737544964,0.058070943303325226,0.03344421114211671,0.04758567242868501,0.04311586845914754,0.05327444799254682,0.044361352033714475,0.043371571437990246,0.03564687861538828,0.04435019671962335,0.03937550613180438,0.039996002368848746,0.024688883196859256,0.04774706229748431,0.033794227231002796,0.04960014830449673,0.03667983172538737,0.04235296087467976,0.034334608030483396,0.04788730053177315,0.03245283693009372,0.05261758832904951,0.03138598325519424,0.06353357022697545,0.039097637398988354,0.05099992291162313,0.03694190916942504,0.04255955149667961
2020-12-04,0.030972071396979158,0.06443160860231131,0.061251016041264275,0.04389711730090771,0.05342897570502374,0.04492085200283365,0.0632322201126832,0.05393638703580141,0.06016345963087791,0.03469241702394461,0.05985081950497382,0.05366399483415163,0.06373301928447628,0.053820243025810385,0.0599323215515888,0.04042530260621269,0.04300346963987516,0.04461281163970148,0.04203536331897212,0.030444248618901062,0.06277396874653045,0.048232537456031115,0.05810219093871021,0.0516152317470201,0.06301574377722963,0.041913325862929555,0.05395823590896806,0.03516734253014558,0.05742487587054466,0.03677409716341271,0.06561705336733838,0.03925135690126614,0.06971544199712115,0.046525019269541584,0.04304788609914153
2020-12-11,0.015135137229958864,0.025897692396667258,0.02590441713558756,0.01085911003038871,0.02095477018249771,0.02732117057683837,0.027527164007139178,0.0015172017840676005,0.009422535915431976,0.0012642050418356341,0.014494787893016971,0.028379311400252853,0.021686577770968333,0.025531222164953293,0.025681434556395964,0.006068028466946225,-0.001094879857890808,0.01734655811057623,0.00743225712287636,0.008740987892429936,0.025546229246473456,0.006269633033783554,0.028357508659176342,0.036384881510072874,0.036857038272995975,0.0083113040017338,0.014479356082774503,0.0038556165526435725,0.00920465008090765,0.001491293332009146,0.026358027410971548,0.013078459180488429,0.027625559494464963,0.0240860118993104,0.020700074525376685
2020-12-18,0.005827476797022215,0.0024957448564193255,-0.0021418878645649737,0.0042744378366466745,-0.0002181415935753614,0.015523158002809878,0.011638313890897579,-0.0018491133408413657,-0.011305800666831624,-0.0012340762118680374,0.004987768570707049,0.011571755078310056,0.007655035754462358,0.009341613598320487,0.011344696850558946,0.003794905463257654,-0.014535166852249082,0.0023773712584663955,-0.007570362834651647,0.0023794775500039804,0.010291551081769003,0.006457960063937795,0.004997317092344079,0.02375637078433791,0.01546558603411604,0.0005738240245546787,-0.006576052809478117,0.00041388628713444494,-0.006433948340409392,0.002032220285174977,0.005078760365130505,0.007295281159843721,0.01368913975132117,0.01130200934206399,0.009735490115847921
2020-12-25,0.0014584418009284262,0.04608496495639627,0.03386130550584324,-0.010615065100493601,0.00494786870575728,0.01880650388097999,0.04148272690969424,0.0020039015604019924,0.01992492793114834,0.016625226160049425,0.011891780534424797,0.024417989567069292,0.02481006946621236,0.026699883353742737,0.018824185365336494,0.008666172602534019,-0.009588837361612666,-0.001570003547463408,0.041328505073918234,0.017748000416686404,0.03139024790240353,0.0027924115651568157,0.04262135837055573,0.020292029225406842,0.03401328207376446,-0.006844558726092952,0.013566048707895103,-0.025286346909910138,0.00632674382708151,-0.02356394580680271,0.023130609110827812,0.003252972133871053,0.057317197797134095,0.0437336079341234,0.016774115484670307
2021-01-01,0.01371324668166361,0.06089684978769292,0.060070315602532405,0.014937736094347561,0.029869739167578287,0.029280076971245277,0.07259934384911321,0.05349020565824998,0.058291261269133116,0.04657995759550834,0.04374686635531312,0.04417474549232497,0.051875591150055175,0.04393214081823492,0.03949324434619517,0.0341829286643979,0.022262299805117344,0.03732895895970183,0.061359825864468226,0.036043503761482826,0.04974794116679622,0.011495266658368771,0.04874382349265167,0.02010906097150763,0.04402834370917094,0.009881211469307344,0.045271290653255386,0.011081370499690624,0.04310336969239526,0.012511969013013623,0.062371354517129586,0.028372022358253424,0.06977058733220143,0.04513062189121815,0.039081026144917076
2021-01-08,0.03391143826563861,0.05046100054550036,0.05400601745369517,0.033258663404282005,0.035325714191533644,0.0481875646214496,0.06724374592277997,0.059682471915588065,0.07140360210367079,0.0646792831970282,0.04982388701863142,0.05560029719612552,0.05605343905445686,0.057046870790571365,0.03798706992293786,0.02381159535317098,0.03550070630088003,0.06548032106272367,0.059718110722264815,0.03693628198232796,0.05225094543895365,0.019596888821379273,0.04788644454784875,0.023817442344891384,0.03728696227146367,0.02315032843241093,0.04815749437831606,0.03164197019359009,0.042045439033252995,0.025582537774010705,0.07469698979723301,0.05257280841175316,0.06012614721589588,0.03358108323343575,0.05337676977330878
2021-01-15,0.04192880343303352,0.049999871760482296,0.06245627410773968,0.03959136740442872,0.030795971779034426,0.03976735543707704,0.055157881865241835,0.05453764146760366,0.06780139258128347,0.046695951789936276,0.04901321964525489,0.039880076186402866,0.055620368469093184,0.04325727824463406,0.048510534833004285,0.022894882686893946,0.02334341733525277,0.05155385692662713,0.05553983391412148,0.025019585928780973,0.05655321555266794,0.026302751419574073,0.04749245649656921,0.023125849712473237,0.03746321070821184,0.025580565050119203,0.046529219014891925,0.029562950445110522,0.04669981965878575,0.026986120962361606,0.06082803946030958,0.04524923070208225,0.04997479946885381,0.03749539690256592,0.0580844772025163
2021-01-22,0.029567291421582088,0.02535074453467726,0.051440418930820506,0.050193109828249614,0.03235243150703442,0.0408442611866455,0.024740401437565562,0.038398497865486,0.053604031573700126,0.03629183684297899,0.04985483092651816,0.02512959371558195,0.06261830659971752,0.030085208084922675,0.055951810661254674,0.0434085936644362,0.04163293820419142,0.038593780168595056,0.028867129573049058,0.02058169805498126,0.050760979238133934,0.03120667469139306,0.0458417315661396,0.035973456700172934,0.030725399191039206,0.038275811724249514,0.05451635536222378,0.04255294703064485,0.0454803975506187,0.042334884079386695,0.04039207904416874,0.03373889468926285,0.028891419782220033,0.03310309503339187,0.04799052306444031
2021-01-29,0.023962210259946718,0.010315318837149312,0.014874020639839003,0.025736726533300266,0.022717250898899408,0.022799681280742452,0.0072750641080040505,0.02426079751663945,0.03730495968832679,0.029245023932906917,0.02696316991839285,0.013740019979142822,0.034685840600681125,0.013604921932361754,0.028363252011327857,0.025728085744521383,0.023700929265918397,0.029431829556983872,0.012811340918478346,0.016779108832518007,0.029463100983040807,0.01485193862407073,0.026766489107140006,0.015164241418507744,0.008484911692426036,0.026524821332085984,0.02208921642558931,0.0245979254343936,0.019308528303316152,0.02320003782749766,0.027109377550746768,0.016173293530353617,0.006565285029738093,0.01457790217994023,0.03746625441219939
2021-02-05,0.005919202299767728,0.018762192628282652,0.02012580815252984,0.015502509678176254,0.005639180815937213,0.016943285254149155,0.0010542226914479447,0.011166763827805088,0.013305196841487708,0.00183883056545713,0.007479380679603795,0.0070831057777918215,0.014634511543212176,0.010475405161858756,0.02664873403283974,0.019720358952714644,0.021686397321828754,0.014333813656419133,0.015822788529364303,0.020864133747059976,0.031413207152586616,0.018237272062070053,0.02469269154065454,0.01958876939478745,0.0168675630631671,0.02411566927519647,0.012283700377245386,0.01836447986572704,0.012547016422920712,0.020896038395339937,0.011801570477701522,0.012044347050235245,0.01595985528012928,0.013720368058589944,0.021521670747233115
2021-02-12,0.0031464879764385905,0.03531625457761309,0.03458651096121353,0.03307907631573478,0.006379635108023649,0.0097935711667246,0.017652931723283628,0.02309357821135822,0.017383989517656663,-0.0029394839757438986,0.006112730343348411,-0.0002855133920342681,0.008160630158619925,0.0063198701734398875,0.025444241752055233,0.018106058590945995,0.023918334308614203,0.021505053416001018,0.018235368176681806,0.012933539332117694,0.04357121807010555,0.021767475810582474,0.03654000934572207,0.021815423587646283,0.0212939745334029,0.024908802269943388,0.023148317458261087,0.023927978195785675,0.02681136463065891,0.022639908026108702,0.015931973266064676,0.009650271153120338,0.032766532873741025,0.011210000116359895,0.011939132318281882
2021-02-19,0.0006946590170741045,0.05988127769759101,0.0458627026737855,0.015103538136282471,0.028867725892498676,0.023653166687707027,0.035613494975231,0.037366572099829104,0.019770082526197028,0.015028586655159541,0.01713836222343504,0.0174594858699128,0.02292062458506536,0.01956518798812728,0.031195431039039205,0.023050296078674787,0.045666769725850015,0.0315490065043365,0.042553296062537015,0.027289535557187425,0.04408233343377853,0.02581114474837139,0.04023034327440103,0.016090127741063637,0.028504374147054902,0.02104086316356931,0.04139792984356057,0.02888890783281601,0.049783262575856996,0.031236844447992997,0.03424467997305666,0.012168753148979944,0.0546263231350828,0.013503215388972962,0.01630221870757453
2021-02-26,0.034072253423160434,0.052998387220612314,0.02852284432502841,0.014707410016724919,0.011164150762383748,0.032995789380359575,0.03303898334635373,0.034650700516348526,0.022502092920859938,0.016038975727027244,0.008381186552108816,0.03732344564098323,0.011757627730886401,0.02731652757568088,0.02796294761848986,0.03080088596730279,0.02624426106562556,0.031335055860239804,0.02593215419535438,0.03609356854654798,0.037955648234170275,0.02096931644733723,0.030919635522716163,0.023610512374239515,0.0295102123501987,0.02622787714748984,0.03449837069897104,0.022040499723135647,0.036133512809771395,0.01619117014012261,0.03541424526318549,0.03165176647610286,0.046842637482113376,0.011094282152813278,0.024974710516531145
2021-03-05,0.028333257939318436,0.08370349844468854,0.05723540678291036,0.03939033833275901,0.05157100504608051,0.04916848554921956,0.049752107620976496,0.047496230200428965,0.03617572974844187,0.023960779590795043,0.04799950044954849,0.04006328484734801,0.05969497607384388,0.03765848871551232,0.047142950020232804,0.0408668030737229,0.0435872479488195,0.04287225064705024,0.053631225778505716,0.034779081151297894,0.07113560250067412,0.04159251395184379,0.061083321649315334,0.04175924398381661,0.06025891194905464,0.04335904877252904,0.07185676010884552,0.04127418681449496,0.06800281885574276,0.04093416468503403,0.05443407440635868,0.03535332884374712,0.08027602408480172,0.05061535403551191,0.018113711377169307
2021-03-12,0.02699142664746864,0.10602717880064465,0.08210790973038325,0.05064928319757732,0.08380022277816927,0.06911529128198131,0.07148906193514597,0.053346719552201216,0.07953018169532707,0.03679911060688257,0.08912964249754197,0.0618881347726691,0.08749438419449423,0.05748518812790156,0.08022910231837094,0.0538823409642535,0.06418072238951225,0.05409736270084892,0.07095663985457432,0.05382595274690703,0.07564725972164368,0.05144205087738695,0.07238580788807676,0.042616028460619466,0.07261909247520756,0.045233614833705416,0.09569693688896992,0.05114278007846773,0.08212457291517833,0.05056263463664303,0.07641843191395895,0.03139344015388767,0.10639976713557425,0.05198300450857372,0.029429983763116476
2021-03-19,0.026778589196535103,0.09596732256405581,0.08349629129023968,0.06157843061549016,0.07205692859061436,0.0661332253041792,0.07297842877182414,0.07055896241301707,0.07434456335813028,0.04098086729039548,0.08244071388943011,0.056669751324527506,0.07896514174668204,0.0587098385949696,0.08272762592979531,0.06799577584246164,0.055503873945032485,0.04200804409789082,0.07310088156253249,0.04722001530629294,0.06842270941265513,0.041291160284326354,0.056957720131155576,0.042459811675261416,0.07319546214305801,0.0585540976669813,0.08352086110585112,0.054397703859388705,0.08897879466193279,0.04997870363547659,0.07156183359646671,0.040541384620830546,0.09333531358055358,0.05316326876859088,0.02826915801029245
2021-03-26,0.02877603414032584,0.13214269283394664,0.11792878844937994,0.07186425223557187,0.10023939777188029,0.07638000892450358,0.09799336835167125,0.08296511440750605,0.09145276216198815,0.05242806681321081,0.10400182618751559,0.0717905255957526,0.11008835526874002,0.07341948937161707,0.10639122759123047,0.06930462128670282,0.10110160449362414,0.06845439514392955,0.10556891224781743,0.06260313303655704,0.11188991837461011,0.07150128018917587,0.0996507695457517,0.0672110480252628,0.10421115718271677,0.0767657572364152,0.12133074625818456,0.06290396405796253,0.10479162281657982,0.06402724207749501,0.09380227218737226,0.052639372629121474,0.1319065694308341,0.08767361359767957,0.05178256375065011
2021-04-02,0.013649147660350582,0.07092895413078677,0.05494646025251244,0.03997706737912189,0.06272282492833745,0.04743954147378826,0.05231284817039375,0.04970688173996588,0.056330330147194824,0.023951187328439413,0.062269780157807174,0.0515269973728113,0.06446159091625558,0.0467644055588142,0.048728701863156844,0.04359600223370175,0.050382149930785367,0.03953632426221485,0.06761160789885595,0.03716885118106165,0.0543796582549294,0.03491791311971491,0.03942587393129727,0.05294922726266266,0.0691273568114124,0.053659680828361256,0.07180752999111543,0.028233088720215575,0.06508500697567421,0.02982106024436598,0.05500902672739152,0.02641191488060685,0.0677963972548941,0.028599360536156655,0.03630680949652285
2021-04-09,0.003281897917605453,0.0035864462081247285,-0.00948081793321882,-0.010075361781395502,-0.004903597626317012,-0.0036250769879593247,-0.003191803489343702,0.014512214704470998,0.00891458569686008,0.0025074298074082325,0.0005723179099270773,-0.0012929410387696255,0.00010557320668558626,-0.003457985559332907,-0.010236896725459526,-0.013084330469185985,0.0008494806517895988,0.013404622115032832,0.00654977232655342,-0.0019859140420516565,0.0024258024032415577,-0.0008792475333738824,-0.019496381356942812,-0.0009759568242099122,-0.00441872819962196,-0.0018141922096232344,0.014917705780274638,-0.003277002919300476,0.00788359321603211,-0.008272150243645596,-0.002166499790329614,0.0038929789222178434,0.0013295873774311654,-0.01194670640366055,0.0027470201298488164
2021-04-16,-0.005076648027371337,0.00026397407811520077,-0.016076008068987603,-0.010608747075614697,-0.006323757172374318,0.001656869805416408,-0.010225529081248042,-0.0013967252675451739,-0.01351972483847427,-0.0022991759131350156,-0.0022459585279765875,0.002940293543269438,-0.007670434328318897,-0.0031031149723025468,-0.0073984050146058316,-0.018411762681102475,0.0006980325011103071,0.007622367012691929,0.017643742055590255,0.007777397310895388,0.003581411173403863,0.0023613729067072753,-0.006230659761613302,0.004349035639721353,-0.0045104044850404566,0.012955858251311772,0.002485766893851784,-0.00016519838420146903,0.006746194927019032,-0.005516648839648972,-0.00431536210816949,0.007588825534204977,0.00022554663486501266,-0.012229170235116146,0.011541569926133664
2021-04-23,-0.0002752241523213148,-0.00357917527426671,-0.009390414408844196,-0.002996265638971224,0.004713860843303499,0.007656754504834697,0.0004976073916547373,0.0037490494998790058,-0.0010079603301608234,-2.0445981407371208e-05,0.0049858986089119815,0.00417058190876476,0.0015155251802931825,0.005383400351338401,-0.005673494308319628,-0.010025301961376997,0.004874109541736611,0.0012641989283181478,0.009466489391613188,-0.003959882087378391,-0.008084659687146124,0.00555825332220535,-0.011686471567669455,0.0011169613089624638,-0.015408967844941479,0.0069009170233271105,0.012044940072863638,0.001807079564517777,0.011770512517220524,-0.0009294955573572135,-0.006127554414898923,0.00923109507320233,-0.007305853668083501,-0.01314172093264479,-0.0004685316129000994
2021-04-30,0.004369388338375621,0.015658374004194675,0.002132015100636009,0.0068879369307191995,0.005860529852213299,0.005064857797976675,0.023706506202086815,0.019945339681545163,0.014756352284145298,0.02006563567246647,0.012335758998694794,0.007746004268158937,0.01600029214630955,0.007350349432084814,0.016583529412182937,-0.001637743990685731,0.01693661797454644,0.004741380556455336,0.01278191171227653,0.020732154778208473,0.001739797292873915,0.006827788935258534,0.011384098736450327,0.004874102726658616,0.001146116748667797,0.010508978450847003,0.01676000759666638,0.009452092244895568,0.011762700624360897,0.0018651166328666486,0.017692103236211537,0.012890310297502329,0.011060224914739127,0.008755168657931703,-0.0003554680435026197
2021-05-07,0.007999106482071671,0.029942914813699813,0.028673889369659308,0.021558654735633127,0.03098852048957095,0.029045327569070353,0.0306574992187437,0.02035091740083755,0.023303738448813213,0.017272340073432306,0.030401216137166506,0.027202978198249277,0.031414554671200065,0.025103683173251273,0.03519572398336349,0.018483125242186687,0.03364662924518483,0.012942693163208866,0.026778534190859522,0.02287783678170404,0.019644217465960984,0.024511343269088853,0.040450454757335906,0.026695315072332883,0.023150154120194798,0.022695496802257163,0.024013486217648535,0.025280457542860374,0.02615757115038857,0.022251440645915253,0.0215093593342129,0.017623106007731627,0.028948989513069,0.03372282509415424,0.0012667062961719416
2021-05-14,0.023109867980314332,0.05303591782808224,0.05521888420967943,0.03650358445649859,0.04261472172565262,0.045593288250089126,0.05349401036716915,0.040909247897086345,0.05354782547434242,0.038188728133466056,0.055348704850934495,0.041764310155506586,0.05971556826363437,0.04123957964136492,0.0575136666809953,0.039394319410955884,0.058550903042957805,0.03447867478189617,0.05561791326360883,0.03398796073056037,0.03567788797260991,0.03969794291685958,0.05813287260550791,0.03983294575362028,0.05586426686533554,0.04663238488736125,0.04971645559721895,0.041696011476279236,0.04928208131240529,0.0365197954270545,0.053330439016723886,0.04118390425888195,0.053095114190047595,0.04776755145669836,0.021118044630862934
2021-05-21,0.030815522067517993,0.06860289258204191,0.08305300923504005,0.04567802452728302,0.040191788239905844,0.04327287492525036,0.06703627969755346,0.06541041293123998,0.06782819811432625,0.06147383090550534,0.05829192558396431,0.04210681030317334,0.06871242277584881,0.04028010430116503,0.0672570698507014,0.07255018125713228,0.05994997983043549,0.04834413212960256,0.06286507488257002,0.059514783817724605,0.06794936668632495,0.06007686766543739,0.06028794837209146,0.05518822785883956,0.07317158583273901,0.05467495725582875,0.05612073374059862,0.05500827058341236,0.061598058618180164,0.058415754278290044,0.06852275605392776,0.04337209748805062,0.06665721226594402,0.056392066217961216,0.044173459339084564
2021-05-28,0.025414431501781323,0.09527223040853952,0.10422875395324475,0.05989603043653713,0.07592494505846814,0.0603702925568933,0.08061870208511498,0.06229756492976124,0.08540858972683682,0.061999187217319285,0.08592425990991921,0.05506340328312683,0.09863999693416828,0.05895735891814552,0.09320968234160058,0.06812145583557234,0.08264197192816168,0.05514901545140001,0.08078979327676508,0.04926547563207972,0.0874796585876286,0.06276809899302307,0.08197278567973099,0.0714623275716692,0.08806869160853133,0.05849547927313828,0.06853939766482506,0.05311416200238162,0.0749250268878127,0.05739090921404943,0.0805870135998133,0.040400555296472136,0.08996014800431457,0.056480331268761425,0.04707803813198666
2021-06-04,0.023847338647841703,0.09863564926098085,0.11133582464562501,0.05775561063126817,0.08787457358154305,0.0684773041464459,0.07515220805828772,0.07581536712518047,0.09430039302875007,0.056325607257522295,0.09490144756888004,0.057969511415505125,0.09753782471141875,0.06471371651600934,0.10000361431263464,0.06961717542842616,0.07891033155654124,0.05510897158194669,0.07959481406609935,0.057776400987866884,0.09550383482417649,0.0633304914446106,0.08363840515303544,0.07126094631489231,0.07952364707620369,0.04780102796597691,0.0795205818313205,0.054379576571274624,0.08330042858678946,0.0609935754000035,0.07901508296863481,0.04098872112046014,0.09535763597040219,0.06613945520122216,0.0449880660638656
2021-06-11,0.013332138395945839,0.07128042020763982,0.06274163750901217,0.03466342733945001,0.0642260555715515,0.05821365895623242,0.058297127661998176,0.057412094400862645,0.06485525062501447,0.04002119081954896,0.07133719183276839,0.0454622905154045,0.075617546558443,0.05466915374138816,0.07517741474803993,0.042524589542476544,0.050362036033864806,0.028327092651754218,0.047182938264261905,0.03399196797306754,0.05966654439659356,0.042886949717507346,0.05471181552433511,0.04771038099069613,0.04082076802478145,0.032708404764402677,0.06161679733131144,0.038417796728791066,0.05822412566695543,0.04099313752668825,0.041756279979403906,0.0169434185754027,0.06969709800947536,0.046301614723382595,0.021284188745250652
2021-06-18,0.004285178497666468,0.0372687492885956,0.03968000627437622,0.029572635863214902,0.031756448586422806,0.02729752595382133,0.028654340550268702,0.02115639277692426,0.03736816455246483,0.02496731832565103,0.03634193626867812,0.02451522424187156,0.03878912673454118,0.03380584416961971,0.041600308168651734,0.019684857809497237,0.01702126905684425,0.017022200660784935,0.030761362491509906,0.0290993810613545,0.037105319154918624,0.030099790607356923,0.035081476136951506,0.03095327290328794,0.027690928989338583,0.020471397707977245,0.03736483739553387,0.03026708005784581,0.0353883730922637,0.033339909113007445,0.027580068120398857,0.01924647161227335,0.04158646719581893,0.035298140596295914,0.012947631196848525
2021-06-25,0.017105383547403527,0.015624308941599704,0.023205207201643048,0.012791081387705235,0.021412914321303062,0.021022165529033954,0.0169985018695997,0.02061256307434481,0.017325254427457065,0.019427039470481133,0.02272417326539058,0.020631682281305994,0.02109293314924442,0.017327777100597786,0.015935527071466376,0.016911004943298204,0.020493731892190264,0.013976339447027777,0.026122479530469606,0.021597069460574974,0.02222680833985881,0.026617454555131242,0.009809016190843543,0.01676933693060668,0.0286900296986313,0.027489370055923366,0.0328156624618585,0.02390159776074986,0.031242576600219254,0.028264760116015614,0.01917543601776285,0.018838327222801484,0.01587657618333607,0.029976858544935096,0.009963297569238614
2021-07-02,0.024593247493583513,0.007134892663879386,0.015864538180940257,0.019312714068734946,0.004510475138747283,0.015199673267312882,0.012979444426794993,0.015822808578636542,0.010600589598032896,0.030488356311334473,0.0177651075679137,0.015155803685403863,0.012930626142048679,0.02540804472830852,0.012100046557734466,0.018173041180177537,0.015322722094618704,0.015714739608567976,0.02041373357567127,0.023083893128207335,0.016744069798726148,0.027274374441596864,0.0072733225579387165,0.010596309638822254,0.022476005171571584,0.02507474290478016,0.019864427560731104,0.02299789269781861,0.017500285091755555,0.025245005032128304,0.01345612488387969,0.02035060417731438,0.010611690742235481,0.014960530546418549,0.016061282555904225
2021-07-09,0.008724911005819042,0.0020510017183215067,-0.0046004513671391465,0.0030847899773611136,-0.015045001122362418,-0.0009624095604905163,0.00528844053489536,0.0021123553172821565,0.006484100745810303,0.01731388166121879,-0.0032977230926196305,0.0031942640648668997,-0.0003317639623802045,0.0007569618529246873,0.00038763718408645206,0.007704489535710071,-0.019528359326308548,-0.009533067700642038,0.006285737441953637,0.010469278334208087,0.007983320972263305,-0.011524186146901299,-0.0038675497532267254,-0.004600852371122688,0.0016630971877254041,0.0038555196337205907,-0.002261662467152701,-0.003546211894418505,-0.0025657571546687905,-0.006112637389059863,-0.005472100359355628,-0.0003677206529040875,0.0008322169338352637,0.01288612934298987,0.014149291891133673
2021-07-16,0.006478255658651884,0.015206408442479804,0.0012012876609942926,0.008647732333416626,0.011929177870655618,0.015732218429064845,0.012780750655347077,0.018326812441504758,0.016783570938386155,0.010959851463945205,0.015368787932015491,0.021196254112611595,0.015027971482831137,0.019032798929881908,0.010417114315185204,0.006247699419176168,0.010615555930473936,0.006098366416706699,0.016228656994621924,0.023303107270211714,0.02212316245320835,0.0008342442687239097,0.009579859300443767,0.00873604754993081,0.01989628088770939,0.013190078302796995,0.004457442931686036,0.003518893039821491,0.013057471667091577,0.0049023642876098485,0.015027168617226467,0.029062329874410483,0.013341552280212261,0.010333750103233171,0.012582844283794801
2021-07-23,0.010700575350556048,0.01695741536630061,0.0002773487211063873,0.00932099128981502,0.019156599953340365,0.02767498619860263,0.012361991211851974,0.019933979312040967,0.035456541535101686,0.012650915645564254,0.01767236609771144,0.03214883184169443,0.02246390817694628,0.031658637214233495,0.02293456460740765,0.01671887531948078,0.015008881612220266,0.010497030161266385,0.014816577577368683,0.012313814835688741,0.030145229886372395,0.015759362494229736,0.0267301939327348,0.017368319634814586,0.02684434517958824,0.01900591495456314,0.013216185125879524,0.011143530364723552,0.020756055641959696,0.015188606259962538,0.008037759981400468,0.03021562092487758,0.01788353921322693,0.036033855109457794,0.013435119990887989
2021-07-30,0.021856663945937663,0.03927666917440992,0.022740105170350012,0.022855466300007045,0.05626329031551664,0.053267289931791445,0.0323892299752711,0.03664891596494566,0.0523446720135238,0.03525319541153925,0.05778969022143702,0.04891488124800945,0.058325692461935155,0.04795756009919864,0.03305753828221491,0.031870443790550214,0.046197997863066644,0.02892907388303156,0.03119142628355596,0.038015355667581296,0.046350502294164354,0.02741555212907055,0.049381612586915646,0.048623970573222146,0.040524833026231166,0.029620833982490824,0.050451312556508664,0.02971206552216086,0.04793587058010918,0.037212030104305634,0.03980460543296698,0.04773049794623091,0.044506622052572095,0.050986094761558055,0.03797563673574873
2021-08-06,0.010140696242285446,0.04669003888722625,0.02900832856356723,0.006770060626608784,0.04589672343707699,0.03423527760448326,0.030054655700898266,0.032861153073731865,0.04870576498902615,0.02242640328734877,0.05108484027043916,0.03282419552447371,0.05010680425673732,0.02934295506935046,0.0393975509341975,0.009575620670294526,0.046741658711783776,0.026963478075445562,0.02836612419312445,0.036252409930661283,0.04810560652607279,0.051648978513282214,0.04577754873113579,0.035946037203477575,0.02376196341887424,0.028087335723720405,0.06031498819766812,0.0451943960970077,0.05037086326810371,0.04267431973092496,0.04292579175087732,0.03314061106395581,0.04725571679729875,0.0479080978842039,0.027925311685305924
2021-08-13,0.028489153754491795,0.0643126739661058,0.041410968050172095,0.03233667687960278,0.0645505719132347,0.0504648179933728,0.04423696773388696,0.05102358970203539,0.058783994087133355,0.03683159519256009,0.06399247261336713,0.04706780876092597,0.056319615853380876,0.04693789938172791,0.05392395779847956,0.02929927187073327,0.05595517028647944,0.041031863971539184,0.05328113499043936,0.03196026243614995,0.06608756393689402,0.0631885406580399,0.056956790427542925,0.059767459190731356,0.044480379717684634,0.04072322833462448,0.07961010825004626,0.05307040207407973,0.06360691341030202,0.05322384576110351,0.05765044734048672,0.0440593173302424,0.05722938495304449,0.04107207401748147,0.049580869391438014
2021-08-20,0.03181424875628952,0.05433722684409975,0.025319781541223947,0.009151349857066088,0.04158702068233695,0.04007147874707507,0.04723185160655884,0.056686498568876136,0.0579283991158447,0.034669959500621364,0.04110767645732661,0.037735956237927394,0.043756471176520415,0.03645469446663287,0.05744164096159487,0.021582217613535046,0.042986635724036174,0.024412047004885445,0.0489052428352648,0.03923303074944731,0.059098991143400906,0.05687022921530161,0.043270521814551294,0.03718112473338786,0.03432649237876355,0.021931346281357532,0.059248213319184444,0.05188146362941646,0.05556146850646435,0.049648388142486954,0.039877099002287406,0.024237482670974222,0.050670431987826774,0.03042501321552557,0.03421501384274458
2021-08-27,-0.016650634373886048,0.01882377069848246,-0.012268383045073085,-0.012858111610572785,-0.0004210607854129787,-0.012941701576967,0.005788672802222557,0.005428478497193735,0.02225021531038187,0.008759362821504614,-0.0005597011018435247,-0.012824973193474752,0.0013198558124187998,-0.01179578863960154,0.012513742590443825,-0.0009680475557984665,-0.006893737568307986,-0.020835813565099687,0.01178145120199994,-0.012336824020793918,0.01720573667498942,0.013964393706265893,0.007770620662375542,-0.01307493153958561,-0.006806766130781325,-0.02545936667392447,0.012852565997915554,0.0009948288071674914,0.014786767485678308,0.007987846367924285,-0.0005910811539526678,-0.01981677342462385,0.013706725605973021,0.0006069064388525529,-0.003381065355916469
2021-09-03,0.018166604909000125,0.013934756990117377,-0.0073914691750738785,0.007710703410656308,0.017975145494521193,0.014782532715795023,0.004170597203108948,0.002501141418807244,0.03688919930411414,0.030138767617772306,0.006126701263325415,0.011969052845401418,-0.003525909005202532,0.013410001277676737,0.02216237370609122,0.01808344986669464,0.006376166390241798,0.007191626650638956,0.006612245583518779,0.008523459442035378,0.016831121408429284,0.011316251960440823,0.015477654784888339,0.016591932351781528,-0.01492896671712318,-0.001709207950867243,0.017899697504917197,0.00877684570102797,0.017440654629100886,0.010383428160659684,0.014183951622646605,0.0021532423556333245,0.015327299651483996,0.018600228032046643,0.003736298022807899
2021-09-10,0.01230227453185606,0.0381968961742954,0.022193958177801155,0.022733903450954367,0.03722290893982189,0.019046241101327643,0.030905400274829718,0.022319769353813038,0.0462504363811042,0.03093709006512768,0.024033997411895106,0.026241719469317623,0.01462050457595853,0.021564225165470473,0.03444666662739636,0.01858741627427897,0.03386297860951566,0.002522046857770777,0.029426272541351113,0.012205850896419628,0.023268973371754046,0.011207080796217751,0.03537027504548133,0.021279152479243363,0.01718331479646296,0.013325015114462779,0.03659155081004005,0.0048184732427366305,0.034633013428464525,0.005593518840493294,0.04468084377617678,0.021677847960598524,0.035820161726548554,0.037783439034023356,0.010180277419983086
2021-09-17,0.017907013892560456,0.051387406486147334,0.03633733939345815,0.024696339931445415,0.04038019674470244,0.0271139553102894,0.03533338557304903,0.024159439343405826,0.05341066938127987,0.030211563233438644,0.043621168403711434,0.03529234685434795,0.04938819549958907,0.03562582041624345,0.03424993622138117,0.025548912517970486,0.02952912467278693,0.016821118524546163,0.03665545740829005,0.03143022293314484,0.048008642280207126,0.022479841452196146,0.04965481128134908,0.02779938344647561,0.03669907803313455,0.02466658006589728,0.051613526815644906,0.019799143426314798,0.04490451164680077,0.0192315317441479,0.04664906486098766,0.03138959188383483,0.04549114790055093,0.03413510934289633,0.024470491088792477
2021-09-24,0.021125095562307572,0.042396278303563746,0.03314861450290327,0.04117006780672747,0.04352288670101989,0.023345969304067193,0.04035579705514819,0.02810086661626422,0.05366628871429449,0.021535275826232568,0.05519888240909843,0.030275052073281468,0.0493397056664731,0.027136381383339927,0.03397925998623276,0.021176249682981815,0.03682873396749474,0.0329534710055163,0.048888656237353355,0.020891248153510993,0.037191819961592675,0.03223108821144448,0.043440201072099345,0.025106049974673837,0.04352532261152818,0.03508205080468375,0.044935444139109416,0.03144225919184076,0.0449828090656596,0.02902867786320251,0.050873923301615956,0.041630725549518896,0.04509120708327887,0.04449359703857649,0.015378782673233383
2021-10-01,0.010485828416058357,0.002781548046668926,0.010465572775720598,0.0028296042000693156,-0.0012852815541836377,0.005483908747685338,0.002393904016965129,0.014099896861557543,0.013522407196089041,0.0037912713124808677,0.00801477623874639,0.0072182809586192635,0.012116611379090458,0.00597874452506419,0.010074870021823118,-0.00014090584704756992,0.0019329182694124546,0.011091322523873041,0.005900712729400594,-0.005550793143968398,0.006396092282358998,0.011035177695285822,0.011552172327530828,0.002845917467455436,0.016189490469824167,0.0137444035764351,0.0020862629828419564,0.018189497051362028,0.003998177920494792,0.014452399380992546,0.012840512619349364,0.01658875768909935,0.010036397899570856,0.015919505894583928,-0.0013903661849292012
2021-10-08,-0.009916872242201577,-0.01003331053556976,-0.0028742254730896206,-0.016210376386707536,-0.0282407894938706,-0.012758644373387829,-0.01378099253736439,-0.0060080776814060936,0.0037592919271737125,-0.024836583295053723,-0.026459521966304588,-0.02187966290472919,-0.009015511223145084,-0.021662402038430548,-0.0022190481731577776,-0.008734837341495527,-0.012021722672511127,-0.0012307828075818145,-0.01376035275506601,-0.013861107481812013,-0.0037051124986404883,-0.007160918153203287,-0.0058619697488202695,-0.012080654682494633,-0.012544506632042226,-0.015055770670371683,-0.015991757639994532,-0.007734486840231707,-0.007422310132968848,-0.006911611309125598,-0.010742735110219299,-0.021915239371585595,-0.0002516152407821071,-0.005858167683660043,-0.023497170054322586
2021-10-15,-0.012385466364362505,-0.03266104553198015,-0.030272890838010054,-0.03121387803661469,-0.04571060655397768,-0.027083041746367217,-0.02409823793663102,-0.010051281797875664,-0.012727705087861906,-0.032435211162264714,-0.04626520393139358,-0.03590527074813795,-0.03102224060339279,-0.03534376629715716,-0.022810136433187092,-0.018767466905503166,-0.01606138382903241,-0.006079714498065608,-0.030735935632487468,-0.011349811628074441,-0.011845360298151336,-0.0073137783083254216,-0.030057688094978545,-0.02784444503228478,-0.032324291686781526,-0.018866739158896535,-0.02799396286004231,-0.004043075826128901,-0.019266672261585002,-0.0026157493888672237,-0.024045960870041853,-0.026272205482975458,-0.026138804160202662,-0.02153205695805296,-0.039370183887041346
2021-10-22,-0.01863104516399612,-0.05560544453892363,-0.050030177622779004,-0.041088923752898014,-0.06184982937209972,-0.03916206794378123,-0.04893776140350684,-0.03133322010529562,-0.038046285254932685,-0.03720630794686474,-0.061182196660445144,-0.04033133688668915,-0.04681357373282273,-0.043447856649731414,-0.05671649964538643,-0.048185577189223124,-0.03595073163945204,-0.021878849368820338,-0.046912037064159216,-0.01282008781956663,-0.02394347280202931,-0.01049735269063201,-0.04160487701175309,-0.024616643231907202,-0.04827364041560363,-0.036706832776381496,-0.06037612099320773,-0.009867943741348103,-0.05354433256751475,-0.010827724855856992,-0.03603339221390734,-0.013941408226638514,-0.039206504755865894,-0.03203826618153211,-0.052314283790448585
2021-10-29,-0.016621670400904457,-0.05053341772555587,-0.046047610224355356,-0.02252805189979322,-0.057103615561512826,-0.03452723700412027,-0.03548121602438463,-0.025563181982094625,-0.022783859207476973,-0.012502700279873382,-0.04406108761756177,-0.038706952923809754,-0.043846047490310985,-0.038110969143638915,-0.042803244613341666,-0.029655018979724928,-0.023696936056644673,-0.011454497776356652,-0.031041643077100837,-0.007115222892191086,-0.02716241637477498,-0.006767891914528681,-0.04584309936887205,-0.028077248102570593,-0.033149657281211296,-0.03543167445081212,-0.042981702270733696,-0.007169354148328914,-0.04468190967985068,-0.009621324563509613,-0.02126764407296312,-0.013670774492742711,-0.038539429510176214,-0.04345794933221562,-0.035086368333104995
2021-11-05,0.004290738085346225,9.88776162151653e-05,-0.01512283795011706,0.0019191520941809804,-0.01770157690954542,-0.007878525463093191,0.006949223553619889,0.0052003047476810406,0.010952390894948219,0.020264205463146442,-0.007749105202946947,-0.012219608566649822,0.0011724347840841233,-0.013290682047403655,4.457212278895546e-05,0.005729665832490816,-0.0013238725988610452,0.0013611950390276942,0.0029776057570367357,0.020777187635365083,0.023785940177001346,0.025670186391889793,0.00538812522895137,0.005721207869431471,0.01329135331431312,-0.005760409856944638,-0.0038211197554794867,0.026296881178573015,-0.007858521709190916,0.02425394746628533,0.01454152080651413,0.008476221519287227,0.01846641842619802,0.008306793751336444,-0.016593583748770617
2021-11-12,0.014777115531824744,0.014945159672618823,-0.0022755465169556847,0.002473269003139483,0.0015309121369396325,0.0033838084577695075,0.02765781975346679,0.02928278041578188,0.023643612118145085,0.032587646934341435,0.016276678160305893,0.007581166739522448,0.023849623173729413,0.007275960224338132,0.01509448752790341,0.017658596577940704,0.0067755712684314795,0.0026822211639949685,0.027502475920508328,0.04651404776648356,0.029080111525278396,0.03783832196297882,0.020505853853628634,0.004473220587527282,0.010479759670852415,0.015291274207864549,0.014753051943242532,0.03336195974027553,0.0132193992309366,0.03586377083320556,0.011508077022932021,0.012888391201328016,0.037112270020812355,0.028892682907543675,-0.007097488609020107
2021-11-19,0.01898482198409966,0.060330544810164956,0.033553639696558384,0.02513179335998496,0.032604232081355246,0.024611597381681546,0.05844471752957942,0.045486975402677966,0.04557955829766411,0.03853713048998482,0.040103979426426455,0.029444024861562265,0.04669734689022335,0.03199465031523067,0.03997849297020064,0.030455110002489995,0.022981205940335765,0.01642020918658439,0.050335788056779206,0.03885204554573623,0.05203918011172559,0.03634777814596013,0.048276584616929304,0.017220418467421405,0.03912473214435007,0.03171197275672625,0.045540393734892985,0.039556075186026475,0.04551175298320663,0.04091284753916865,0.052088335634387306,0.027143040192360048,0.0687364719192757,0.05037615153473721,-0.0024327321269594685
2021-11-26,0.02689819582823833,0.039138311975398556,0.011236939437013963,0.01991924564038926,0.03329226031914826,0.02159815348722207,0.024342761015298253,0.03684419180030875,0.032035784764165964,0.028092949777010972,0.03210899567369602,0.030024221507242137,0.028581913150879674,0.02748334871827792,0.012024891890313864,0.02049798589601748,0.01913757222495051,0.023214270955443338,0.04124045347896933,0.04087466612441942,0.0422412252367973,0.028401825001159727,0.030357812093184805,0.025068323879637314,0.021143524426764367,0.037598210729848376,0.029854286695340227,0.02830536829188836,0.03026710003557364,0.0313617901682185,0.036390364319152456,0.024148778824353616,0.04395994485560086,0.038563980191514184,0.010813037583110842
2021-12-03,-0.015338631260946915,-0.012023071566576973,-0.02398816790627191,-0.011642819121492318,-0.008448029661668174,-0.02984432235888449,-0.02113145494726734,-0.005231014182384213,-0.013091928811936012,-0.008653151720779302,-0.011140055849976474,-0.02201246222465062,-0.014714696015869994,-0.02036854013472478,-0.025288122261304495,-0.018666642945846496,-0.017886589997816844,-0.010599535123715632,-0.0005723869469321616,-0.012538286700692854,-0.005963000016039918,-0.008071927922736616,-0.01652129650123972,-0.01602844121430234,-0.02066484243029457,-0.009733523714883537,-0.010377676604167892,-0.008847562445210998,-0.012616345552169218,-0.008518858362235926,-0.022367810752640795,-0.009337070440061055,-0.002030467380169867,-0.009324216838445738,-0.03960904283602186
2021-12-10,-0.01081177323306979,0.03871702616865253,-0.002722387019137635,-0.002107945693341455,0.01582748158280475,-0.01261751383811424,0.0020909596140257962,0.007244964074094504,0.013442074302531607,-0.005790982434405734,0.01622043513421727,-0.009919937194669938,0.033138971378576736,-0.009064213293397856,0.007151473763530405,-0.009875532640868389,0.009124533937266836,0.0015304189966092153,0.03793372694855215,0.007604747958811906,0.04320262150414961,0.009394171227820838,0.03257762826922398,0.006032933753161773,0.0012575717383105224,-0.0010434401400084665,0.0185193070340398,0.0012756278068744068,0.018244453545900676,0.006167351152470699,0.01069434191307653,0.0008797317850292455,0.03914441978292459,0.009689622008988387,-0.025000365659225983
2021-12-17,-0.004095825362051699,0.009688380728473237,-0.037130491269983634,-0.012574763275530618,0.0019061511736807371,-0.020386770095658105,-0.02076950600026838,-0.00765001287384881,-0.0017608271438655943,-0.0254470307860112,0.003622077090942952,-0.026875131774657113,0.0013520108860785086,-0.02838873330258371,-0.006959286819093774,-0.03008570391160916,0.0024215742359483083,0.00416667250702171,0.0250013793902321,0.005104893047336093,0.017932259331213295,-0.0016183262450644388,0.004837905514299222,0.006216400057985115,-0.004931337707381114,-0.016518005128016922,-0.00591634156164155,-0.004656687390163414,-0.007662112006765888,-0.0009684683726070932,-0.015421689250919343,-0.007418516130702019,0.01117785116284873,-0.004885898741536965,-0.015906864480894244
2021-12-24,-0.006350637502596565,0.02221487238794882,-0.017775957197948895,-0.005411489379750681,0.01972726852594464,-0.01347865117963155,-0.0004575835112097117,0.004702908149831733,0.000424894189958016,-0.017071797064756603,0.02060344951359259,-0.013422650621093803,0.014059020604477248,-0.01372757232260553,0.007473997989053452,-0.028666056244118703,0.007500256624157268,0.0015134217931139073,0.020710493643429077,0.01695524087832637,0.019275646796684524,0.004497126193099749,0.011520105329719432,0.005927016052605326,-0.004182156544481961,-0.004146921743296729,0.011805333054903297,-0.0005253736610185633,0.013375894173893628,0.0004869235167593879,0.014877995279934721,0.0010935515767089186,0.01212820708857784,-0.0006943131450283568,-0.023976344398152927
2021-12-31,0.005916594844976938,0.05549775374614746,0.012316196175202583,0.010825753182420128,0.04768425556923048,0.006252004843892365,0.03390898568171952,0.040901654092361586,0.025565561416132702,0.009244419710315272,0.04740756242863834,0.01274142419940712,0.04467870314089956,0.015321480490025123,0.03426638098831765,-0.004419449014486343,0.029388189761086075,0.008189661168562047,0.04120100282440718,0.013913214287544492,0.0456583899003216,0.03322087236260168,0.03638930374724038,0.021037258317266137,0.033576390874641523,0.010309232508630709,0.0513122335071394,0.03607199141013695,0.051302447364085506,0.03250165787651802,0.031883924353335674,0.0343040509362374,0.04400158247562307,0.031485239566455374,-0.006578298983524715
2022-01-07,0.0011312863719020252,0.04848627665224975,0.014939878937629249,0.011353973176654274,0.04826770100984196,0.013565918509579014,0.03465473275975245,0.03300778933224087,0.023356179722207385,0.00031733261139157986,0.044302427183344616,0.011981888077986863,0.03839346579836843,0.01884804504465472,0.026164313445646976,-0.002247654533398275,0.019274800366760124,0.006434338903474518,0.03441131616824467,0.013209636543417613,0.03531815435191502,0.020611769033261212,0.03597509563548508,0.026179704178554294,0.04182924441028259,0.019022743363795624,0.05512724266148823,0.02247715286291336,0.043798583190273625,0.0206375552612024,0.027723637700730032,0.008837723352737574,0.038008562469256574,0.020092939326569942,-0.008941948315934478
2022-01-14,0.013709060308596834,0.07941942805678663,0.06377120254572899,0.03420377666034188,0.07300155125322189,0.044406616992268534,0.06270101522728642,0.052168418099931155,0.06747971485279138,0.020347360935158355,0.06875084137567035,0.04843243733596606,0.06677487154241489,0.04755899453149691,0.06468348006512967,0.03496815751277356,0.044157235878614504,0.036037938893429405,0.052061791774614105,0.027463044398926266,0.054252096759268294,0.032539161109516115,0.07011140952422772,0.03908017197985559,0.060765233234918295,0.02692883027157625,0.06869455133590899,0.02738429246829868,0.06586164683484513,0.027142082922210403,0.057457922773750766,0.027887249386069717,0.059410754153162014,0.03325469411494342,0.009736011877175512
2022-01-21,0.009729593427095702,0.060084953088738416,0.036138886951291374,0.031159552252033956,0.0534704264876321,0.038094608651054164,0.04944698737790103,0.037947360053859056,0.050890999864206775,0.018957443360710247,0.052199153147575554,0.035639380660253794,0.04796121377931532,0.03599380776252638,0.04427769385298033,0.013902857306532696,0.03301602351611825,0.02517022234052384,0.0331155451278505,0.020170278261180178,0.04735825382376584,0.025313674472966216,0.05976930386451652,0.04205066051142432,0.04801205928939651,0.011753515904380738,0.04526002910774888,0.024466791657053986,0.04524972441770574,0.02519733994590048,0.03771672482013079,0.02809444931631308,0.05013848631500518,0.031326596701154,0.014531172223109292
2022-01-28,0.02656818360977562,0.02458577106092471,0.020672555299014333,0.03487394531866978,0.019648394991236624,0.022433141473626485,0.030071517240701943,0.02230200646812324,0.020798243367632693,0.0241462031239181,0.015805036325272286,0.021852089481432958,0.020006803438261084,0.015154399714374534,0.017353600481640842,0.030096028456683823,0.024595439243497785,0.04590562659159723,0.011160977937232036,-0.0007375833409224722,0.023918657335552658,0.024438567461213513,0.026992227646262742,0.03132935114084057,0.030464241390101066,0.023865141180658807,0.02803490753944901,0.022749063812948937,0.027952386445643226,0.021928346597821134,0.019500919175078762,0.015063572041819333,0.014327963215517613,0.008061126156052444,0.03278041512696998
2022-02-04,0.01474935214505249,-0.02671746040538444,-0.01618526863128575,0.0058023304664608505,-0.02348763727030095,0.0005564943797952852,-0.010261516248174299,-0.003713600641830808,-0.009573913484220318,0.009271586554672298,-0.01383814205369363,0.0029824769886503903,-0.02753412496452219,-0.003073202353338757,-0.02387004809319044,0.011755824397695704,-0.009804205838496968,0.021002444423438724,-0.017246005037980624,-0.009249894324618988,-0.009463678755395945,0.005489771352925415,-0.014340474072915575,0.00014775273677820316,0.0048234515316652555,0.0024250276050162643,-0.011651728979263783,0.00635977985009496,-0.013288059842530455,0.005966045410259417,-0.013801442620458806,-0.008278109704054671,-0.0244654247721379,-0.015776663417388485,0.010622507699250138
2022-02-11,0.012462252623280564,-0.016819117706943797,-0.007852251404774852,0.0070366431229194745,-0.025684729363301358,-0.01463276824754827,-0.00022799248338816453,-0.004647037255300516,-0.020356568811130616,0.011331736094623162,-0.023624846157202357,-0.02439804987582846,-0.023728954796412675,-0.02491573891858585,-0.03501835428383737,0.004102029888155012,-0.011139692351536742,0.010891788751119427,-0.022602651541665873,-0.016722823931329654,-0.0027021356533424167,0.013009162759288899,-0.014393970755260334,-0.006936340021434838,-0.007039769100337018,-0.002738152349674972,0.0017326749177192814,0.018287035848655705,0.00012184516325335736,0.01886955494481171,-0.015158340189880343,-0.006669816468573909,-0.020328706838496007,-0.014386087855685657,0.009667492899935752
2022-02-18,0.017892537378693733,0.009277624582466061,0.004247977941936301,-0.0009945425673645136,0.01394585371890116,0.011656831483479518,0.01095286146479505,0.010322857835195433,-0.00017426209832096788,0.019078035376227716,-0.00320118388870452,-0.005431847321728955,0.00031581612367047074,0.0014877423066934742,-0.012436260790845012,0.01566418115413616,-0.006830694243375529,0.016320242667596865,0.0011177746431241939,-0.002060608597201879,0.015576371514250124,0.018147823209645246,0.020677202280056324,0.009217026388840897,0.013218675897402927,-0.006574594103553356,0.009350030171048487,0.018332128450704317,0.0059155467909002375,0.017438288747011265,0.0018810534912216332,0.004360624002377418,0.007435725734274952,0.0006878195594163911,0.01748470435263883
2022-02-25,-0.005778783978218199,0.011263253972440969,0.011949164004502421,0.00930273707042589,0.003563304655861394,0.005173290929107677,-0.0043360761288656685,0.0012955851044033585,-0.010181634363179148,-0.014524017711306365,-0.0007827807557454453,-0.006513300795266432,0.004178806987713084,-0.0028952878679840348,-0.014536220809442875,0.00539637453212008,7.198456765920628e-05,-0.001634529582981515,-0.00030590013418603886,-0.010213033346024778,0.01949534051058168,0.00023734340308203972,0.008645278019138553,0.006862391670047983,0.013201421254848052,-0.0020114544905912987,0.0021358164008139493,0.0015670697595751876,-0.00017331141623090924,-0.001793306972218378,-0.004792663958018284,-0.0007158693861879482,0.009681855793431001,-0.0015809182192581962,-0.0041240987162920965
2022-03-04,-0.0066169031559659966,0.06458511503106366,0.06016130078055487,0.02081027614766132,0.053626879701771504,0.03989392290111064,0.03967168143419726,0.019532181679410853,0.0415990561336589,0.024804990969813725,0.04503322248456677,0.030572830078977976,0.059345820193988166,0.03537341059110627,0.044391084747965937,0.015929479926832517,0.03912816506548504,0.018733183772714143,0.03636415700695692,0.012212910327485829,0.052213627258587324,0.026125940405726116,0.052060200980130984,0.03470517527804461,0.06221325706870036,0.016343195191568738,0.03550582145272833,0.025900814469835467,0.0366782894141454,0.02562816347365307,0.03319591122461786,0.026696927907554915,0.060698636144315865,0.026012347270288914,0.013020424285448692
2022-03-11,0.010799820539429069,0.032046177361540105,0.0428585781984462,0.026583295805114163,0.029441056819411407,0.03412786737776426,0.028082365727600714,0.021797078885763637,0.025933373442132077,-0.0036732231540998164,0.039117571730415746,0.02940489655254781,0.02819428381591624,0.02438576901697308,0.03213795276819369,0.012928464081567623,0.020510433344662196,0.007450939855029854,0.01729134464474682,0.02494480949251471,0.040385243443276944,0.016307455406435013,0.02352479718769575,0.027036055344208745,0.043323574481840654,0.028762673714068977,0.027991896314687185,0.012502927861252497,0.037567629949603956,0.014574374935652399,0.029617870899968826,0.019102657784143103,0.03242970975026438,0.02902816981792309,0.01901865047215196
2022-03-18,0.00371073291777491,0.015427280897225252,0.01647812834018224,0.015660938736686378,0.011493244510120992,0.0172935467758146,0.017005936363513857,0.019459003854501434,0.026728966715878603,0.012453626223199094,0.0241570947343528,0.0043091151682840565,0.009714174513047093,0.0014144819045505599,0.02107362772763074,0.004184043468382555,0.015013100029680213,0.004444541388003122,0.016756201694756275,0.011129065148643086,0.028938158016426404,0.010904671804702152,0.0033853830056128197,0.01405094714873857,0.02473531291995407,0.009338959413342587,0.021125809057763945,0.01801032478581658,0.023116874223734072,0.01650374215236251,0.02559569177058373,0.014480932208530663,0.01792626243413985,0.016422677161685603,0.02237203001527927
2022-03-25,0.021199553932453232,0.02498885449179072,0.023131322251250648,0.028870221254065402,0.03647729628666826,0.026291140381471446,0.03484572696118993,0.030840904257181993,0.03655241383061532,0.023157355768286467,0.039588437163681475,0.03220698594538894,0.017986584038284334,0.03396072297320712,0.032015666713422666,0.037454231131683745,0.026836623918112302,0.01630904928428967,0.03323558105077233,0.03309524412300119,0.03756948368106099,0.017279746932515327,0.009038104922164735,0.014254164124510412,0.03924905230357407,0.03029650545041767,0.03522050113351789,0.02714170419587563,0.03929135676875725,0.02649086626998052,0.03526728010944157,0.03540178661412658,0.023420267172101182,0.04114841431731136,0.036535193743826015
2022-04-01,0.002498928038056168,0.03776157193128874,0.028719883825238393,0.01757474323478695,0.03707160353192109,0.029259629555322523,0.032455492430820645,0.024874296954353278,0.032668279406615736,0.010884736948744199,0.03467169651502323,0.020584738783684674,0.03172027487618226,0.027583441750442222,0.03500000801550295,0.032836155208879995,0.014065584341525694,0.01016250575753638,0.022990327334583446,0.030648494069300907,0.04139498035735689,0.01859376694023149,0.022004851734667923,0.02676705942436258,0.020754508430615902,0.02351194626571236,0.045697524891456086,0.019905795470578847,0.04388159840507782,0.02276685366388193,0.03193427932354893,0.014536340015884785,0.03311062741097039,0.02402423124812554,0.0009470576080999945
2022-04-08,-0.006253499396280958,0.046639841815199194,0.029485503611997785,-0.01027644733944085,0.009472075332416872,0.007849732467869746,0.026047306240300806,0.029870759046638357,0.011567386217323998,0.005042793736342729,0.0076453417448677065,0.005336392918619121,0.0386936932504789,0.004413030969727667,0.011018808588188782,0.011309823988870345,0.00856068037196466,-0.0029239568400720845,0.015127157312483278,0.017886092101748317,0.03565067847428688,0.025623294081737715,0.02452613882346727,0.0039868429950846865,-0.0002422635216421457,-0.005310827079680728,0.039628750210799576,0.019761237597074426,0.039381115143210306,0.019303908254788407,0.009269044494464742,0.001723586306513212,0.03913361606412599,0.009018553668270623,-0.02531147243979249
2022-04-15,-0.00918796099960025,0.030224649222036524,0.020039129867750968,-0.013397701385791818,0.015481598218155382,0.00497034711876488,0.0025415097710579614,0.006742426413252147,-0.006555770290230853,-0.010907369329918593,-0.0008310609346446369,0.009492448042463353,0.030806541042880522,0.013571054017863212,-0.016988965192721545,-0.004286167584199548,0.00791476261573354,-0.0019370154322842657,0.002012763880753995,0.012739042833865021,0.01574916128613716,0.0069510740213130535,0.016657463918235704,-0.0006699257942618864,0.00738248722783063,-0.00283079282426406,0.011670148061014355,0.00041933146473656504,0.014012784217362337,0.0024095608608203593,0.0029605697359792195,-0.00597353893631206,0.019781340793120116,-0.005402167575005417,-0.03485433178924342
2022-04-22,-0.00999729092900113,0.017744625866791555,0.004634498033372273,0.0021362176752796206,0.0007404615901290782,0.008434754978631802,0.005546729214195935,0.004175443289597994,-0.0076867062716833535,-0.00448466956429049,0.00319458629538103,0.011895573886728877,0.014880249950107094,0.011251420833523254,-0.018835393442327996,0.0008431269006039065,0.025167423423531503,0.003957535826353127,0.004746732680376058,0.01291675879917496,0.009925794314649137,0.003155215310804811,0.009678358612972107,-0.003333615084665865,0.010368854595939336,0.0061029810761428094,0.015781681451133792,0.0036515904670419794,0.011478897633297054,0.0049133758407872725,0.012953258982792502,-0.003628760764180063,0.00741124608445727,-0.0021267850435582264,-0.015035136497068459
2022-04-29,-0.003311778183385542,0.010668629518535151,0.010166548115114629,-0.00914567447789185,-0.009138688759993234,0.005748560956254627,0.0018551875140943807,-0.0013763234008875047,-0.015423917220694241,-0.012958369727066165,0.010352696950883556,0.007150772605825219,0.008819537334429164,0.010212434693468267,-0.0214413598286151,-0.014471394038989258,0.0044831871925804,-0.011373844537827844,-0.01476575301475631,-0.010110388422204214,0.014180459434741145,0.0010267635562353403,0.001474671350911104,-0.0045545510950348546,0.0008191096673275447,-0.009084720664854927,0.009261144285510094,0.003706950656669819,0.005021087470773585,0.005040126976418824,-0.0013475586801285045,-0.032334422605185466,0.002613206393524244,0.004558386391136047,-0.016924750770009957
2022-05-06,-0.005813751587448395,0.03142618472734007,0.026033646257456734,0.015832659386859543,0.009064512303744518,0.0076229378668506344,0.028938069924084164,0.0131726195418771,0.03012545203094593,0.008220289842426013,0.012717145567901154,0.006938967091856696,0.01989310556311111,0.009806367093022928,0.013957852804867507,-0.009906386248970325,0.0226519212319919,0.0017520620791477497,0.017852797670587336,-0.004037030089327419,0.03314840668625137,0.00957013400369964,0.017852106930560056,0.010512165252878305,0.012060666245992195,-0.020869811961658286,0.017629550493776538,0.009036330110632259,0.01964499174531893,0.010171492271433128,0.037837702583321406,0.009718090517538948,0.027681751962501683,0.009895887000555948,0.004662149813998708
2022-05-13,-0.005181073115420192,0.045780578377601064,0.02653110647906861,0.00901050111686506,0.01565177622976759,0.020507318587557843,0.050433205855369895,0.04029726642946615,0.04239719861802792,0.007483290424537547,0.018881063728319263,0.020515432375242625,0.02190330974801734,0.018318974091809964,0.027092496651122344,0.0030569394566951733,0.03897891582357678,0.010277231245932186,0.023148076693179028,0.0019792046235275118,0.04338931900183177,0.022479108887856113,0.017277471517441693,0.007327589636723987,0.020077147947372153,-0.002395665760383703,0.043871389904621964,0.02401821047592862,0.03503911233104036,0.022883119557402878,0.0450692927312594,0.005998886956891912,0.03877089509448535,0.0062158608310148335,0.01629584310047162
2022-05-20,0.0006156238101489582,0.0325587735461864,0.020891767286053284,0.006841573811286336,0.014259399732313258,0.010833356210755344,0.03572558460443216,0.028544130003061285,0.03272656174751854,0.014800584216421279,0.02611931305640467,0.011477274020660148,0.022930205323325858,0.010799770315783327,0.024022875847562734,-0.004052815590962281,0.02232791708912168,0.006882074449340828,0.016583741228465343,-0.0014209797034486847,0.01782345588110915,0.015931356386214655,0.009509817937887249,0.0014897037826561523,0.012032287990933126,0.0013707419781964247,0.028313685606047374,0.01803724844784282,0.022648817615030844,0.01274732887254338,0.04036015587615986,0.014895132744283692,0.02515830488514635,0.010551827385254559,0.0029556293161409368
2022-05-27,0.04744333706715528,0.06160059553917247,0.05607175321648331,0.05328365811840902,0.05396012186789868,0.05673590218333944,0.06930575652152254,0.06267304290495328,0.07625440800979327,0.05946610364811358,0.07033142221074665,0.062384140935355416,0.06167681945466915,0.06268139430926799,0.07402684784538266,0.06016181809229472,0.051744593387670235,0.04599500539007266,0.05987348231959951,0.04334095740871038,0.05375813112286377,0.04566958372025123,0.047096399915031596,0.05155774840978231,0.05449362089945889,0.047680998217059685,0.06792437762818312,0.047553745463179926,0.06435974347806868,0.051698872987777984,0.08180695948525449,0.06140844212279378,0.05950403884059388,0.05401660000894205,0.04754822504337872
2022-06-03,0.04801266833603431,0.050969636221247124,0.04776179038804989,0.0469486631572024,0.05348689583089869,0.048035141346586166,0.04525951253390002,0.04548395996004043,0.0555667093546117,0.06298040006200685,0.06275001636892821,0.05814516930113544,0.05708427359546166,0.05820778278336482,0.06758454043135462,0.05136877925146522,0.02980938844935237,0.04201265719807023,0.04910847494489243,0.038726368089007916,0.03275872373982601,0.02386930533952652,0.04154609488466369,0.04849788748838952,0.057374726656367545,0.05090942526219798,0.04988075500561739,0.02834510927125744,0.04264317355072284,0.03194418311208846,0.052708962182613506,0.054562208184851024,0.050239192456934846,0.054127588641159734,0.046986824873233815
2022-06-10,0.0614365568118442,0.07728148252356903,0.07320891112026667,0.06485966121126725,0.06769132134848294,0.06153513085554543,0.07736507119626325,0.07543975251849644,0.0736124397343231,0.07164791869911898,0.06955769445256671,0.06540252863925872,0.07435075079939372,0.07254005640587316,0.09635335798617482,0.06765282917868033,0.060309915148100524,0.05614423855779846,0.06775921528636361,0.056474049695369406,0.059351872028842914,0.05609409931078617,0.08300325082842498,0.06285792634400299,0.07842495522234189,0.06755595958530244,0.07524104201829758,0.05610745083831918,0.0667687876109621,0.05981704492959435,0.058194976371859476,0.07641938534184997,0.08878304187495288,0.08273224322701005,0.06092195485171516
2022-06-17,0.049703587336990734,0.0700705316981604,0.0680412952899242,0.047598031584582076,0.0542726418728986,0.05793439618731567,0.06716698254260021,0.06290856005509626,0.049658301900963556,0.06090037522424125,0.05949609266168518,0.06376854929390041,0.06833196123554287,0.06859253334507967,0.07258647731163238,0.05792499186354004,0.045490160921705526,0.03181439328720217,0.038619072607430686,0.03433402864954654,0.06508718016914629,0.05007021128233561,0.06760001548199136,0.06649869682691445,0.06848937514735633,0.04176662743417785,0.06527353046180775,0.05285172089135486,0.06487869354513605,0.054444523975136064,0.041322309306255973,0.04533752151273204,0.08349187584374294,0.0802475288230591,0.05155450293793658
2022-06-24,0.03150284463313866,0.03260027589397704,0.04676801488992056,0.04365730480047928,0.04212149615373438,0.04373803992255294,0.01975560109029235,0.02829822684907489,0.028392276184262436,0.03788417700995304,0.028063811713931207,0.03888996666231272,0.039204975278964986,0.042982245867491525,0.025555640588176453,0.03286684327448824,0.017367966085387904,0.025616121109449164,0.01349862912958439,0.027739454819986208,0.042617946334204806,0.02477690076157832,0.042931255264076595,0.04069050152512018,0.042347554495540604,0.032622654940356724,0.02248728102768258,0.03151219291043143,0.026471488481734747,0.027390027546028838,0.013919726529452735,0.02534346302174431,0.04455615582623259,0.06049964274899819,0.03353864447448006
2022-07-01,0.020945134324220627,0.023553026450833646,0.044058358143602976,0.0485357409113036,0.02911104883561305,0.009124738192618113,0.008459023533526787,0.026509202461323152,0.015014853634569954,0.035488984413976285,0.03536682090972968,0.00975765354909032,0.030456793103667595,0.01562497625532379,0.011403733804263093,0.021936340367777876,0.01381962481031413,0.005631612463682559,0.004142023796429786,0.014061450177082161,0.04027976729780445,0.03874278641786897,0.03364457956203455,0.014226002610561115,0.014261442535001253,0.012775606330336272,0.025594296490384066,0.040445431572050154,0.028557074173580065,0.03973816186430157,0.006377240677884017,0.014850718141378547,0.04351744761057926,0.03921517976364173,0.024563064179223815
2022-07-08,0.015825033383713473,0.0327541179091975,0.03871835227891985,0.02884931735033306,0.0412673434497591,0.006606088919672059,0.005382684833076488,0.011750137366847695,0.012619949195188296,0.020108902006425136,0.04669393067731692,0.010873345825552988,0.042810139201134564,0.008761005497122552,0.0251926457336773,0.008675992593341538,0.016842535938162942,0.010747431803860919,0.015167963206213985,0.00535364922718741,0.02589326932001037,0.012863401583027487,0.03445988981136111,0.022511319205228197,0.022110125304626235,0.012860888886364018,0.01712535390706328,0.006046455535011909,0.02592104857756773,0.00835939281374332,0.013688264059943655,0.018407527176732445,0.04003458654780502,0.036067736487468804,0.020011883996363087
2022-07-15,0.020825454991624432,0.03608586076277834,0.04436139974098876,0.044684996382782984,0.04698941369808077,0.023820230495522652,0.011797543137531267,0.008792396844766522,0.010463495310229689,0.017572390786631878,0.0539557809004662,0.02256732708381178,0.044814350952023393,0.02074935582467152,0.02674983820451647,0.02451156970469156,0.02969261961828668,0.02466937387041712,0.02202342125150193,0.015481835955256991,0.032725654924354614,0.0055675019446681405,0.03827360653055142,0.033135721521968274,0.025465121697228584,0.025615357989997478,0.018557055145768424,0.004017209154920258,0.021234961006056114,0.004106902464036028,0.012942534286712253,0.014997912523418316,0.03809996588993515,0.03476687843571584,0.036092797806878775
2022-07-22,0.021273580601976098,0.03776008464447757,0.03318212426761839,0.03202189972080952,0.04307340397553327,0.03263666172402999,0.021581773706628903,0.028083064613870043,0.013456547415275195,0.028512261071864782,0.03934571565966026,0.032357975029923665,0.03219379486481876,0.03591931757257827,0.02613022749751928,0.020311238496538483,0.03335050029844321,0.014585370644438288,0.02336136217389946,0.020366190802418603,0.033012530082229735,0.011742603943945188,0.03247776022870177,0.034900669656189605,0.03378280981810112,0.019499270804482206,0.01637186198757064,0.01622378853280991,0.026955459539270796,0.018946905385032017,0.022176639185306577,0.01867647507185841,0.03688544949221451,0.032173492288754685,0.02840222110959745
2022-07-29,0.0008270838107768433,0.029085997682574062,0.01925399337425317,0.013513509877777502,0.028260077966454838,0.024511115312687674,0.013944275562118521,0.020758591479972072,0.0027473810745164066,0.004370182927639544,0.013580624404113633,0.01388181796209959,0.029391984998376645,0.009207222718578397,0.0191556500479076,-0.0033540142115422627,0.022498501333130676,0.003787930169568433,0.01391482735158327,-9.594637897643006e-05,0.022421799017317976,0.008388699434119915,0.026230205965839987,0.020331113037737315,0.01936178752165424,0.003933801538033677,0.013661846677822437,0.01520931589934381,0.015215890383556327,0.015953054425884874,0.012568290803806993,0.009490747350243215,0.02369067447033391,0.024546727102172157,0.00459426326454952
2022-08-05,0.004372341803428583,0.04003109959630689,0.02741411119309572,0.007590413905111175,0.03284826039984187,0.02803912340621135,0.026983900855007358,0.025107903924727323,0.030318716897287306,0.01695750322112231,0.031341563925599406,0.028392784838479155,0.036329726586068374,0.030832609730985935,0.036899316293894535,0.006078092869688347,0.03323539483035379,0.012522193769357457,0.029370498192929282,0.024829419554089766,0.038440857610571456,0.011472321410495794,0.03258596379065023,0.015800627015414695,0.031118639244670326,0.022378345539222227,0.01641713379455024,0.012361825183507561,0.024651491362603636,0.015737796551497468,0.03814152120824082,0.03077540382824907,0.039274938878293746,0.036073191722476125,0.021464560124041583
2022-08-12,0.007066945343740695,0.055717617505568286,0.03162472051921394,0.014994209714067027,0.050158075488501076,0.037117694844344275,0.0558236877117213,0.051954439112172575,0.037704226293832535,0.018853069968204173,0.049558968673514614,0.03157469243473183,0.04254478518936434,0.034731929307320795,0.0432589839364107,0.012334383222435347,0.038359648876050194,0.03081251593453458,0.04459046910291381,0.017689575282106778,0.046080786603209835,0.03285655958301911,0.03943292898357328,0.019583944743411238,0.032409860730321,0.030452614441525368,0.04203356924411004,0.0353075256563758,0.052109444160813805,0.041699365237118965,0.05444108095069272,0.028709149366199678,0.05322168056363037,0.029385622016751392,0.021021637072872287
2022-08-19,-0.003972666995925446,0.04015280377749336,0.006276849222990645,0.01063422677140992,0.03356912453914113,0.010826037902603785,0.04828988065882353,0.038655928531150144,0.03659974041200443,0.00457054637294467,0.028289965270885193,0.013944805274058331,0.017319048747911528,0.014774898552459089,0.009401602190028545,0.0022387487844380675,0.017614927620497833,0.009624293552982005,0.02778635902430376,0.005464576695076704,0.02916059735573682,0.02363861335756521,0.023922248966458302,-0.005406353174402259,0.02775915177165217,0.010575323069419176,0.03216999157153187,0.033113267020963344,0.0351397992347188,0.03156435812750693,0.04346997981532678,0.01944352707121282,0.027598492944744403,0.006185568890344481,0.0071352380441490814
2022-08-26,-0.0034387275980141078,0.029527211442337373,0.011267023389913526,0.015406435161208439,0.021295300623784826,0.002557504071086856,0.039203026466422035,0.030248137753321344,0.03873430800812938,0.008572883853453346,0.011313662722938858,-0.001007190757766921,-0.0029514081154063477,-0.0024798174401238432,0.019191059748140605,0.008335310476723154,0.02381013175673707,0.002525772911961121,0.03710671838055926,0.0156433246767506,0.03263467652739454,0.025371933938016306,0.015078592107655034,-0.01310113909627616,0.023292859154092533,0.006169932410866841,0.041801698981029776,0.030449192942609428,0.04062436355967486,0.029244092757019485,0.03811787553321686,0.025435259484030207,0.023261127994966786,-0.002588141052311705,0.01547386387435064
2022-09-02,0.0012966246363429383,0.04388648465878827,0.030967179441652004,0.021852767101165103,0.03497103392343309,0.01900067970048414,0.052023751559631785,0.025408905336833237,0.0341835317844174,0.019684145880477618,0.029342104381203535,0.020699887336011264,0.029463108772044853,0.017745711173402092,0.023877017565883278,0.017084776845496308,0.04569828179977765,0.00654376446264208,0.04810515649346649,0.017193541711746807,0.033840964181380384,0.024722796532212196,0.03579414195216762,0.006267679731814425,0.030652846196477936,0.009578749304652186,0.04585517025135122,0.0231993929771718,0.04799625254170929,0.02462627119055256,0.04458156426636948,0.014392220521016503,0.033137191517406635,0.016440671863902946,0.011731514777574253
2022-09-09,-0.002495919313783967,0.015353704617687682,0.01155414177017438,0.004150223913262664,0.019346378951518185,0.01131449886214956,0.023698936935229786,0.010608844818111425,0.021257513676331944,0.0009285289351749213,0.011184546731267285,0.008501803762655793,0.005999177242116615,0.006572922886635534,0.0031333834224774155,-0.0020497503310881746,0.02361705311942656,0.0030832191052873772,0.02206433475559454,-0.0010868469612927802,0.013410500973153903,0.010048513587102936,0.01249496725106719,-0.0008036072093590696,0.028662968601458404,0.004256561087027605,0.022635285730632126,0.005013916516470514,0.025601687651599536,0.008692120754334993,0.031655780149024475,0.0013003597096670851,0.009825638695966145,-0.005097896334384751,0.00486202623015974
2022-09-16,-0.010864041121683212,0.011904198148863997,0.009505202241072515,-0.012218386580347068,0.01251846291473429,0.005324494377848159,0.012785961940006921,-0.0018266462311071858,0.0063430969654217784,-0.0007994780579473953,0.011917186890473162,-0.002083052120948567,0.011282210201610738,0.0013796911668327346,0.001159373072001888,-0.0011207577271462453,0.01589751621875575,-0.009385143623430466,0.013842196936385304,0.005276330511355492,0.008721942627964488,-0.003951894392525267,-0.002955056817506639,-0.0055922742419924785,-0.004839766485333105,-0.0017699167790283601,0.014604814892425063,-0.004953084970054905,0.021200737052074342,-0.0023002809881909805,0.00250234455636281,-0.00630111155410602,0.008638393063640485,0.0002693946876564581,-0.0033670474422572622
2022-09-23,-0.0005887572613027969,0.015498465365817853,0.01978054406192642,-0.002566090273786943,0.019033294460112746,0.021625454902573175,0.007344716479076606,-0.0033380529670006534,0.00531252897469866,-0.0028980742299358465,0.015148196501686868,0.023640071827516394,0.014543225738222738,0.022243710738292823,0.0015501393718372759,-0.007086443246409986,0.017823067232705908,0.0027055121073503332,0.012255764856203628,0.020976486265402574,0.012730884752137898,-0.012068488192472476,0.005770221141437524,0.006789171898412622,-0.006123775483721748,0.0034959024814346378,-0.00014263596394780567,-0.013145436146606126,0.006652749919874667,-0.01348084850849839,0.004515567489606273,0.013379996239547814,0.014660220084214986,0.010462137251467982,-0.005404238828333605
