,lightgbm-gbdt_None_1_2030_10-all,lightgbm-gbdt_None_1_2030_10-baseline,lightgbm-gbdt_None_1_2030_10-high_autocorrelation_small,lightgbm-gbdt_None_1_2030_10-high_autocorrelation_standard,lightgbm-gbdt_None_1_2030_10-high_calmar_small,lightgbm-gbdt_None_1_2030_10-high_calmar_standard,lightgbm-gbdt_None_1_2030_10-high_drawdown_small,lightgbm-gbdt_None_1_2030_10-high_drawdown_standard,lightgbm-gbdt_None_1_2030_10-high_kurt_small,lightgbm-gbdt_None_1_2030_10-high_kurt_standard,lightgbm-gbdt_None_1_2030_10-high_mean_small,lightgbm-gbdt_None_1_2030_10-high_mean_standard,lightgbm-gbdt_None_1_2030_10-high_sharpe_small,lightgbm-gbdt_None_1_2030_10-high_sharpe_standard,lightgbm-gbdt_None_1_2030_10-high_skew_small,lightgbm-gbdt_None_1_2030_10-high_skew_standard,lightgbm-gbdt_None_1_2030_10-high_volatility_small,lightgbm-gbdt_None_1_2030_10-high_volatility_standard,lightgbm-gbdt_None_1_2030_10-low_autocorrelation_small,lightgbm-gbdt_None_1_2030_10-low_autocorrelation_standard,lightgbm-gbdt_None_1_2030_10-low_calmar_small,lightgbm-gbdt_None_1_2030_10-low_calmar_standard,lightgbm-gbdt_None_1_2030_10-low_drawdown_small,lightgbm-gbdt_None_1_2030_10-low_drawdown_standard,lightgbm-gbdt_None_1_2030_10-low_kurt_small,lightgbm-gbdt_None_1_2030_10-low_kurt_standard,lightgbm-gbdt_None_1_2030_10-low_mean_small,lightgbm-gbdt_None_1_2030_10-low_mean_standard,lightgbm-gbdt_None_1_2030_10-low_sharpe_small,lightgbm-gbdt_None_1_2030_10-low_sharpe_standard,lightgbm-gbdt_None_1_2030_10-low_skew_small,lightgbm-gbdt_None_1_2030_10-low_skew_standard,lightgbm-gbdt_None_1_2030_10-low_volatility_small,lightgbm-gbdt_None_1_2030_10-low_volatility_standard,lightgbm-gbdt_None_1_2030_10-optimizer
2020-11-20,0.040294060247918026,0.08951923777508518,0.08360534405010563,0.05653505748463134,0.069451352769049,0.057883616036432564,0.08755190417605963,0.07548638722887377,0.08669143454261503,0.05486360256355627,0.08047197177910319,0.06079041754900411,0.08728289728724217,0.06574663453495218,0.08045552594310558,0.055250373385142104,0.08539236033662798,0.04899243911242163,0.07743022630865867,0.056644598499400914,0.07465645986228182,0.04652805995574916,0.07786927139466537,0.04677195757710605,0.0866337272788021,0.053552193980571,0.0889543522083172,0.04235992155729209,0.08129147366037524,0.04749102238853583,0.09363935973812666,0.05831840282561849,0.09320853757011874,0.06357049802170148,0.05896448923980898
2020-11-27,-0.010791969575042483,0.029381793583368506,0.041802438880570864,0.012968994313325294,0.026778838535547477,0.02730589090780229,0.047408491271107335,0.03550736475214436,0.04401843478106823,0.008705491217369696,0.03770380263442995,0.019439945731448686,0.04400539610226037,0.022158220514465955,0.030489791398468517,0.01625039514663239,0.03894146300171219,0.012599565080436427,0.015200636628392071,0.002287129137104594,0.0221573512692121,0.01247381426704523,0.028380567789986492,0.013274244271637788,0.028440255964084612,0.008049790547544166,0.034459779347038685,0.011796092717455358,0.03870865014788771,0.01095582230539439,0.04540618482884961,0.012754145861413843,0.03459900346186465,0.018257917060413256,0.008422696761448486
2020-12-04,0.018421187446029212,0.05355841616272848,0.04891545848507495,0.03225267410119966,0.03803730701465186,0.024532978486634396,0.060330201031360074,0.04678490586615518,0.049017659464163595,0.018440017724876783,0.04563252154920201,0.03182863347066309,0.05096034052236769,0.03538971231165071,0.04931118182604688,0.02512462297317292,0.0420873981353295,0.027840495404819813,0.023490413505860883,0.013131604000905137,0.04775991183121609,0.04242936174890461,0.04289436901662861,0.03166519814967322,0.05372810402778531,0.022046375480650495,0.04701748137131051,0.031667929258819054,0.052042290971875765,0.033515021496919116,0.05676883470519924,0.030875188893595567,0.05551367443881094,0.029194406828217813,0.026650019302411655
2020-12-11,0.014123858142234817,0.035042597357382965,0.03915128125445592,0.018038299622912736,0.025880773903381223,0.03129082679141135,0.04594226879482548,0.019403519312528174,0.02405090099160277,0.010534050981611672,0.026447503595129696,0.03258554151313003,0.03145335631579988,0.03117388481654644,0.038192526952052545,0.014901678008951308,0.019837592066687768,0.016008237906704532,0.016932730758844824,0.015492334085387669,0.03332541894732377,0.011063970850763454,0.03488148340947905,0.037063739584500544,0.04845269869592066,0.017933533204752907,0.02590172718701318,0.0055167305854402025,0.02237477987728594,0.004239005012612323,0.042785260202195106,0.02399455364778166,0.032981954987248374,0.03031593279756173,0.020524944715560836
2020-12-18,-0.004446872903856539,0.014758925304862294,0.0014678745725394042,0.0027503252800538743,-0.0008552245739753423,0.009773543782960187,0.023701607204360844,0.003177059945567553,0.0021021491642226305,0.00015691871954969324,0.011914378501756372,0.00544385089831101,0.007718505339461427,0.008099042010584197,0.015945258826940895,-0.0005234134470886009,-0.0012211576237708892,1.0180409098299107e-05,-0.002273882134253308,0.004255340793372612,0.01159646889901765,0.005122992487419676,0.013785467484306495,0.017537334390479598,0.020671777037270116,0.003320287770122989,0.003323236578275591,0.0005719985718887683,0.005354122878810109,0.0018940475603097442,0.016657044947207055,0.01479410029193557,0.021900306681422534,0.007074682226141179,0.005397933742791776
2020-12-25,0.0035907446167763564,0.07571183567253013,0.052706680586559286,-0.007023618837512631,0.012956318156078124,0.0181028930669845,0.06189403598988693,0.017369251795431168,0.03632506598875482,0.02169461998844732,0.020799740419071733,0.015883726451004304,0.034920510616341424,0.018995948356228084,0.028309600076387786,0.016618630685725964,0.008843548763062594,0.010817840853629516,0.05819411522367133,0.02613758408535821,0.05718430600597856,0.014552422942353486,0.06743928627425984,0.020291888896165934,0.05105107620213193,0.008033989372169089,0.031414103873360716,-0.0072356563205495565,0.028021644474010655,-0.007346797079361768,0.042923487226266197,0.008398143752368201,0.08373544036434133,0.05379689845930179,0.026174210017239505
2021-01-01,0.013458057327073199,0.07189662967095106,0.06661113337769718,0.018249604512689404,0.034870471709066965,0.03231508241857945,0.0708977552156827,0.047898692282161585,0.0632480872586539,0.041445687610932626,0.046020218972809494,0.04249511013487841,0.05715332649233488,0.04131914165701249,0.04445873978228286,0.034977022003969946,0.02547530856663977,0.027418243406110314,0.06427695480444912,0.03406756909314473,0.06129774144066648,0.00842488427585028,0.0633764509997575,0.01561549105418302,0.04791043798396192,0.008797250988877292,0.053419451787881315,0.008520248188086273,0.055481801262321884,0.008303791683480277,0.0653259578390449,0.015830828920522323,0.07843080513340825,0.05122915806168725,0.038786264961642246
2021-01-08,0.01031089147075653,0.04564983120212409,0.04929097548754313,0.018891351820450424,0.025775210072606903,0.030587145044411384,0.047489962823569876,0.044580249158137034,0.05734367522742618,0.044081862721016864,0.03224365348443747,0.034894568159198086,0.04740044816461225,0.03684467911204164,0.025708387310087975,0.014027072351339447,0.024106311578697085,0.03170990666881764,0.04706034814620874,0.022544329504817558,0.050997461785369784,0.014437614698565018,0.04526184133582996,0.008679023924409298,0.02385948499964287,-0.0016378537521562274,0.038487405357298214,0.02216775539520577,0.03771713380517916,0.020279733925869386,0.056429734735891475,0.026161389954330785,0.0535770988467769,0.02637536200847986,0.020113094661837836
2021-01-15,0.03537690987847256,0.05919130959033985,0.07264230672267154,0.04129212459278534,0.027197196091001054,0.03527372066309714,0.0553414674974158,0.05150440346062389,0.06712783084879265,0.043103668596043025,0.04902910553517212,0.03973572179541575,0.06171999764461911,0.03909227418468111,0.052064001200230164,0.028995340691459003,0.02942950896980572,0.04036024447642297,0.057958080774044386,0.029091484860001588,0.0739930217801561,0.041417001501352135,0.0634528028891566,0.02999891451970875,0.051249124116562586,0.03222031448283115,0.05784674140645052,0.040075541701471415,0.060286537821391595,0.038920706573574985,0.060875835268234445,0.04144711562310828,0.06285314507932417,0.04426320042182808,0.04960873330989143
2021-01-22,0.040354751717081125,0.029943927027802655,0.04971485344993963,0.05590144621625041,0.04259164668593418,0.0525695705752207,0.02398671878916426,0.038554257116384646,0.05586439335480318,0.043347799525098665,0.054914193307911204,0.04338032370348013,0.06545092924095043,0.044901000583839716,0.05690338303634832,0.06272328970715149,0.05462243633221905,0.055812519348777,0.04545295098658372,0.04077358628425535,0.06315749435018524,0.04245825638472407,0.05507187381829232,0.046008881141112776,0.03134363304592776,0.04771317553486656,0.054880296801327985,0.05786620850269643,0.05153428617982026,0.05916154909232858,0.045251081508106236,0.038124306690776266,0.03585173118867769,0.03921434698142658,0.05684629418315554
2021-01-29,0.0350192653232443,0.026168011753165046,0.0282724551514608,0.040321006438291604,0.03906205722874511,0.03682656173180668,0.01888951862522872,0.03449258867386435,0.04222527169870594,0.04229618102884381,0.03839177889918268,0.027950688635980225,0.043831498323937304,0.02788320819027844,0.033978393163831694,0.04328507130020563,0.037870451309523004,0.046071657103708835,0.04044403481185769,0.03411321689985786,0.0474491085593658,0.029668971204582277,0.047147503884369314,0.030126521543731116,0.022013232346486063,0.03196673524287971,0.03135241630731392,0.043960424378733466,0.033551565629230035,0.041539906277624807,0.03935831284402134,0.02950795079146458,0.024167120393846112,0.030988543090958443,0.04753976826385539
2021-02-05,0.00038121262150812553,0.033177205742864584,0.02681168051976311,0.010441994285548428,0.006028335367060106,0.01742281348709507,0.0010366956743671166,0.0014707632067596274,0.010469517179558172,-0.0016002988173726628,0.004129529540029496,0.008896056607090523,0.013538388326555361,0.013268362719653768,0.021651480217488032,0.020088289381591205,0.0202096092029476,0.007984240929424376,0.03819164407877802,0.028583415472957684,0.040637073751017105,0.015743369233216772,0.0453352728374271,0.019281361946768147,0.02350811165966788,0.018164288467506888,0.007200591564161786,0.006826088503879909,0.007680393656749609,0.006947956044520079,0.0188158005555585,0.009119115285408336,0.03275457167855415,0.026587115613414928,0.029816742370200388
2021-02-12,0.005710132011288665,0.06060789213524767,0.0498383864375943,0.035225859931863064,0.018763608700764236,0.012964236775790271,0.03206443072177855,0.02635728695721907,0.029609450204353505,0.003678395894234135,0.015357958235266946,0.004096614606923725,0.019628162811277154,0.005133264563158525,0.030311959844506332,0.024224629598356015,0.030234537088340993,0.025129796698506558,0.04899244095444043,0.033438480899618074,0.06488407288966107,0.029637702718884024,0.06594788872525213,0.027434006585504354,0.03352975825425511,0.030729499410212018,0.03034469472913062,0.0230617941325114,0.036162403622670085,0.023080402759870423,0.038144154521709106,0.015106402192427988,0.059649343767106906,0.03185172188641905,0.032679873718594564
2021-02-19,-0.00905690886569137,0.07701909686978921,0.06176504436703572,0.001646216951330424,0.027400197617178705,0.017094233181107223,0.042253761701382724,0.027463471874793366,0.015915648296782898,0.002710066325602435,0.010423822924503907,0.007022763686882296,0.01943701009287357,0.009439405826421969,0.027831168633635547,0.013104424627998247,0.04328217206012378,0.00925650791868178,0.04842245869213601,0.014293736264149941,0.061978900495239686,0.01898743698780469,0.06031910537703922,0.014800337670073235,0.02249264076531995,0.015922301598549248,0.045287938870174356,0.02080636822172275,0.05080243978112639,0.02488674314785526,0.04267319127599997,-0.004306315622850915,0.07280368668741757,0.02397089579246728,0.014121293544899735
2021-02-26,0.018312142815145562,0.08471772060209865,0.04736299613827484,0.01568638297640417,0.022943375476267226,0.02783905270035618,0.05179112237622651,0.02877862301394045,0.027944261827558218,0.010540343234687713,0.011462446395879374,0.023410655653840252,0.018905619783648218,0.01826366808214899,0.038740586857581145,0.023668194598419783,0.04050016550364364,0.030788834986194714,0.044832290105576995,0.030840965634808336,0.05787768026150207,0.03030760816756398,0.06305499839238672,0.03168128460960356,0.04887708682086591,0.035906575232949496,0.04943914999591825,0.02444406113492906,0.0526594700374192,0.023530894656356875,0.05916375013301432,0.03890523846463094,0.07481255842113207,0.031749934580635006,0.029436281612164817
2021-03-05,0.019899664554991918,0.10716971265392708,0.059750418831463765,0.03845718583252899,0.059833716887597976,0.05381871336465987,0.054413584691586095,0.027032094091408703,0.038464283576861984,0.010398731126630738,0.049530738349610255,0.041616485578930676,0.06251411977108023,0.04383486548224738,0.05716134918637944,0.048703784174966104,0.04254441521068926,0.02744403110213024,0.06855590723489746,0.039986013177911596,0.08723958087397536,0.03172356917580294,0.08419130056251782,0.056568888414132365,0.06453255755573391,0.0452613781734716,0.06539995548110564,0.025395729223396217,0.05933044663847851,0.028881793048523716,0.05842622079439793,0.031530323042359774,0.10070011820220777,0.07605969611160383,0.01761044112804986
2021-03-12,0.03055841463743775,0.09585937000530774,0.0652991553529565,0.04517802644922909,0.07103942255663616,0.06841570413154562,0.0638346613676885,0.046825682161764325,0.0736846031637427,0.03046003519440774,0.07637204160748953,0.050225371776391074,0.07209666830551296,0.053060512690161245,0.07596625973136031,0.05606375181214402,0.052603808121298355,0.037613073857751526,0.06374174744927127,0.039023579124283496,0.06864325658310691,0.03902331251332677,0.07375552167823045,0.05108159286390027,0.05679759847051832,0.0310504451580662,0.08135126783520928,0.042894903521349545,0.06591515996846016,0.04346865030021297,0.0781472706628157,0.024743629671354624,0.10279691997192618,0.05818410875094544,0.007894750344941356
2021-03-19,0.02073164054469446,0.08643165811155122,0.06480526639911872,0.04746320364253247,0.05567810828262072,0.052623261208271904,0.06450316334372501,0.05607558449323715,0.06771705374063354,0.03378811981805403,0.06777108091582203,0.035438656624851086,0.06253837066951136,0.040768325175778754,0.0687944269456145,0.06004255294821291,0.04493132377251417,0.024242482261465328,0.05593463829292882,0.03991353336491167,0.057516617388423154,0.03937405418772408,0.054707864757536716,0.04063253071100184,0.060025644688007224,0.04547080294970177,0.07584649240921329,0.04980235576536263,0.08064685315823332,0.04965203076447148,0.07420203200842763,0.034095902992110634,0.08955024101857174,0.05466083865883966,0.013006811259005388
2021-03-26,0.0055804483607506455,0.10227491179312093,0.07682408027470083,0.03739981286904573,0.06732269122270347,0.049472550139454924,0.06823374184332762,0.04985369053637786,0.0556080547742737,0.025809853434738923,0.07132249308761403,0.0358397045085839,0.07653378163041241,0.040344402201542694,0.08451995657940935,0.04403665865463568,0.06696761845914521,0.02766526331861981,0.07871845995391477,0.028097617399274393,0.07820461160531708,0.04654007304064255,0.07508189344482814,0.03600545779346336,0.06296610508295307,0.04332559154452139,0.08990581927292263,0.04302555045139964,0.07429091192333832,0.04267100430669723,0.050385312271360554,0.02569254908459789,0.10065095040772874,0.0636580822595427,0.009558395543143392
2021-04-02,-0.0002645516908205637,0.03563789070891942,0.01628077560478809,0.00450716715650988,0.029807832659824975,0.019209627373862503,0.019160685311060716,0.021972076129410812,0.027750546436158898,0.0019759365787387667,0.02932330623808711,0.018979599678694038,0.026151463740994002,0.015075213549718795,0.01896187471540906,0.014315288817836747,0.02905491854774965,0.004631638727040956,0.036655224073333534,0.007298452046357613,0.02803917233084412,0.015476538464693585,0.012477580497551724,0.02736350731248839,0.026786520074808765,0.021721148850667497,0.04438092710036634,0.017951684084010745,0.03759583761004603,0.01670762975792707,0.028948833319730614,0.012977715469047984,0.0343646032583637,-0.0008575443057948394,0.016428792275802188
2021-04-09,-0.0036789219693139984,-0.011475926693824252,-0.022307830248265135,-0.016172809805119353,-0.021915304303107116,-0.02145358689542206,-0.017635752812048083,-0.0015248581206240357,-0.009435043084204781,-0.0011447681171056566,-0.018631818818483838,-0.018283215560819046,-0.023074889712379164,-0.024680316859157978,-0.020248226637135977,-0.026304530215647767,-0.0053721944910793155,-0.0022798785348528464,-0.0012312905195772852,-0.0168018832359338,-0.007699964630969985,-0.005129693629106056,-0.03305142544691484,-0.01618881777254912,-0.025880649821887623,-0.020393224424764274,0.0063052870058078695,-0.0074462185026204315,-0.0008350602513776647,-0.010938469050088134,-0.007575737511824927,-0.007002890412891898,-0.011747069851168643,-0.019477198255477387,-0.001470219355760451
2021-04-16,-0.010907187002309604,-0.009875522476554469,-0.026945163788603347,-0.028210100097369076,-0.020354395318982508,-0.01891963876874347,-0.0228259004818241,-0.013584959052539444,-0.025124680235764377,-0.011327908067110485,-0.018256336223704293,-0.01818555578091292,-0.026542137834500316,-0.021925562685272803,-0.017089779448295938,-0.03042000813862544,-0.008024204489210795,-0.00450314156647045,0.008539739654616513,-0.006521044451348751,-0.011363430341571073,-0.012397141733680709,-0.01599928523827534,-0.007000529130034251,-0.023818147211552225,-0.004319455753181678,-0.010217737950418398,-0.013265258582394145,-0.011452830266514643,-0.01675911857376318,-0.016272899188767297,0.0016383823763291049,-0.011392085856656386,-0.022862611233868863,0.010912337071841072
2021-04-23,-0.010293887808046567,-0.03010690691083107,-0.03548572669196338,-0.024510748724047838,-0.020395530284418626,-0.019673149863395828,-0.024238578192326332,-0.012274227150074878,-0.02691939154672667,-0.0198344606907332,-0.01887761531409082,-0.02238795134273313,-0.025110453256626416,-0.02277403519943854,-0.03907107557447034,-0.037395965526309236,-0.014054222427533531,-0.009851378353301302,-0.016879485312915846,-0.026744405809746723,-0.03848292169372584,-0.020527234268549212,-0.04130513095850836,-0.01818909025189193,-0.04219466391584205,-0.015417863174514823,-0.010322565288462099,-0.01685983592818668,-0.01700415269305558,-0.018498302529150152,-0.022005186638853542,-0.008069126051921048,-0.03510428964921413,-0.032011104747727455,-0.011546668850643718
2021-04-30,-0.01055775781419862,0.0065885850187449016,-0.0068156271427697885,-0.01049655227156503,-0.010411155337350571,-0.022289392990354543,0.011603671968230861,0.007075387167121834,-0.006518456387175189,-0.0033849441137701803,-0.0022768990633280375,-0.017711535665514228,0.0016504345567609346,-0.016498396864761705,-0.0018140899817725574,-0.019533425057687168,0.00459226640507157,-0.009922700736851418,-0.0058557708899350915,-0.0016764766558944558,-0.010013121020137333,-0.003900894940765606,-0.005584377846680764,-0.014311389311133104,-0.007583670777113487,-0.004460337395247977,0.005131747656664783,0.0014319188721533494,0.0007211149785447295,-0.0007698943418963381,0.0048603546134104786,-0.008500564176047724,-0.0037799379828612335,-0.003925350719139733,-0.022705669996300904
2021-05-07,-0.010890573307311946,0.01877531985309414,0.019798331852659175,0.010072561175680042,0.01262730860573537,0.016939728628365715,0.01599370747046516,0.012930634341893702,0.008076229932680735,0.002176550990127022,0.01485143230852331,0.009548731278330133,0.018146008303441902,0.007869639796083596,0.02148908461266102,0.0028083802212335984,0.018458477541476562,-0.00800387700478977,0.012334053973092982,0.00671066780462844,0.009014830277464284,0.011052903594246842,0.02316406814478923,0.007670735501643375,0.018541564145483247,0.0053554418091320164,0.013553187556604002,0.01360407313226359,0.013230514700533427,0.013901568229544272,0.005676922034523065,-0.005308399154550876,0.012206840033944013,0.020205018914376063,-0.02340272679521351
2021-05-14,0.007509067725985496,0.02856937751353215,0.0367177818707291,0.02454121695431635,0.023293105098319236,0.02499964194134822,0.0350961533079069,0.027103214686189103,0.02902527771152695,0.01756983523123648,0.037124650656320854,0.020238400162993133,0.04122323579400119,0.019747686111657333,0.03598908545656023,0.01626830689848955,0.03661360645338621,0.013681859833975121,0.034193654029089436,0.008195376438454884,0.015512769369137943,0.023018581613331472,0.03390198943589093,0.018457585184384236,0.03559191667794047,0.028710093923341597,0.03688148609798223,0.02932066285534486,0.03196318393276581,0.024877129524524057,0.03435270756806831,0.021240025540455756,0.029757030292276047,0.03184266466805918,-0.001520044243232108
2021-05-21,0.004363664665347917,0.03519481514027102,0.05195471616415311,0.018082979555048766,0.010995083614534577,0.01586111238135221,0.03846949203923557,0.04582393223692356,0.03800716277878846,0.03341432857496229,0.024178516861444458,0.015583262604288335,0.03870265176120445,0.011978530838857377,0.03884204217114362,0.042218003416445424,0.02824717396071879,0.010463591173583272,0.03007361395049435,0.03132972371334323,0.040326656441889,0.038906284125342715,0.0243023455557702,0.020701869986062552,0.047155855486094314,0.02344379107470397,0.037351841643511415,0.03638329110422028,0.03754243940824696,0.037303161404925796,0.026948502240636583,0.008232945596207344,0.039061236250895345,0.03354547260568753,0.012302533738296153
2021-05-28,0.0158603531833092,0.05612829645315335,0.07056865902820192,0.04004891962553989,0.043691231406691906,0.038275962187397636,0.059554513777718046,0.05693329020572149,0.06473318451641913,0.050002698922481784,0.05455998243049722,0.033222580796045016,0.06805421766297837,0.036657852263565896,0.07057172136081512,0.0537025292988033,0.06041782528484589,0.03155414210143996,0.054286902248338154,0.03625681983613393,0.05343770410021024,0.047353648067173966,0.04367325684570142,0.04291126860460138,0.051578468769313705,0.03442434662937873,0.052512746506129845,0.04338047121890097,0.05212103422143362,0.046530413173810056,0.05514022788824907,0.022224013498419556,0.06050037512050587,0.03822922832882241,0.01784687503499759
2021-06-04,0.007750938137342691,0.06208680193916584,0.08038404798775108,0.03493006470164733,0.06176468439538969,0.044463775917330986,0.05202013764035223,0.06336434240984189,0.07415880217311514,0.03828504186200886,0.06899759614748074,0.0386304816331877,0.07549418277003346,0.043960009584361824,0.08017694405086372,0.05343561441878232,0.04806197359559428,0.028417618768612225,0.05222231053112324,0.04702058996442464,0.06699225963632002,0.045505959177600606,0.05514428853386117,0.04653947978928739,0.04597094349922212,0.02125787307916672,0.0567422140185968,0.0418601835678902,0.058724094742825625,0.04619350693204189,0.05127714893498099,0.023671686788885787,0.07124042250132687,0.04760778426682206,0.01149213615298059
2021-06-11,0.0025491740210896344,0.0523325601754952,0.0472646845999087,0.020509652151747878,0.04743003213133043,0.041859357206524214,0.046287438292403296,0.046353815786988474,0.05204611654019627,0.027569117309395465,0.051779149171754926,0.028240311695759635,0.060557142238113516,0.040141491747859,0.06417266209786322,0.03492999723786391,0.031517319582125954,0.010742753657078576,0.03399408781321398,0.026199700574800082,0.045006127413894065,0.03369373296246634,0.04359007419607715,0.0347256976437515,0.021604549587380242,0.01650699648525591,0.05112292615642492,0.030765173800169875,0.05004406001189999,0.03325201127195346,0.018864126238079676,0.002815346449476053,0.06393894972171904,0.033946921369955856,-0.0011818771266406795
2021-06-18,0.011037576945920387,0.03782984103911469,0.03824773175873462,0.022058052305215646,0.0317754799240679,0.028983063655047978,0.022029971100718297,0.017107642050772094,0.03319963617679797,0.023541431951316846,0.032733035688799504,0.023057929506109104,0.04472171371500543,0.03362750855812,0.041767464532863376,0.023054735435455366,0.0026166758399263634,0.013106669298148623,0.027197844332169634,0.03256015661466658,0.027747756829719472,0.021168636714430176,0.040728992311570726,0.036881601122880574,0.020157047921139735,0.02408681951544058,0.02617587480925459,0.017242458449614792,0.02714287969967012,0.02103342105675579,0.023635790121879,0.021606889825376834,0.04650134341423973,0.037580836423492074,0.012439773962906079
2021-06-25,-0.008208579241468176,-0.0012311308842908944,-0.007219956914850539,-0.016747695050504798,0.00013323697351072072,-0.005941227177051127,-0.0065028538815357605,-0.004581373581937257,-0.006849123963166006,-0.0019153063890172922,-0.0007589926846776417,-0.01295532068639258,-0.003009349898462534,-0.014358989130792473,-0.0030649814798287375,-0.002338717159845061,-0.004930166336708211,-0.011013791773938958,0.008955688807930367,9.433469823554464e-05,0.0009573544568998768,0.0008281670376413467,-0.009514792839274299,0.0027203046654452625,0.001594395811064715,-0.005870459556840648,0.009186712558711271,-0.001535179378393288,0.007855936090850876,0.00460713140242663,-0.012007724991379146,-0.008750024560827121,0.0009491225761249285,0.00784624371509972,-0.013395062446499703
2021-07-02,0.01172849259876104,0.0064315081118857245,0.0007890506050985083,0.012250380125008082,-0.0028590796270681067,0.003892021032810245,0.009877142742709923,0.007362800455186098,0.010751591908933173,0.022812918210683895,0.0030623776895733574,0.005229642034859614,0.00043836144727695404,0.012145521124347471,0.012708202011820893,0.005401107900735744,0.005660714176605932,0.008564933998473731,0.021985013600876322,0.012273652403215915,0.006569804262690277,0.014826648072360808,0.003135003247428844,0.007261686418834794,0.00712940892948105,0.006251883542575151,0.009233677625135736,0.008232033421121368,0.012595318087640356,0.011504062237653259,0.004285509782738176,0.009418652112270448,0.0087315849102379,0.009873665275851288,0.000413617933090455
2021-07-09,0.0004947052476910215,0.018345865496737144,0.0030695518259866742,0.0028667774783111078,-0.006851554062725363,-0.0009408890133739784,0.015130682306844983,-0.005851450127782307,0.016480060711449387,0.009566351031275677,-0.0005837281320363904,0.002836033839573222,0.0062865394499207255,0.0025489149873602203,0.013952265267222153,0.0036111745397516166,-0.008437524817617004,-0.007086275061089431,0.017627333108350764,0.008719029614060491,0.014653220230446068,-0.0001938185920432275,0.004615288514530042,0.00698308336932572,0.006117984108840377,-0.0012943071908652335,0.005414890457704258,-0.002509482928979004,0.005177897103433457,-0.0014228958015863155,-0.005029792965513525,-0.002942032559221687,0.014817230859712994,0.01858105424919797,0.010487858185445335
2021-07-16,-0.0029575561712198747,0.006807564396847263,-0.01460405844356298,-0.009793287740353086,-0.002066642971899345,-3.097723124703423e-05,-0.00225437971245908,-0.002312052225061535,-7.35960137624994e-07,-0.010107475813649068,0.00010149559352427145,0.0026748136674403173,0.0004257194868786794,0.0034044846911553722,-0.0010028460457055736,-0.009023473436404307,-0.004431885043270567,-0.006379369378342795,0.01039142261583563,0.00691193689611025,0.004204540266213551,-0.004083173748973596,-0.007335047069773738,-0.0013084702192183396,-0.0009845139477321684,-0.005738548814878392,0.00040283781714545684,-0.00865402144731991,0.005720618149707328,-0.003007333838709692,-0.0012467833785925128,0.010136111353549115,0.005096925385809311,-0.005748183202134498,-0.0012602982829378764
2021-07-23,0.00016801511186926562,0.011917229642352959,-0.004089036838487941,-0.008485264986650056,0.008108418666439885,0.016078263339776903,-0.0007652683530262376,0.004550593286785132,0.024089860872455394,0.004561700617956109,0.010458355237068681,0.019867602971549405,0.017117936302032895,0.020625711779784714,0.0166417931176196,0.008018489430935178,0.008596472121626854,0.0006069554280231655,0.01440453573790593,0.00970881111792905,0.02079767467803403,0.014481082646698612,0.013516083067495637,0.015930522452876326,0.015645612717177643,0.014740298315110246,0.008464923850047806,0.006200500347108741,0.010905324949249787,0.00996668855366947,-0.009686061162518623,0.014443745955172116,0.014854851031765037,0.024823346199540627,0.007852950049507628
2021-07-30,0.009633128784592613,0.016794059159184915,-0.0009558299943733922,-0.0005206840176412166,0.03585589292323747,0.03500308814453898,0.0060798433197627256,0.01696106836845915,0.028768164763286662,0.00443021983351539,0.04213812656800367,0.03470811068492239,0.04370207645384765,0.034631519570637766,0.013434217005019525,0.016424117211500833,0.025025638244401276,0.0034372465377012973,0.019532767534996907,0.027440766195012053,0.019400732587539864,0.00959612104264623,0.020942179597328532,0.03722938171957719,0.018500075307350258,0.018339437306593983,0.031911789436314474,0.012563518373072239,0.024685655032674076,0.018180154900780794,0.0008468401609488918,0.023427934044474328,0.022750814370400416,0.028214404229034012,0.012765366460098468
2021-08-06,0.008334195166046223,0.025640438113383585,0.003828052239828567,-0.006462750570277236,0.029508058903536426,0.019093126933422213,0.006633478379350318,0.02195077569689574,0.026645455685995693,0.007283047478811927,0.037313600430194,0.019445160980522732,0.040618623005521,0.017387053980167162,0.01780148736768181,0.004948428379839947,0.029054123787647993,0.007159320031295423,0.0168272006705714,0.03295488598851708,0.02304731689571889,0.035264598912989,0.025044363597300077,0.026549178592094876,0.005729223560000857,0.015044936248012368,0.04650143464160567,0.031174362320089757,0.03177465468720715,0.030479399709039307,0.015794263949638242,0.020872445464373727,0.02957728735631352,0.028701821932219533,0.009841956052448546
2021-08-13,0.0019583233746195724,0.049134121222581005,0.024512528140736754,0.01438981717697046,0.042767351071488775,0.027768466007988137,0.022190028162733737,0.032996982316313546,0.043940569937041644,0.010652031167206935,0.051441693490779504,0.0216007290947772,0.04328456791661899,0.025109089223679517,0.04159561150528492,0.01442061349978243,0.03329485941250792,0.006815266582816297,0.042951994526601575,0.02316555884255042,0.04385813261877202,0.04236054375050096,0.03325317006721661,0.03472224880257878,0.023197699982952406,0.022050974023923354,0.06549382697089039,0.03487717178895167,0.045036327309408104,0.03440621666891885,0.029672189788451982,0.017286285302403545,0.04889756757393751,0.028104535923739692,0.026812704146745095
2021-08-20,0.026391161715684612,0.05938826948806878,0.03148196992764765,0.014816670185731618,0.03373283884475189,0.031002356105210405,0.04811383958862934,0.054161853464765146,0.05609702379498122,0.02747332578722089,0.03656873417820733,0.0312858377995852,0.046388281257820185,0.032879832586072084,0.055773102486572954,0.023762991199647893,0.042815576156674466,0.021469525889095026,0.052573385425529515,0.04051901047571238,0.05827011385442773,0.061509461737224,0.04441267131357058,0.0337805575893114,0.04064073371395323,0.030769963123231277,0.07147957897975483,0.05147275393025128,0.05829006406401756,0.049928634667739044,0.03245993459369097,0.02229355042438419,0.05878100097838417,0.033031615937411114,0.042578734817151645
2021-08-27,-0.0011287350640126128,0.03688170580991892,0.014884830148519415,0.003991759042437375,0.0028950803247604264,-0.0016221593316600414,0.02287037711607363,0.018841557150024578,0.03254408973179335,0.014737668524835096,0.012493047987113213,-0.009396161465168033,0.019719251797163932,-0.004927479734209594,0.027801103062570387,0.006473894112502709,0.004600694363969389,-0.001361515536770623,0.0313831630625998,0.0021640062659242097,0.03187726362447375,0.02272970791696362,0.018664773839219984,-0.00837766236007339,0.011571935250633197,-0.0042461809304430885,0.030217231816130258,0.01616099735390695,0.0315842929655581,0.018107101620055924,0.008179778669402279,-0.0013577282891022787,0.03254679490869932,0.015870731871897234,0.016506989480179472
2021-09-03,0.021232118923877257,0.024846050703294268,0.01326045741297781,0.02164072792850671,0.02317943423978504,0.02239088105811761,0.012583859312658232,0.013356457543119071,0.04092079913569459,0.03371713866592529,0.024240438495022384,0.01751028852631602,0.017665916906305597,0.021612739158169757,0.028306517246583156,0.02749660065567303,0.019802528253477822,0.023926071871672457,0.01767213663304715,0.02157312220305512,0.030180412744650505,0.027181828397970408,0.024232055385066384,0.02828447778008594,0.005826802265222142,0.01657178584559696,0.030573607643877,0.02179865490316164,0.026203032704882192,0.024179998976468654,0.025956407018434786,0.013550891609517866,0.030014373082941366,0.026597850141519514,0.017950131376104125
2021-09-10,0.02202359169833621,0.047762269845109506,0.04134041485528464,0.03075588946932155,0.04740305093335071,0.035812577845109723,0.041748454761984084,0.04122665663370232,0.05287387340628021,0.04223192720370892,0.04489644269136611,0.037719653174064664,0.031981363453962464,0.03771667379207085,0.04931445990884214,0.030976770016227194,0.051466115414199085,0.028742639800223107,0.050032084689990576,0.04090244570219274,0.04246323558759295,0.031053963095158076,0.051391630864353506,0.03745719670569976,0.038474113950773124,0.025905591009832724,0.05552647136596214,0.022676076354983355,0.05324819212586777,0.02437066757719706,0.05672242238357336,0.032395226698195285,0.04509985322567162,0.04649176632260383,0.020976068074599053
2021-09-17,0.006023315253063851,0.041581598633630396,0.03261912276730288,0.014911866876366878,0.03948278052515968,0.020887213031081455,0.02762911353080523,0.018746133389180172,0.049792875315124864,0.02751904279521626,0.044254007188449566,0.025172633670012583,0.047539686590679274,0.02781351598536605,0.023777045454581855,0.012103024771892427,0.028544331313758112,0.023762097576909294,0.03261803564892671,0.0338164477688764,0.03913938700808144,0.013889975602750626,0.04861240064838228,0.024820407316127814,0.034946235541329244,0.024942708133448923,0.0436662838163232,0.01082837847581259,0.03735556164255478,0.013461922742126809,0.05052708788844251,0.037785109290945876,0.040891685940698676,0.027956472051834713,0.022873242414578984
2021-09-24,0.019487893044008397,0.028594138633682313,0.026708608432410505,0.03427684705332979,0.046179923752126324,0.026129267716520403,0.023430008216603442,0.01649673026818043,0.05095484966183605,0.014439468515561474,0.050716401088746046,0.02767512359075842,0.03869761864080534,0.027147748965711985,0.01893061085105451,0.01589451905918461,0.025929793711563134,0.027123254532267438,0.042871957281858115,0.0228943785615011,0.024263089610441248,0.020435868216820897,0.039536113169106046,0.031940808875872355,0.03974289490558818,0.03852656359177821,0.03257008575718257,0.01666264283946781,0.03272517205954419,0.01448507417341128,0.034442624296255636,0.036151956831272695,0.035247286734163275,0.0404474143559325,0.017967208245022803
2021-10-01,0.014440708206032488,0.016482585594645393,0.023508981658184783,0.017934194416769304,0.003885208543845922,0.01731456214388664,0.00417925518848067,0.009540882402717568,0.026058201575055225,0.007202511466812696,0.014548103882991095,0.018896541248655273,0.024510072500112785,0.01677785564688343,0.012731349671757264,0.004909817679588904,0.002034876190575683,0.015615127513937978,0.015008409911069335,0.006621487260077175,0.015897618927507566,0.009814537463119676,0.027815956135909262,0.015681060302956858,0.022324502502057853,0.028122101787188707,0.007165534727404146,0.012905493801104064,0.009590909756034991,0.011227810194336888,0.015240466139636847,0.022714389592586027,0.027888822063567253,0.03313340158430876,0.008326631533610978
2021-10-08,-0.013215706920863598,0.005811999778655758,0.01002495952318515,-0.005745192033184756,-0.03850324230152847,-0.014444996059989619,-0.00910879760761207,-0.005238431062543166,0.016283566141041886,-0.023720948746610206,-0.0306447809794651,-0.02305517997944629,0.0043005430603402115,-0.0241581862400362,0.0037609213836709552,-0.012845141355782982,-0.016735876107067376,-0.003838048991206966,-0.009131338422490549,-0.01783521609053851,0.010781163125945858,-0.008417772264740941,0.0058657718139804955,-0.015697776530284153,0.0009186061003189433,-0.00798474420059945,-0.009878036862350692,-0.010384933621033713,-0.0049971357129102445,-0.009473660074952345,-0.006304231399779447,-0.02215639893317709,0.014812166924034318,0.01128412203142724,-0.010374070577718782
2021-10-15,-0.004468876596481936,-0.015134684862839818,-0.016182189900010437,-0.012435576505911691,-0.04986229949773479,-0.019075847425253128,-0.015230909807465973,-0.00770599174055902,-0.0055008746467650645,-0.025339208820455702,-0.04320171365614366,-0.02989584588105624,-0.018164384580318004,-0.033230608084746704,-0.011611874125095156,-0.015248651506230695,-0.011040618511434496,-0.0016574267899429002,-0.020053943215167153,-0.005045278657112508,0.004184196819356595,-0.004733918615432608,-0.01271145315006218,-0.023660519078558182,-0.01870936622786911,-0.01358959952250783,-0.012531192073300114,-0.0002886073287602717,-0.007467900851792906,0.001219572499055056,-0.012690867362182499,-0.02145702717854421,-0.008777671605636498,0.0007949906240370067,-0.02865148917685656
2021-10-22,-0.019551251853153064,-0.027211739685594708,-0.03276546313066184,-0.03318484398635422,-0.06031534115904942,-0.03214388802666943,-0.0374214685597852,-0.025489036451526247,-0.01611719122320814,-0.0344677036859891,-0.04712125475996198,-0.0299963338864089,-0.024532361861874317,-0.040408189610324885,-0.03708042615700796,-0.0348013174423692,-0.017813894060312085,-0.014682246871879329,-0.026108990759941084,-0.016560343747371337,-0.0036959541820182,-0.010126730768564402,-0.0226577767101337,-0.0251022065736831,-0.040601739615544585,-0.02650230382009444,-0.04056365091947205,-0.007548180070972323,-0.03680975329555625,-0.008520117152312892,-0.017382627370384297,-0.01623483396887901,-0.0177317737510493,-0.01937958258823034,-0.03786097429389886
2021-10-29,-0.017503294425433476,-0.03502946994961202,-0.03846275481320296,-0.01827220124578522,-0.05407995968562473,-0.03877674309693505,-0.026651206731398574,-0.024872029784025643,-0.023277790045901657,-0.028044850343286083,-0.04036531322718426,-0.032386150087406945,-0.03593289478507579,-0.03917942024670844,-0.042145300118539265,-0.024104202888983368,-0.02072187681968325,-0.01642998365847126,-0.02383435655227636,-0.01163255046175762,-0.018581869828279418,-0.014226936027126354,-0.03619356175665221,-0.027913234446192876,-0.03832209454164281,-0.030460103297944373,-0.03261347436505307,-0.013446285019033976,-0.03765335079374559,-0.01605038991218805,-0.02114588249431893,-0.01850614006595193,-0.027669576298240815,-0.03784355263887824,-0.025889319425558447
2021-11-05,-0.013482530130130807,0.016027235933278147,-0.014388471951154485,-0.01168071549172556,-0.019180512164494536,-0.014707189479771872,0.009145206121267206,-0.003145153977640993,-0.00040611648023067715,0.002131540944337987,-0.007541817981301943,-0.01931785337417254,0.009554947442809035,-0.020536471321628367,-0.0009395051664972771,-0.0032416821592230927,-0.0011242378199840214,-0.003793597812191133,0.0034488351274862138,0.008634103496395075,0.03272265079618649,0.02063219398291909,0.012326877018783492,-0.005176139138940053,0.004237842252879823,-0.017146841935557593,0.0012175439204006498,0.01812447506251289,-0.000546142757546576,0.01663694759112253,0.012455223251874568,-0.008730228917831503,0.029551988675985543,-0.0020767655645250586,-0.023533409565657883
2021-11-12,0.004362528080049127,0.03693038957762455,0.004932033009828008,-0.0036598712934487153,0.004122828000449723,-0.004484049202389278,0.0388195816307199,0.02431257988073041,0.031031133812882368,0.013738370624692835,0.014910401075249524,-0.0016655345463967588,0.03223217425634095,-0.005814097217969102,0.02378759258982862,0.015676558998386318,0.014299988044880887,0.0035769855994433305,0.023980502358295963,0.03756479917276107,0.04347401440893149,0.04376558489058588,0.034178784886038184,0.0020732786862619128,0.013310573494342505,0.005658084951994468,0.030127011315207612,0.03726494012170613,0.02837424626020036,0.038020403116584174,0.013145203166141447,0.005730944150757246,0.05774706460326066,0.02271863451036571,-0.01237917892960789
2021-11-19,0.012119700411278717,0.06830999150312962,0.030374782684969643,0.020114599728527603,0.024783708317396784,0.018117473452797874,0.055902750907816136,0.03832478928911015,0.04450626277981761,0.022305950264530403,0.02960121596384089,0.019630904057024483,0.045637639077828064,0.021474435976036207,0.04023346226660852,0.02158233834285459,0.018176486722551618,0.014675121525694623,0.048953172420720066,0.035010055223009366,0.06122806574229931,0.03423036071314771,0.058340012269926037,0.02159099717475976,0.03143395764617077,0.019064350024828754,0.047124959973540576,0.036363763681785094,0.04518498198838506,0.034991805069609236,0.03932668274693855,0.014966591128902782,0.07905300388950065,0.05194140191759635,-0.009844559024993505
2021-11-26,0.028339034622548172,0.053119992598319295,0.006099751290737044,0.011732849831495015,0.04570712053960498,0.02867315959469179,0.034491289357528515,0.037958787818938966,0.04060573626879165,0.018084697812529946,0.04386201858427687,0.035117589985041185,0.03740142301134876,0.03501859494131533,0.020228655250738976,0.018315686247890317,0.030913707338722413,0.03251740032777161,0.05116801312710696,0.0463785768010979,0.05398850349571796,0.03474538999607992,0.0376179830192835,0.035507558315184026,0.01745131656785466,0.026158738922674587,0.04107359138772287,0.0379184416607673,0.041221482768835596,0.037537424299490356,0.04040600942618681,0.02134271688316827,0.05454359716195417,0.03452709323299212,0.006941409557232368
2021-12-03,0.002243355156923579,0.009504836772060397,-0.012406135609085352,0.003285568021232325,0.017088059997465176,-0.010482647684026321,0.0021232543168304445,0.012773266605222896,0.004970594857990515,0.00018584165668814715,0.01658422559248138,-0.007362302000224237,0.006578232301689795,-0.004481756321557923,-0.005459968961157068,-0.0037833773004589412,0.009146944249501122,0.012432378379049968,0.025046849447650295,0.00845753597119617,0.018230691624393603,0.010242981570574025,-0.0005851066568639848,0.0019346009347889527,-0.0035034097902752886,0.005998882987216004,0.015977830157942043,0.008603344014519931,0.01231200975558984,0.008997521130723041,-0.003332697893821839,0.010594581131426391,0.01865793998641947,0.003017382979196058,-0.015557008596723836
2021-12-10,0.0008762543199725013,0.05657902551707816,0.007050226030916615,0.00353384011526419,0.03839007736292234,-0.0015702760961057935,0.01695123779075848,0.015173718152136112,0.03573530028940722,0.002546240039147737,0.03640417731820713,0.0031414215584757567,0.05743481599217116,0.003602720673119001,0.02946636703268269,-0.0004271263330278872,0.020141678231668802,0.011080875528999673,0.06048669282543563,0.019430402878907793,0.06777318585722711,0.019864016021753063,0.05240426154161702,0.013860172601277532,0.02052246065538271,0.009593991719927817,0.033499022760606165,0.0157351950101449,0.03366955229704286,0.016889713408985256,0.022159811702486935,0.016742723636009624,0.05719794712234418,0.018473029999053852,-0.011970705337559083
2021-12-17,0.0040483698740547075,0.02540528890464235,-0.023170108405827065,-0.01049183032645033,0.024086550506890732,-0.01189532974483152,-0.007926679713219349,0.002649441239219969,0.02270698048472331,-0.006877281584878015,0.027361113613493124,-0.01885663308607814,0.020999255090882678,-0.014924280453217208,0.016752997176228638,-0.017937233419190304,0.009271431119547605,0.010591312085990758,0.042786970343528366,0.009691136596960068,0.0398876147921656,0.007401846214238495,0.021904539102700574,0.009842779062854128,0.01446276574983574,-0.0018452522046647731,0.007528080501006679,0.0074265822193134035,0.0031533029078112187,0.009029717330826406,0.005723830913449799,0.008475980347654746,0.024406102050711812,0.00669646676517277,0.0020490553769124506
2021-12-24,-0.01550418334358403,0.025289544221162856,-0.021721049177042,-0.012382755081931221,0.03263365562472939,-0.021099818100631672,0.005288636479800661,0.00024443305993328263,0.016890130181079134,-0.02617697878700691,0.03612712587456236,-0.017851785705442588,0.018446892119377164,-0.01723537764364317,0.01850717980201349,-0.030369250264908984,0.012695849113755873,7.033562974239989e-06,0.023339974414769482,0.009076310620898927,0.029471901602024266,0.003364789540561454,0.015990236038260903,-0.004320014378777016,0.014149854046315979,0.002476417043758165,0.011274801447703613,0.0014373253403640583,0.01477631005522145,0.0023683011328970273,0.020026027486564683,0.0025621595257298195,0.015606538431437703,-4.829713242310194e-05,-0.01724770312542659
2021-12-31,0.006552291973217117,0.05376567343962296,0.013584104956074717,0.020476498914602972,0.047084217537597596,0.013181666580077871,0.03981981608626746,0.04313705046802693,0.0350677722647031,0.013997938156175409,0.04622705865148038,0.014240312767701817,0.04137876208042714,0.02017379876370327,0.03667886633623214,-0.0028378474288731598,0.03788068513730197,0.010810336655691394,0.04209878090703572,0.01582754473698985,0.054571421314346336,0.04047495144386127,0.03754018098172836,0.017075881231754204,0.04709936595081799,0.013694969891767392,0.055767475674987216,0.04326909637087735,0.058573685709877935,0.039337747998297874,0.043300867821613916,0.036844426427623214,0.04411593288692398,0.02869618879609748,-0.003318306835792774
2022-01-07,0.0020641807963716237,0.038527122327081796,0.008483601489440367,0.013142268335340863,0.04782123474910085,0.01246777621599932,0.039787407177912376,0.03842519230918612,0.03199213596678726,0.007352922646468895,0.04617415631516031,0.018476372345586006,0.030972297402034228,0.0230387796076013,0.02878735335491178,0.0001854313302473207,0.0219091808160619,0.014972010467733997,0.036289660615081924,0.02178510990780032,0.03597928083478445,0.029586996433947035,0.03292975561627224,0.019825356584269097,0.05275895988376816,0.027690696132051208,0.05917541043539865,0.03372251336742788,0.054203798687049436,0.033043026010212896,0.039280458036974115,0.015225687547846626,0.028835550650068875,0.014540934939900217,-0.0015410308839519898
2022-01-14,0.0038890193095661133,0.059645454107270644,0.039535092926195704,0.017363582890022742,0.05905055202372793,0.03204662326160476,0.04508439778352899,0.03711177965195265,0.0612047285453623,0.005569872371861458,0.0635603855218153,0.035783821838930065,0.0523750404333819,0.03569451552584724,0.05752449657077617,0.017308240038430497,0.0298377804513561,0.020206094585372782,0.04198343903062105,0.018492360562351498,0.042647823874919104,0.021139074931897213,0.057895253082665445,0.023468075327020957,0.04519508348671347,0.014845821424064811,0.05571049591443006,0.02075032184479574,0.054124091043849576,0.020960056367944797,0.04461878714213805,0.01305658297270986,0.04616892823710306,0.0193779815004229,0.008265434588411561
2022-01-21,0.005667782905756689,0.03577666370907073,0.01420494743042839,0.013840351226139556,0.02882418407699828,0.015614927321986431,0.03139520424275689,0.033254929619486416,0.0316502453213241,0.012585619625362737,0.03527681827636819,0.011082219583282184,0.026270112414600078,0.014391245379365859,0.027078759406931285,0.005103872301949584,0.022218470995277295,0.006725369515445387,0.015602995575620733,0.014028411819426505,0.03725640346886243,0.021189764635314714,0.03659568301386073,0.01564434992382008,0.026718502019502724,0.00014474021869777725,0.03504658980672058,0.01857833923754493,0.03379606143477713,0.018711079915863554,0.01718164697262143,0.011851274871763509,0.02776225865044932,0.01517806269936887,0.008154874082874608
2022-01-28,0.019629875405828077,0.002622632036433326,0.005331393736199802,0.01228645127106831,-0.003008956021913309,0.006351332667891722,0.01962579020316442,0.00966974279157671,-0.00015285466633166943,0.009647818870615115,0.0006246955739835348,0.0023829668004196106,0.005274609419175028,0.0001471353826025509,8.218066025047611e-05,0.0226506104287549,0.01683382652940212,0.03225165372887121,-0.001343146549097903,0.0053034781846648385,0.01540972488085282,0.019759784850532206,0.014245714468556091,0.014425735732601043,0.010128783397549149,0.01106660975570165,0.019082185902054388,0.01787487234152291,0.016132805752319335,0.016851937594544304,-0.002875097547967615,0.006334174816704383,-0.002536434247150834,0.0028962044283965048,0.014852367064108508
2022-02-04,-0.004565327636942844,-0.04871406389812217,-0.04721116048879168,-0.022600302274912717,-0.054235895868948496,-0.02495056672226097,-0.03234720788308019,-0.028708506828037213,-0.03247613340132159,-0.01820987676959469,-0.037381578834005946,-0.024106889045219036,-0.04902034704688567,-0.030803512392179537,-0.04641837087344712,-0.02131254781281718,-0.029253404732646798,-0.002395968202492022,-0.037152241483568126,-0.023693372383007828,-0.02251899051949278,-0.018976199135691815,-0.03640406419040864,-0.031905996109543075,-0.022256091605576244,-0.023097859274940513,-0.03086968051529812,-0.016344208555890208,-0.03152372171577338,-0.016706018581685023,-0.038021567835138506,-0.028878633940467906,-0.04246956642902571,-0.029934868186208326,-0.006686664021212778
2022-02-11,0.00639527410407668,-0.016268266116604504,-0.009119903203619243,-0.00395075976355829,-0.033615198159545584,-0.014221362436987317,-0.0022011637941657864,-0.006941640591838496,-0.021564555214918433,0.008054760376606964,-0.022677131351440373,-0.016807225321603315,-0.019324860351279893,-0.020541409214950523,-0.02944528019660524,0.0007755821797046696,-0.010849656012013415,0.007154342968293034,-0.018836120577650158,-0.011906915939451021,-0.001280631400730277,0.007843417120768751,-0.019877886530061686,-0.005602499048575519,-0.01254176117933546,-0.014509360095586144,0.001456773432605722,0.0124493409774255,0.001337034906307674,0.012157673693162606,-0.019986888003490782,-0.008385706246681598,-0.017424401993475547,-0.013788618432750109,0.0031684499368028157
2022-02-18,0.006363959542342969,0.00017385494487838368,-0.004637760454691608,-0.014936460460057484,0.004605323818010361,-0.003808115433635479,-0.0004537057591020075,0.00202695049721465,-0.011073922050232976,0.00987946665512175,-0.015571349942881086,-0.01139801698075515,-0.001216441734619018,-0.0024863564184112834,-0.02000024017224871,0.00769291161925799,-0.019819735039252682,-0.003568165753081382,-0.01383565058507201,-0.007085572919891699,0.006285921608904851,0.007262549381114871,0.009925203670023757,3.433669071277032e-05,-0.005582494462800814,-0.020902087246503234,-0.001911590073871338,0.007818179467194332,-0.0026447394937543977,0.00818896143963426,-0.013679167563760431,-0.00724178450491306,0.005851080671973091,0.00252300031759092,-0.0003542243587365335
2022-02-25,-0.017382147831032063,0.00541899828091747,0.0038693419035096387,-0.0028859641525538966,-0.002403324765581749,-0.005478779722907101,-0.010940146036113782,-0.008186496374590598,-0.016923503299946293,-0.03042067829277698,-0.014046725749360339,-0.012909643807269439,-0.0032879808237477413,-0.008630743992144497,-0.0153117345516913,-8.624436772883064e-05,-0.012059129001193224,-0.013102151108209453,-0.010402935491182852,-0.017218434357155695,0.016126599857593432,-0.00184815235710158,-0.004650614411170813,-0.0034556705880281185,0.008801587366055663,-0.01116460077374826,-0.002353278351875837,-0.00277723317702295,-0.0019637390057429113,-0.004025514136964546,-0.011983031029667792,-0.016683280514157888,0.0024609124197091095,-0.006972493780201007,-0.013104344923604794
2022-03-04,-0.0053301552807838,0.04637182234024636,0.042192432608977745,0.008672293335751056,0.043290179088317636,0.03514196629459878,0.020653690688896616,0.0056613197905045895,0.023214549718027364,0.017119666769109813,0.03216395810909224,0.02814699166911539,0.05074048774520889,0.026655858563545555,0.03349356095193635,0.015196687450946853,0.01658054578169627,0.013568748102456318,0.01295064760733249,0.0010829807452897085,0.03775199865200828,0.01206813745596128,0.039629925311859965,0.030977479869785687,0.04375306768133256,0.011002669558033395,0.011503605670414856,0.010808311291233365,0.020803408364382166,0.012282412294270868,0.01283183495660315,0.014605371310611738,0.04641515783599803,0.01671542904529884,-0.0022510533254081334
2022-03-11,0.008629654561576402,-0.01249261606302069,0.013390848026291306,0.011527425604988893,-0.01092741265976912,0.009518537167178126,-0.011850805634126587,0.001794951649826808,-0.002450786147695364,-0.011274166245434623,0.0071671573804804375,0.011966023518657798,-0.01513589025835578,0.00400416521623181,0.004709359165826734,0.00977867110218175,-0.0006588593110662673,0.0019024700098547334,-0.012563836599733784,-0.0006240739592925291,0.012033944324097432,-0.005504472562299232,-0.010539824095934429,0.01448266809915798,0.015179337575195717,0.00871338689054955,-0.0071282472834370905,-0.007538659437763634,9.624405629104779e-07,-0.007244152625513232,0.00014079130520280742,0.002633924837666206,-0.0050008411648794215,0.01016570969998048,0.003935281970229274
2022-03-18,-0.013190840785472566,-0.02980221559871708,-0.027143556239626183,-0.011339425393357597,-0.03315435499371611,-0.013544120652405676,-0.02282776513093342,-0.012727612267318842,-0.005262957184635291,-0.010622647383355627,-0.011943393634820955,-0.023724793531969914,-0.03016584983321556,-0.02435151446829554,-0.013114816811022627,-0.01408746045546363,-0.014042227553102728,-0.02595605630897094,-0.014628347872249,-0.015544450388738876,-0.0020724026440106518,-0.01714326999477826,-0.035162586863594324,-0.011111217226325984,-0.005791310182694157,-0.006303858913663055,-0.020882886573096855,-0.014701374485699114,-0.017920403955822024,-0.01337122742018889,-0.008149688314823818,-0.00493379244938254,-0.021969157448167326,-0.01382682629216125,0.006998292959848206
2022-03-25,0.002725654997154919,-0.006299975559881395,-0.0029379908704782035,0.007037456256210068,0.01608586611220148,0.00922752587684713,-0.0024216594492680733,0.004306784383376367,0.009743992889291815,0.005453479454062828,0.020217331029289843,0.014946764150650462,-0.0076750062411181565,0.015928851462579278,0.006748646926594106,0.021906255446987676,0.0009540199263745908,-0.005200195027901978,0.012313582375466467,0.01724069665696163,0.01640287841860621,-0.000656532757746703,-0.009498301572266405,0.0032734435847833095,0.020820847614323013,0.012211482175841672,0.002213933677919893,0.002468167242722667,0.003178529720590281,0.0018985484663298726,0.011201598660827743,0.01742008386028646,-0.0037909953271044947,0.021113995863444916,0.028984117891097037
2022-04-01,0.008283541298672087,0.03722108216381801,0.02472305993023447,0.019509981935183836,0.047481120743876934,0.03182443633286514,0.03264271250361175,0.024311554539027478,0.030947856801299946,0.012178368130898214,0.03838295568917311,0.023605826851346042,0.038473724958568226,0.026812105872512468,0.027653378728500735,0.034641259725732766,0.014024596131947873,0.01251871907247507,0.028226807838732965,0.03834724318973897,0.04502169289458886,0.024997802681563007,0.02270733283149172,0.034300367685679636,0.02827618307469306,0.025734643531630245,0.04602745968736466,0.025832988179693175,0.043679498124189135,0.02798453099598091,0.03155239907391799,0.020138332540757954,0.033883586584328954,0.02909878803324984,0.015988783600825462
2022-04-08,-0.010885539853297238,0.07310993642006038,0.04948601298360452,0.0037351282723456516,0.0323384064582119,0.017744528068052306,0.04528220032880613,0.02745016365779188,0.02275692837352945,0.0031254918044693126,0.02250929330594015,0.012915032301788542,0.06729642748232516,0.011105977219888256,0.027179954498373966,0.010565286924042542,0.014664660407007604,-0.003077079896692373,0.026317923365233652,0.01685149155577394,0.04858481716102668,0.026743567385856662,0.04978532368309058,0.015451353908382716,0.0198247442289054,0.00016597397034197922,0.0464103609662146,0.023358677508116293,0.050947073481231925,0.02454830494978087,0.028128882286203808,0.014601425752186621,0.0665876553943101,0.022385679754903003,-0.01887391260200568
2022-04-15,-0.012062736793943495,0.050084521418069794,0.03141782287703683,-0.01310230958674138,0.03773575932906162,0.008911031187990477,0.016895433506349422,0.0020051618859255036,-0.008444051505668106,-0.02152627010607702,0.010391926930564519,0.0037837571759800443,0.05571773509625646,0.008278708118148142,-0.002914279017469942,-0.015636353112878483,0.0035919425564679853,-0.007534255624585396,0.00155582969159787,0.01444894867064776,0.02893604306534567,0.009572133238254992,0.03412168953764638,0.009088592067199103,0.027807418333128164,0.0013640150720858103,0.017723643692933354,0.0038220386499378577,0.02406167113129064,0.0045497939048594425,0.015493136960305789,-0.0023369346602266157,0.042703934449304065,0.0028846855376018373,-0.0323857197185945
2022-04-22,-0.00046841902309189865,0.019382417815304583,0.007212477294270309,-0.001853922247675716,0.005939345421497832,0.004975166413802753,0.011136452090368345,0.00944678066897162,-0.017221046369894827,-0.008793058279237043,-0.00049917760479208,0.006751645387997778,0.020614469807866596,0.009253206661471792,-0.02102335388726769,0.0015548121287423712,0.013140544569144734,0.003021244599399553,-0.0034634846518444154,0.010758463297474973,0.009555871105401605,0.005855135260043101,0.012046906108693783,-0.005398677907612381,0.014566239007150114,0.014251817949770455,0.012111157368245272,0.006405645520072606,0.014197409436363027,0.0063003828182542085,0.012566521082215542,0.001530205263382224,0.013491875924564594,0.0020458557974848642,-0.018177706613174312
2022-04-29,0.004569481354857386,0.017351496050165997,0.014803147151743001,-0.0018465580978666786,0.003010981389162911,0.0011922291880299375,0.006298651997055198,-0.0005280380882186706,-0.014390441896281803,-0.012130493668650162,0.02184310709521571,0.0032473999988296915,0.021529708613803426,0.004555646893920905,-0.01810383037140721,-0.014753288302427402,0.0020762649393563574,-0.00818438490509841,-0.016614228760673578,-0.012189529833636465,0.01940947474414403,0.0005689935715850531,0.010207229648759496,0.0025930710889929573,0.012334038311735226,-0.00605031657450255,0.0077449695517895975,0.005942654333947463,0.006175648572095312,0.004014185269348027,0.0033531445913341893,-0.024457683237347524,0.014911220316880363,0.009149509773993054,-0.019238941042501435
2022-05-06,-0.004299373151681178,0.02213600760398625,0.021626863031536443,0.011667220726464294,0.005016775743994556,0.003302220848327083,0.01644285912694199,0.005936427016289951,0.016247379699227096,-0.004816599284094287,0.009909978097112086,0.0007442723793738336,0.014814094142660343,0.0007198201824087798,0.011355006234142274,-0.013402083378933229,0.014997554693900886,0.002751562898594532,0.006631449631720059,-0.018978013174995624,0.02351437923003008,0.0004877315332490563,0.013270704625748161,0.012718112603939302,0.0076866240973640955,-0.00842101889434808,0.004453270029754949,0.0045266266206500805,0.005251212909246955,0.004405608967873943,0.023075759312719296,-0.004740479733090101,0.01599650292132588,0.0028348661458822305,0.004019208996624076
2022-05-13,0.005252138704107776,0.028854797502725196,0.019014241760662933,0.014254526033288042,0.0011672662834827188,0.015602673824985433,0.03588588400097335,0.024588973471687203,0.016148116207451758,0.004335840267289486,0.0018221049068027815,0.019442034221699617,0.004013387153264121,0.017867399839283333,0.019713426430467182,-0.001833716016765519,0.029404786248400122,0.010893179645521637,0.010924375760240792,-0.011405607305684295,0.03038711412982578,0.016743640244938084,0.01024813352457978,0.011030834250381058,0.008890473016286425,-0.00020298458501119755,0.026900004032944926,0.01618015167951761,0.026907418356174134,0.016008922780790046,0.030219942124940613,0.006966106406076902,0.028558154471358236,0.001714667166424705,0.017395261331762463
2022-05-20,0.010939758583902002,0.02507095348236381,0.022673230891628166,0.018855728241278687,0.0013814668858345507,0.010490159166335339,0.028510120756471982,0.02551829487705238,0.029332975183286543,0.022284594106951886,0.017415768273654625,0.010791444400643198,0.009669844849224545,0.013017144969965682,0.024516786067739556,0.009657003183499945,0.02308444642922678,0.012445620286618234,0.020150196369759232,-0.00017787823786653435,0.012903404502119253,0.0208491498899123,0.0022733276262681063,0.014102759633914323,0.017570150496761323,0.009264132882650728,0.023885286571942055,0.02326832214833834,0.020793408593635203,0.01794834460821099,0.037282812970046764,0.01628344381459785,0.018397379556954602,0.013251540648741027,0.019273294053136738
2022-05-27,0.018903757539357458,0.020220165443758282,0.02139969503564339,0.02131957817391268,0.008670173170901501,0.026527740383312355,0.028529529532775034,0.029238266505718032,0.030093223828780862,0.020207001260125597,0.027875005913264698,0.031802996925680886,0.013546119347647453,0.03104542546988082,0.03612944900836559,0.029961158401228285,0.02076923478449739,0.0105833525050931,0.02374601500039333,0.0053144656778798425,0.02047792647806307,0.020922815694352222,0.0063607975540521215,0.026487681952447002,0.017142602073538276,0.009471341788208727,0.031066940952183056,0.023701426994306444,0.03284918725262746,0.02804925301006773,0.04220063684669146,0.026303526409846845,0.022362088220991776,0.012725133838746048,0.02641888902877008
2022-06-03,0.02446279069365978,0.031232820625172537,0.034588224674310664,0.026981746631112285,0.04717254522458681,0.040167043539038966,0.025415137518177512,0.027310361408049624,0.03632642016969785,0.0428517909316947,0.049931778633348314,0.053564773999540655,0.03696287278928876,0.05452701460228872,0.05610196275687478,0.03614592938683809,0.0131354039977078,0.022228775569241965,0.03433466127223514,0.009546365274796156,0.012655131734467792,0.008140318048571404,0.02203881502721884,0.037705188835944606,0.0414714675288689,0.025240300322877957,0.029425085834946952,0.012172456696514677,0.030638063045990458,0.015761495419426327,0.038204683296889336,0.033677855737427514,0.03383516681129041,0.03067141921259573,0.03666959293460275
2022-06-10,0.05174263763523743,0.07873076241925242,0.07792697165286566,0.05110190635117948,0.07640106250087385,0.07024899109621784,0.06753451191873341,0.06598062137393307,0.07375760208686298,0.0620593913675069,0.07634978695364598,0.07711409088614789,0.08430573495052911,0.0864630009098003,0.09683628557779472,0.06626213975234209,0.054579979273531,0.05161025866012283,0.06738508844038517,0.04236546214372248,0.05346171782387715,0.045965119189140695,0.084632989412615,0.06435926300383296,0.07217800274968524,0.05959603453766481,0.061739948969403054,0.04790421550702131,0.05788590271322277,0.05146566445769075,0.04444261893779563,0.06539642102559998,0.09571717190297914,0.0802627787835093,0.055272980367505505
2022-06-17,0.026623351244965406,0.07336139399822227,0.07048207901445758,0.046134574123191704,0.06052507036464201,0.05776063322032311,0.05882361117077638,0.0507998421254193,0.04829814731920075,0.04893257746929435,0.06059220276820948,0.06524994731141658,0.07408205415576412,0.07122415250130595,0.07274808699866878,0.05004416853957237,0.04048054998738603,0.023483319877238753,0.03537443622293833,0.01729223651289321,0.05827338588895063,0.03634814543847536,0.06549851082290137,0.05569833735728222,0.061953804169014685,0.02219695306663848,0.055624694268023946,0.04520398011511827,0.054698006671365,0.045011697864382944,0.025701872196859106,0.026476209748353047,0.08554086097159372,0.07004456093603499,0.03549365411203231
2022-06-24,0.009575893680760233,0.03030923974680109,0.04352033837408417,0.026115970663480585,0.047087414364089114,0.035605463599565526,0.011530958400027965,0.015097467827772758,0.022603567931581654,0.02744087650887873,0.02595506698159345,0.029514069459391064,0.04153892850971872,0.03476666817338979,0.024265578321778534,0.018458598436207375,0.008049291670743005,0.016320392466341017,0.007701705724131188,0.013920434732277947,0.02911308501975858,0.006222836584532966,0.034799953706174544,0.031415594045073096,0.03414897366924384,0.0038989398338971732,0.008423930965277769,0.01611104771120969,0.015005118179365715,0.012535898208997363,0.004999062102574463,0.008516422254249855,0.043724584068873994,0.050540894620930796,0.009413431952657649
2022-07-01,0.03933178406405458,0.042622554980304685,0.05780168288129894,0.05543026550591785,0.053330137277623715,0.01992279673919437,0.025359003188120684,0.040020152478768424,0.028553321710992306,0.050193634474623085,0.05537022610451336,0.015075726916549495,0.04932556479598335,0.022734503058208257,0.029329386566183488,0.03270034879087242,0.02502420013723321,0.031939154805936495,0.02331808048065595,0.032826681697994374,0.048147847463803815,0.04609886391078017,0.05386701738786791,0.03805497392353852,0.027558919125230622,0.015649853692479825,0.039612384877563,0.05166793533133307,0.040063931208959215,0.05273335674607086,0.022445702419045054,0.024073993221949846,0.06040992233999763,0.054665597018585824,0.031074559629692865
2022-07-08,0.008424722926993738,0.03011257576925538,0.026674717982352013,0.012124947952483159,0.04018199808539572,-0.004480905919406072,-0.0007753763120715611,0.011362623703635768,0.004828774813038681,0.01694932554636075,0.040909004986695356,-0.0009572676316555477,0.03923848048825979,-0.0024464591875434567,0.024726400908343067,-0.0028653815590488634,0.0062629662308482485,0.007829213817749479,0.008149582642342912,0.004248900260811609,0.013770903861320254,0.005051148467756487,0.029788786713955656,0.014506146823905717,0.011154488663344347,-0.003099062348752306,0.012940038831263575,0.004217491552518138,0.022075785116892017,0.003938582222872096,0.006206988932956322,0.007102206916449869,0.03684262421963358,0.03590357363878825,0.0013943372568416207
2022-07-15,-0.0076475458413810095,0.04082895510417581,0.031576879838695296,0.021168952336378718,0.049178350877892046,0.005425394108037838,0.00886849601171943,0.002154251095426639,-0.0023486333137759646,0.0027728546367344555,0.05314924184740175,0.004040893794358644,0.046049315701911134,-0.0014664155311450732,0.02349144845929517,-0.0006026969935193218,0.02273031664397058,0.00969871970422226,0.017912524632294338,0.0055135458134031815,0.01821061473930877,-0.010096873909218991,0.03399621670629768,0.013294440379196163,0.010652551988350276,-0.0036847833280099353,0.014852861625082663,-0.01157863540497059,0.0134420139018507,-0.01288759713487886,0.005507799835787952,-0.013208110569172244,0.03771302334857785,0.027077218782789042,0.010255659095513006
2022-07-22,0.02321098776051814,0.046393484443910615,0.03837254551365516,0.04312226550859418,0.05474724986187475,0.03504698355435812,0.031835928124062496,0.030840289793879806,0.01741297808813688,0.03252716316379103,0.051849801556515744,0.036585918820015724,0.048105600478777245,0.03868818289619813,0.0327962399718937,0.024128664198614758,0.04331162086801853,0.020224884873012595,0.019676173917253948,0.024845886535705308,0.03414825618725464,0.01680701386787751,0.04060339257157677,0.03857895503697334,0.036183386411918456,0.0158847355125397,0.02735866869990349,0.018032342008598563,0.03364069178565252,0.02026061740688538,0.026277082797716168,0.018907924438988977,0.04393477460267885,0.03570898288455435,0.025159629011148966
2022-07-29,-0.007386638465395345,0.027181109375674497,0.014488451099125459,0.01193563366677325,0.03154937459903012,0.020261807016663705,0.013036996740791071,0.014589533793892915,-0.0030625454114539697,0.001054040484529805,0.016693916615582977,0.009412264444956275,0.03399932874714065,0.008109694760351196,0.014829776404492014,-0.007901091855024854,0.018585039605629496,-0.004918604485700389,0.0015371281057287522,-0.003087747600935289,0.015825673794267348,0.002653831642909126,0.023611232786099317,0.016671042889260256,0.00544785046480807,-0.005852729117562291,0.014000432614767109,0.005663301791189114,0.013227656782954077,0.006078590043946486,0.007530181370701976,-0.0008432460844659491,0.0197795412059913,0.01929563177426579,-0.0016286230110196282
2022-08-05,0.00825822765696517,0.03986311726797733,0.021471830898250353,0.017069445707053477,0.035390424868947515,0.02697484668335119,0.01956236096972616,0.01992411628271692,0.02098194533788251,0.017771829932503848,0.02788067540222793,0.02303271521801095,0.03823178855596472,0.025396951495630427,0.0354266415555723,0.009651884169924225,0.023731258279728384,0.007742551425819076,0.023651142579012973,0.014644162362964161,0.02799741934282523,0.009147868614395963,0.028267672648320773,0.014920177414059125,0.025987256050730632,0.015724215294013154,0.010277033567458852,0.00875552117596079,0.019671834136114716,0.01242534156951997,0.034840589717462137,0.022484800648392055,0.03730126664166201,0.025826750280461684,0.017152030727311505
2022-08-12,0.007978659342362596,0.04464651171008489,0.016235070235729628,0.02108123337023347,0.04002356109572402,0.02491712991346079,0.04516196478930634,0.048234591322293054,0.018010793857333385,0.017555073546777863,0.038795686005825905,0.02477360672027442,0.03673387281913731,0.02366396740381079,0.025940108558990958,0.006483557735627024,0.02816198427827114,0.02516686026960504,0.030787501892293536,0.01755206639415871,0.03476350440982182,0.0319086230642121,0.02955730309355334,0.014864628773933077,0.03295046475798961,0.030703985062734616,0.0365623284310908,0.034961429727663564,0.044442571869554144,0.039207529225893,0.044408536369455666,0.03166203654944238,0.042367773251101144,0.024531530934433454,0.017565051825923186
2022-08-19,-0.007483354841826478,0.03119155089463259,-0.011331004511817755,0.00516312033569682,0.02521418535862019,0.003284731612629378,0.035115992888648646,0.029331050793599173,0.021484071020083876,-0.00044198181932547306,0.02001800821095165,0.007112247915658467,0.0058642512365289145,0.008332493197083351,-0.005451245141277418,-0.002285001113945816,0.016968075188705693,-0.0015814215603750688,0.02273737311348048,0.0008019337719063304,0.024821720739120645,0.012303527757849712,0.01779966486600228,-0.005661557204274399,0.030514158175154644,0.005333437737295938,0.024083724010945627,0.019657648149581028,0.027639303823721817,0.019729883405371056,0.0356868010492795,0.0140072459188938,0.02148543138271647,-0.003688759314505855,0.006324325878867715
2022-08-26,-0.009644904651847837,0.009964609809846682,-0.019763861879255197,0.0017290746278774336,0.006796486031362536,-0.007871652591222097,0.022714175816760655,0.012211298918379422,0.02351812302943772,0.0006504887620775973,-0.0019773162391412713,-0.007673606391161452,-0.024184750915553416,-0.0077298197808195555,-0.0056057469307217375,0.0002270419144341439,0.017339710739838997,-0.007459831383775563,0.026740887264264174,0.010807195127065565,0.023953879378466186,0.007902836661397381,0.0026440808974945787,-0.01582372725815941,0.01603353587065457,-0.003459516978130961,0.026041707585597082,0.009643400157234128,0.029304135769330695,0.009985330751261465,0.023861011029128368,0.012779314021177627,0.006191952741122205,-0.015717728774010942,0.00983488128988944
2022-09-02,0.0038247818918865743,0.025580536976862824,-0.0004422223685977395,0.011544027514523545,0.020464137402130732,0.011252782463464053,0.03851534989103052,0.014253135014302337,0.020842728151406722,0.014745219537057097,0.015658733145155833,0.010615631757206397,0.013340873175764026,0.01165626951844189,0.010311034497502343,0.020125325107775,0.04042026499098793,0.005606467232895214,0.03991176837844089,0.011606198736024783,0.029711376401529665,0.019751741436740706,0.021931350412458615,0.002063403034858213,0.01813195162554737,0.012186880726556474,0.03512625334892611,0.014904333356738133,0.03946057499466009,0.016916622467878874,0.03130348819688689,0.017514133804722984,0.018910691377640062,0.009046886326977165,0.004563047761525447
2022-09-09,4.192004222009017e-05,0.006072467480969541,-0.005980313223117579,0.0032978497214542182,0.011717909401780852,0.010949095827464467,0.01580455458434305,0.0018721490855490737,0.01779016725083449,0.0010882442960334555,0.006616379997070362,0.010018750357126677,0.0009743615146688846,0.009107548372736052,-0.0003550627576041241,0.00310012685564949,0.014140189174731537,0.0006120326164132632,0.01861627154951834,0.002922246143162254,0.010362634436805448,0.003212752035747448,0.005683798791147499,-0.0018408487873580858,0.02251162160608287,0.005544205050554613,0.016171634420716945,-0.001562639440490773,0.01927944661744012,-4.0662440953480054e-05,0.027810594409649975,0.0068117273938159565,0.004518421617429092,-0.004753593054283782,0.013272584034249807
2022-09-16,-0.01658163971016168,0.0032504291179576267,-0.005850365165063924,-0.017194289708725767,0.005762883856536448,-0.00865341794327521,0.0059125709751404595,-0.006682490741843817,-0.0014117067982039472,-0.0069836904317177395,-0.00014947648945024415,-0.011219302294355018,0.0029428403265886758,-0.007766247947646572,-0.016706893846929766,-0.015715953888216356,0.0089657107685804,-0.01639769024921303,0.001031591385388692,-0.007007702155246148,0.0039898076402017065,-0.004095683894824051,-0.01348651450540598,-0.01524554877815687,-0.011699958023230735,-0.010800852375555815,0.007842776540178648,-0.005398776259406807,0.015874487431278207,-0.005162731187762016,-0.008708602781559808,-0.005104316702453134,0.0062504201377682625,-0.0021986173166437823,-0.00712382902868472
2022-09-23,-0.014580081099963888,0.00981002595465972,0.0094307585236732,-0.01219048229684045,0.011610653175494317,0.007719984057735457,0.005332813708680219,-0.010269146578164547,-0.00303006785105529,-0.006923165422882364,0.010051585663700353,0.0036848933480374685,0.010134010251780356,0.005929356308025245,-0.01418067183086219,-0.011903781866551782,0.014712074721083329,-0.006612466152390163,0.007406427782457116,0.0018715524102774909,0.009023349641170316,-0.01029685952459006,-0.003155776061645235,-0.0031953455779332113,-0.005725651866773813,-0.013109295036061508,-0.0016341353125496516,-0.010045157402931553,0.0050061152113856635,-0.012346331907924115,9.249552995113331e-05,-0.0012232980243034217,0.0141956711059894,0.004432428650329735,-0.012778739582305671
