,Numerai-MLP_None_1_3010_10-baseline,Numerai-MLP_None_1_3010_10-high_mean_standard,Numerai-MLP_None_1_3010_10-high_volatility_standard,Numerai-MLP_None_1_3010_10-low_mean_standard,Numerai-MLP_None_1_3010_10-low_volatility_standard,Numerai-MLP_None_1_3010_10-optimizer
2017-01-20,0.05370791128256285,0.03671390174695636,0.02765462337213273,0.04181874877443725,0.040512520927315616,0.025841440352473488
2017-01-27,0.06301794758301425,0.037851767526870944,0.029914440732960436,0.028932016114428343,0.040976888957289716,0.027786402510083505
2017-02-03,0.08496464976649902,0.04412026583179685,0.04035138056368812,0.052833304140969005,0.04733340778108152,0.03788160848977007
2017-02-10,0.07533754404346547,0.04912953756599604,0.05079023761856228,0.0396109885863692,0.05070348020377828,0.054733473347950104
2017-02-17,0.07303512097334948,0.06280530570377117,0.055011902236462754,0.045204438174779996,0.05371816553639616,0.06434705678440514
2017-02-24,0.07910385469911305,0.06409498955033076,0.058469947555115816,0.05800883731160951,0.05590654739487274,0.054671002719298506
2017-03-03,0.07050980121723126,0.05461135664715646,0.057452899917677554,0.052717535067234075,0.04278591893124884,0.050948149876058654
2017-03-10,0.0487678408542619,0.031572903146799836,0.050698229311658245,0.05040660383695605,0.017461668032499787,0.02013519791795576
2017-03-17,0.06736933350708327,0.041129089882043474,0.06798044055511483,0.05975837505765888,0.04562615520964907,0.05959557065585139
2017-03-24,0.06255443767831817,0.05151105855106234,0.0573737973844278,0.05209280561888745,0.055924337427474415,0.06219302466802786
2017-03-31,0.06388538754147866,0.05155328053003217,0.03816593532691468,0.05468201761249752,0.057975656303035084,0.06932706708748411
2017-04-07,0.0487935689716438,0.030271888474493167,0.03478727270934612,0.05366321228336438,0.039941169611517696,0.056482118823779064
2017-04-14,0.03018797155477218,0.013812976456545256,0.03835756410696375,0.05142984599291264,0.02443402315957327,0.03712530972878371
2017-04-21,0.008881802890502258,-0.006543296023517615,0.024443469641080198,0.03452235745075215,0.013945248272749917,0.020701566911313144
2017-04-28,0.0031616712297086315,-0.010378891179745674,0.03194400460182259,0.029826631739390656,0.0037073281864078906,0.023530466790095832
2017-05-05,-0.007558857208362736,-0.015847348625842812,-0.0013427247171381765,0.00681331072378149,-0.007359264918834315,-0.007394431518568892
2017-05-12,-0.012784838942148727,-0.0118609745418889,-0.005683353560946223,0.0036154853391445344,-0.011154795739721085,-0.010762586458140965
2017-05-19,0.042563682443600155,0.019993114650848878,0.01939635699205618,0.037162751027400284,0.027446952871553052,0.03748510414802595
2017-05-26,0.04908534778357038,0.03204446648976865,0.04345710702213059,0.032003584785647805,0.027691359521651047,0.03853584548755629
2017-06-02,0.07512086887663111,0.04926292847007133,0.040409074351124175,0.05949059687796518,0.05203303607346042,0.046761848691043814
2017-06-09,0.08152953745327009,0.0454838427266566,0.03632480811746585,0.045138417764503606,0.05684371542595134,0.04590713638584034
2017-06-16,0.10138511575210223,0.06443566949817194,0.06626761601926193,0.07680398849422951,0.07931780851482695,0.069048564727578
2017-06-23,0.06870745063988845,0.043088332847317716,0.028245314125916497,0.03597810926405857,0.047426564940589104,0.03243295454726197
2017-06-30,0.07453666131130567,0.06743057320061673,0.059958165489334955,0.06532383668918375,0.06950657865623987,0.06374169228537781
2017-07-07,0.02795552926270624,0.026743453472982452,0.02760072256081383,0.026612795925904154,0.0252658851594408,0.03308805142884823
2017-07-14,0.022579326366769317,0.016924878510017245,0.019926843851091704,0.022005657486591893,0.016374460787554997,0.024743250091088624
2017-07-21,0.009437896279336437,-0.002016826151159138,-0.000914062834814,0.013551394398175754,0.0003492538592722156,0.004366822102281889
2017-07-28,0.02643291423652615,0.01904874559165229,0.004045826325756557,0.013275605699383602,0.02423140498702227,0.026628255592130803
2017-08-04,0.03994053215936608,0.02660490465375865,0.037457372996409555,0.042162608796814605,0.027964143822332782,0.04117887312154947
2017-08-11,0.048389740918713904,0.0300881370711255,0.04311151519436909,0.0377562431777838,0.03251175699319583,0.030342656729311458
2017-08-18,0.023288818866594327,0.015837538905756735,0.015321543722500285,0.0146995736248905,0.021367174034366967,0.016114692945068215
2017-08-25,0.0210133285046644,0.011459191343091582,0.01665020502151205,0.00626368101996684,0.00848299276109723,0.020218655226972772
2017-09-01,0.02611475025460448,0.019394336541084602,0.009772911007528085,-0.0027035888888560285,0.01682573900582499,0.008749841488470984
2017-09-08,0.019049215393090468,0.02374176288968028,0.022140025332571037,0.003939303114872099,0.012516447299273316,0.020905117762823576
2017-09-15,0.013548166299864457,0.024793177520843875,0.023412124807824102,0.0011583863939270123,0.01015485901309497,0.014553858869472339
2017-09-22,-0.0029707901237285552,0.003593922891291207,0.0051416312239506625,-0.02091971874974664,-0.010336621618716537,-0.004282183100052964
2017-09-29,0.0008711262116497726,0.018379856314595176,0.021436036708819897,0.016359171081454977,0.011245307815938056,0.03470107922569268
2017-10-06,0.0019912797483522615,0.019060675458118535,0.02920650762093806,0.025480227610448478,0.00873030454874967,0.025356178999347605
2017-10-13,0.012130901910418166,0.024110956454338865,0.02083570686659617,0.02954830176220205,0.014040299279686284,0.03794857291077726
2017-10-20,0.025271453232619222,0.027111278128714854,0.02562630039817102,0.0384569384605508,0.02782766244960985,0.02911645616698126
2017-10-27,0.04414505453774531,0.035290870350425475,0.04675450962995406,0.046363105864711165,0.03875478640576694,0.035551467064528906
2017-11-03,0.016889899951561288,-0.005525206910707231,0.011824825432940065,0.020116904323391794,0.013585772613856836,0.007329562814243152
2017-11-10,0.031156568788164866,-0.0045187767707361645,0.011090109247971108,0.010405441716379945,0.021383127745406353,0.015786997965323655
2017-11-17,0.054424223738714715,0.028666193505816052,0.03339623698458535,0.025938980784194505,0.041541844164800786,0.036329506421630506
2017-11-24,0.02256945054498804,0.007090038419085857,0.004068432542275865,0.0004572801535438292,0.022835711172649924,0.006814129499485797
2017-12-01,0.033456109113019016,0.0352698260461941,0.025842864622177945,0.018406832856848035,0.039647630098689934,0.02207406264957608
2017-12-08,0.027840114974169716,0.02228259597326203,0.009541710841124216,0.009740344431637604,0.026616471805472088,0.011551516421217926
2017-12-15,0.03226692781243662,0.020687153010090272,0.02189908119635605,0.020912292690823103,0.016791822516243903,-0.0031940710697755084
2017-12-22,0.054661491024917144,0.022726775746088154,0.020155880274997463,0.03914295819361903,0.040491461332425,0.013544172516851425
2017-12-29,0.06843173862197417,0.025848774254593088,0.029621206016711598,0.04983655532377513,0.037634328173152064,0.028986648594556404
2018-01-05,0.03881042684694486,0.023697171811642714,0.013420711759864397,0.01516544278794209,0.03481876269076792,0.011999374812505913
2018-01-12,0.02370751372243968,0.03358623407070501,0.03064937073644876,0.01831830994197537,0.02997219924083077,0.02267604440353374
2018-01-19,0.022532088794490045,0.038595071825970585,0.03751275641433169,0.023511946782938265,0.028856345643169,0.0348225301302554
2018-01-26,0.037255987395711426,0.044359885171011845,0.05344537794372217,0.04239125660509434,0.04266586094578307,0.02703233725597613
2018-02-02,0.024966973734219626,0.023506263733116234,0.03483568569243764,0.027442827630673714,0.015036953474588725,0.02812838858473607
2018-02-09,0.03352569627394886,0.039236911664795746,0.023495467077404734,0.018495447877639803,0.028763349452007127,0.031350498641193436
2018-02-16,0.02972712570370212,0.02764442814885387,0.0314369590168856,0.024098935362578722,0.015849932568075892,0.019169917473268155
2018-02-23,0.04759417930984706,0.03884883217385708,0.04716658658858652,0.031958246047052954,0.03430449397142517,0.034557701248315115
2018-03-02,0.05059452881958931,0.034569020168196976,0.04458290962912423,0.03783758086892108,0.025523582737405636,0.030478300133104055
2018-03-09,0.03915247889083544,0.018824371696904242,0.02872903314848194,0.03528407265039041,0.020876998193005473,0.025558646713276963
2018-03-16,0.03759094241580842,0.0203839803712617,0.03194625594593212,0.03445642849251399,0.025599959882129302,0.012964650637980869
2018-03-23,0.01747276763032601,-0.0006742543531667144,0.015734717877572215,0.019719435537435676,-0.0005238557048143974,0.0057097873347262676
2018-03-30,0.020039385069696707,-0.010449870130528352,0.014755170949208942,0.017217960906718763,0.0007688641344166302,0.017505121933819364
2018-04-06,-0.0070529674151162585,-0.01503479153181106,0.006291188975983412,0.016478800680051434,-0.009177087885260274,-0.006940569215250803
2018-04-13,-0.011046477674202101,-0.0003290929350570738,0.004659211163709956,0.00025828082472761227,-0.012225809590369511,-0.01276564613664618
2018-04-20,-0.026897237627229467,-0.011884773173307571,-0.006558180878058784,-0.01021739824398123,-0.02545108397813574,-0.016921313327618606
2018-04-27,-0.021782046673688202,3.7243258317431094e-05,0.008049092591472764,0.003689925570243174,-0.0116440620679906,-0.0023117828626575566
2018-05-04,-0.011104728728906691,0.016146657062481414,0.011037873975258563,0.010454375915325758,0.011283887830803717,0.0036735833469992915
2018-05-11,-0.007617342690208781,0.028948823977289272,0.025886428123325953,0.01907261174192116,0.02487196271729412,0.03766778566434634
2018-05-18,-0.00025800230826765735,0.02717874343978762,0.01659076730181914,0.027616993933774415,0.036130420909786375,0.03123090156226587
2018-05-25,0.021158771817403135,0.023295113002602313,0.051505799793317784,0.05908358574208695,0.04407990967182801,0.050457372712238775
2018-06-01,0.0033305887965502296,-0.010417798650656075,0.02243472867502463,0.024780639154000195,0.009616650804678524,0.015845898930610648
2018-06-08,-0.0077355304093059095,-0.0029845219448995305,0.021133199780346966,0.026921660528104865,0.007377318568534147,0.0035112828261129373
2018-06-15,-0.010244154521610876,-0.013917565215283999,0.016363553380669287,0.009412829204891162,-0.008467451729833358,0.004176300463075896
2018-06-22,0.005076376189492013,9.932277592781177e-05,0.021329511557543385,0.019396901353409594,0.0036545688065745506,0.01549282500203179
2018-06-29,0.00659726972319898,0.014509994626580435,0.023292110969025035,0.015061872310470993,0.014770559423708992,0.013927657567513086
2018-07-06,0.02134103126713599,0.04496885822918033,0.04186063385366229,0.03405253258344611,0.026629471417499294,0.03246620187370116
2018-07-13,0.009023626823936527,0.03903506687724302,0.031849586293144654,0.019837193858335416,0.02741062056367326,0.03548593460289612
2018-07-20,0.017351813376450403,0.044123207129112295,0.041645160406545145,0.024771949120531052,0.03045468024654861,0.04439261025101338
2018-07-27,0.028629354227070566,0.03590344431936008,0.03462152118365306,0.030587545407781264,0.039075881809055614,0.053660443070884405
2018-08-03,0.02724553312628502,0.029466884156343878,0.040925521549693686,0.03704059963416631,0.03792727221130662,0.044953983556707544
2018-08-10,0.025983793831571747,0.02339356150360551,0.03736753570474973,0.04914341957032044,0.028693326563237954,0.03375779216104516
2018-08-17,0.025090491595976306,0.02048789677576682,0.036830015549122644,0.05335164969236654,0.03361537407851625,0.03783550413582042
2018-08-24,0.01674226354472812,0.01260968310120109,0.017869973962115433,0.040203290643187034,0.027011922023154538,0.019600881801596776
2018-08-31,0.013493069433024455,0.02731095701322486,0.026635393180545735,0.021175823629774042,0.028811384576922085,0.013483747208913259
2018-09-07,0.0017509899332873225,0.017336866422996478,0.012887805671355963,0.0034229834303704486,0.005372194496491732,-0.0195112391839233
2018-09-14,-0.0018722399617096292,0.02014456838441429,0.018828242501248767,0.006879647473517487,0.006460529781752858,-0.013660933584651994
2018-09-21,-0.040452479102050645,0.003059184939629628,0.005486095132880286,-0.0056359916610157915,-0.011003995423007399,-0.005773225024691874
2018-09-28,-0.03912919560582615,0.011839253883154077,0.002524982408196764,-0.007044395851829641,-0.020031556580103922,0.0024272725303800067
2018-10-05,-0.03225896009343521,-0.0019036590145581904,0.005714369323626135,-0.01189834818489488,-0.031192014154632262,-0.004535330804808576
2018-10-12,-0.02174865379883253,0.00025573015704174,0.006644972046920178,0.0011166833992845375,-0.01415520656011234,0.007695679740378727
2018-10-19,-0.03741409771091286,0.011419514996323276,0.00016247820790710562,-0.02281303942008371,-0.028367596070655827,0.0014770071093566674
2018-10-26,-0.028728340802815125,0.004548463961589905,-0.00018892056914319836,-0.018646106559668987,-0.02077772645810197,0.0034355555351596977
2018-11-02,-0.049064065247267453,0.002016473535476488,-0.00302989693834288,-0.03182384011110628,-0.038398990081105526,-0.013718875419844267
2018-11-09,-0.02744893141723339,0.0217024081317844,0.018729045151958064,-0.003362742730003749,-0.018529673053341245,0.016946175264024005
2018-11-16,0.02923588687413418,0.020728570767591423,0.017936536969447983,0.03960728112284771,0.03334014160324887,0.04463155040465769
2018-11-23,0.01231843356088619,0.01279856418979424,0.013705073950573859,0.016739693731022284,0.010046632520816553,0.022195256315062705
2018-11-30,0.04022979687862191,0.029907451215238568,0.01959290290813378,0.046805099834131954,0.0226415289258927,0.03380513835276268
2018-12-07,0.0614275406199994,0.04570196882171563,0.047794814169568205,0.04704388587063541,0.056591186445771754,0.04525577383005449
2018-12-14,0.08396380931448319,0.04010027809413084,0.04084511311216642,0.056787690420887264,0.06620393463437195,0.021783948603775225
2018-12-21,0.10050191753232242,0.05730066185272555,0.05207682099390712,0.05859784685597063,0.07165783557620872,0.02661030687727325
2018-12-28,0.08389402509810755,0.06505671339076455,0.06641192569243759,0.06186095318774763,0.07244157987535688,0.03973229006841724
2019-01-04,0.057029773212211574,0.034672477601579606,0.038638617396640505,0.050838264549459375,0.04389066678279794,0.02926509070851266
2019-01-11,0.057706671295420654,0.042731577868271725,0.05361010666305172,0.06483994737703816,0.05006118008814598,0.03820739957014454
2019-01-18,0.04625679238090977,0.023342840762140115,0.03358174138907412,0.06046612127251498,0.0385480552564724,0.025555612563721925
2019-01-25,0.03875402120614566,0.018231001578200796,0.030044537892048827,0.05462588674248817,0.028391680366061593,0.030383206659597668
2019-02-01,0.03751120360561943,0.03187778000132997,0.033589258161223094,0.04237084798648598,0.03560182115822948,0.03826130137164827
2019-02-08,0.024691481512808512,0.022940092494674394,0.03319718281386126,0.03175499838247242,0.019618819338954704,0.027260179974780415
2019-02-15,0.04376488840125423,0.03868502064508995,0.045237247768606235,0.04679703090120634,0.044819737051361885,0.05625614755992322
2019-02-22,0.01253665015366387,0.023486844262572013,0.03177435786159463,0.032398033583782404,0.01897210793865592,0.046555933321575135
2019-03-01,0.0011665695475302838,0.011807479886355254,0.02996173779190319,0.02427528795681626,0.01994947710006372,0.02352515267920379
2019-03-08,-0.009532234981574078,0.015483104904037091,0.02149492800962492,0.012071123054901985,-0.0023864665346483914,0.008693529001222807
2019-03-15,-0.008288683926492605,0.023958804552309174,0.03127004457497327,0.010371726881858622,0.0027506050601120526,0.009843403814570474
2019-03-22,0.0066346876000285115,0.010511752863835605,0.013423934868920993,0.00782979564020422,-0.002880808688173829,-0.019044833691474104
2019-03-29,0.012779785493568887,0.01700310550545026,0.03158371473789914,0.02982465544305388,0.0064427170849102895,0.003997791723116042
2019-04-05,0.02171041742857695,0.025183493021917143,0.0330496308647846,0.02845785659360914,0.01976978007388202,0.014385312134948655
2019-04-12,0.01699423897734024,0.01953485767212488,0.03605570418500026,0.05059553584137665,0.02022948522476569,0.020522357720872474
2019-04-19,0.020653951494434324,0.022439765254977078,0.016716155568771148,0.03707751291074341,0.010239785451017239,0.01809696422059732
2019-04-26,0.007437641627595399,-0.006871429713517484,-0.01555025104157501,0.014514361779317017,0.01045480829501119,0.008581822736743929
2019-05-03,0.007984235399970563,0.013557625463461677,0.000883365514859503,0.023865938625958504,0.008414499299299986,0.018602254663778697
2019-05-10,-0.0006296192195897777,-0.004233972431203833,-0.009506398594473225,-0.003072704279426622,-0.013939124132385964,0.0023175362253982056
2019-05-17,0.0037758840118826344,0.00673260215328323,0.016665749734141172,0.01290658979476532,0.001702101856047694,0.004685547239724319
2019-05-24,-0.009221028152454775,0.008050922577962808,0.011653638600232726,-0.00686864890727108,-0.001275536693319996,-0.005286945725524922
2019-05-31,0.014750740039516364,0.013793577729097306,0.015972268790820525,0.003447366076170827,0.00897153685550342,0.004183036211746538
2019-06-07,0.0421896133419095,0.0287461103134541,0.020548216748392974,0.032514862173992895,0.03785329155539371,0.02488167742136826
2019-06-14,0.012067298551260161,0.005373725575004253,-0.0010678928287571495,0.005080704293395388,0.009278277174787549,-0.0018696728972277532
2019-06-21,0.016826304911487733,0.024255284873377345,0.02187399185627086,0.03221672599271078,0.030688062622223303,0.027724144588384382
2019-06-28,0.0006447458240550032,0.01570273128278699,0.0096540150885376,0.020396260294066847,0.02431121047969736,0.028209776165557025
2019-07-05,-0.031406913781873276,-0.011535612219222176,-0.008724702444092588,-0.010498398448451097,-0.0037711579746575285,0.01023099540636768
2019-07-12,-0.05016941870829586,-0.01455430540253864,-0.026255811578106823,-0.030327724030467754,-0.028707501198551248,-0.008770249166765633
2019-07-19,-0.04573745303685823,-0.013420640859699975,-0.021218368323271845,-0.029910173941756033,-0.03291418340912021,-0.020852665522408425
2019-07-26,-0.05141364995316565,-0.016298280499195537,-0.005385338760891088,-0.019547165610212604,-0.04118144377988614,-0.017453515745397268
2019-08-02,-0.015750959622442582,0.011136799286660398,0.01923718951876612,0.014556412402275752,-0.007573268614697527,0.011244737453921034
2019-08-09,0.001767901209145029,0.0032440481555941402,0.012542905185516538,0.012944916314502609,-0.012959764662685188,0.016109036127752167
2019-08-16,-0.0006556594070443592,0.00391481308012881,0.022288112463897142,-0.0011694985611419865,0.001439898242104428,0.013347853513751309
2019-08-23,0.022036894015883067,0.02957524405438843,0.028303668690894943,0.0008903917123616284,0.012948766087921797,0.019124759950353398
2019-08-30,0.02017937784502821,0.009647373620831543,0.03087400602397773,0.017049826620641743,0.00334616908314443,0.013245835143131567
2019-09-06,0.014958636653779589,0.015331717740728074,0.03336351909885753,0.021938520452890645,-0.009746976044770215,0.022219073633846325
2019-09-13,0.011918566861748572,0.0043430573905815575,0.020519718120338617,0.034510209556815066,0.005640710392741108,0.00879763933634255
2019-09-20,-0.005972996146394357,-0.014483072975198553,0.01414767147427261,0.044639440578383094,-0.007577176765103931,0.0006789214055287481
2019-09-27,0.011712815550634149,-0.002215809796525288,0.0076187577201802205,0.03155890493227475,0.019471012378727472,0.007333099504758178
2019-10-04,0.013065611748424794,-0.0007183979743252277,0.0017368939294712866,0.027448906306969247,0.014911142145946283,-0.0009428071904411868
2019-10-11,0.012457199594641696,0.006534558484077008,0.017738545669538083,0.007748676747991966,0.005456776121249409,0.0007161430349989831
2019-10-18,0.04525227019937002,0.016026086660352237,0.023317686650185136,0.02133931978864583,0.017993570085611674,0.0037817673689961176
2019-10-25,0.05043483054694304,0.0316576350595761,0.04301136514963889,0.03280906043492635,0.0303188314981429,0.024464696430045903
2019-11-01,0.04885623162764741,0.028384406186137513,0.04151461076614945,0.03438005670393295,0.03160725126706519,0.03083405207973467
2019-11-08,0.02086878843869134,0.0073845379581054275,0.014676900549138736,-0.007397448514405428,0.0013496035015931605,0.008106928619914808
2019-11-15,0.012903920686866594,0.021173248610073823,0.029302860199554744,0.014026698190785475,0.025580604374323617,0.018117112382542905
2019-11-22,0.030409825771646387,0.02908962289783769,0.028211193937335483,0.02292451187975941,0.025450503229933644,0.015201111543744799
2019-11-29,0.021075590520576296,0.03205324575208022,0.032760455780737295,0.022119311173905493,0.023398171445274833,0.012736722729535008
2019-12-06,0.028282064128754298,0.03819044068512144,0.04142585946723171,0.02586177183843797,0.03580382280569343,0.026241372805119626
2019-12-13,0.02601566057233526,0.0086179142121342,0.02568527067702304,0.0389562731571665,0.02454380239698285,0.019938306340310248
2019-12-20,0.005374804798563418,0.016180728606191765,0.017900565755793466,0.02678995833893348,0.031168450273658894,0.019731702983568685
2019-12-27,0.011738692744558486,0.019638445475217647,0.017731763180577877,0.01728772315497608,0.01941826276805065,0.01492788779879034
2020-01-03,0.012101740834234107,-0.0021793604698741083,0.016256049879605754,0.025060506895951726,0.007586392583735158,0.009433473217470243
2020-01-10,0.0041294127529863224,-0.0006170006598079735,-0.0013049420603182733,0.006923889806268735,0.009009621096638293,0.013750226904856647
2020-01-17,-0.019719681771158497,-0.01790867854621282,-0.01752457074273175,0.008351379349037293,-0.0038185265282394652,0.005308536783832217
2020-01-24,-0.02453084423025376,-0.0019950646772544573,-8.991511861198908e-05,0.009821621081242357,-0.0050464860320982114,0.021542845009264743
2020-01-31,-0.020930898901514866,-0.0033405678066434057,-0.008398156650209036,-0.0043645292454643,-0.011854796898541634,0.016589554677990614
2020-02-07,0.000901132088685937,0.005885381735026761,0.017364352841375923,0.015786127845111426,0.00933640445982097,0.028204424519473748
2020-02-14,-0.022174609610365534,-0.0029215973390194733,0.008101968782877077,0.003827679916314582,-0.01460842526362462,0.006360266971664759
2020-02-21,-0.002890094599946801,0.005541246070082533,0.009211318694816579,0.013975579903643457,0.007177710661824227,0.024556094414757118
2020-02-28,0.002773423868831371,0.009203957266276878,0.013795960352032184,0.026067657063922767,0.010198704072733461,0.020688250771392726
2020-03-06,0.010504295827439076,0.0027027193360052923,0.011437908229974402,0.016852741181608077,0.0012398957946970501,0.013255925010364827
2020-03-13,0.07815709548317447,0.013515258937424954,0.008539245599660131,0.027404320405417314,0.054112418074291936,0.03905584463271265
2020-03-20,0.09215380525862353,0.021022033177571585,0.01043122763443846,0.04245097377201832,0.0576136376483647,0.030824049343104034
2020-03-27,0.05934536410591422,0.018032971794415476,0.015257322551582133,0.02704023652740572,0.03390740302824489,0.028333879172413
2020-04-03,0.06329298458629395,0.039312102721621986,0.03903443568136822,0.03415612938360705,0.03384051240618873,0.03935732639674306
2020-04-10,0.05935093211024353,0.023468558947078548,0.030392560966685116,0.03565816942115855,0.03203408898800415,0.05455160146670327
2020-04-17,0.0343997762835822,0.019793806633337116,0.03317405817767218,0.035400055331803126,0.015248248401907184,0.04419155355456709
2020-04-24,0.03435842212722186,0.024920995669830096,0.03186633750280874,0.027976213888967903,0.02877814059621932,0.053388410467767114
2020-05-01,0.02248893106640122,0.018557315802573908,0.013529180325727062,0.01649459016582956,0.02181251285891598,0.03190567664096049
2020-05-08,0.00863172012363212,0.009565420298336345,0.02040724251446936,0.02077845926447716,0.0426559762232214,0.017409067921044758
2020-05-15,0.007600266741343043,0.01823072406847842,0.021974837900403176,0.03518249089290254,0.03839462402249828,0.01875689809647468
2020-05-22,0.045326923129787304,0.013588224120834646,0.02528670010954513,0.03197135360935086,0.03812171343340476,0.032955298916009124
2020-05-29,0.07836600117652795,0.06458891969391144,0.05180680730562697,0.05840544478220625,0.06617585771545084,0.07237882313937923
2020-06-05,0.0895234580564594,0.052368846024853186,0.025813950040796178,0.039091036948057024,0.03499778002173913,0.0614359734088849
2020-06-12,0.07556794296295517,0.048096943986629746,0.04046201631229699,0.036453219970432826,0.026300827329937482,0.0676653933718217
2020-06-19,0.051125032308823905,0.034650566586694395,0.029135272956174026,0.04468436710259376,0.03903605315378994,0.06897009725115305
2020-06-26,0.0322961361660012,0.01532238507798935,0.012144628348324695,0.0310318837525377,0.016603300613514522,0.035167009898961404
2020-07-03,0.01456664670615334,-0.008195208765079884,0.010036228084811088,0.02212038524874864,-0.007098865010681686,0.021675204967252646
2020-07-10,-0.004199732164888641,-0.0002189753663859829,0.01987147603551241,0.017679712105993943,0.009531100258755747,0.014268434873710765
2020-07-17,0.004054103708755312,0.01615564091084175,0.01452049413763937,0.018068077313451118,0.017512061320806065,0.018612455762064054
2020-07-24,-0.008056351232450288,-0.004946836646116484,0.015243388956607486,0.009121536710040262,0.008328359604819376,0.011646544081829148
2020-07-31,-0.02511751927529763,-0.0045470641191163235,0.02379333596038601,0.019216175124108944,0.010823965996197168,0.029726585417963237
2020-08-07,-0.03008748856310522,-0.015269912327824743,-0.010446503365285678,-0.0012532645653718917,0.004955593207912559,0.0015710039074035137
2020-08-14,-0.028717601958258007,-0.0023354228628488572,0.0018883537032877797,0.010368974512074686,-0.005233578916764646,-0.003404513955067399
2020-08-21,-0.02699624454691372,-0.0007850323366953528,-0.024072435099328292,-0.009852301201885278,-0.007970404239196148,-0.008056612419873987
2020-08-28,-0.024316433247295863,-0.00589863149946306,-0.03888918586292844,-0.02571247786394355,-0.004172549295500934,-0.032541129297760485
2020-09-04,0.011648969650369071,0.013792011454999127,0.012122649986222915,0.007957362789229157,0.019449998828234578,0.016384311183034798
2020-09-11,0.015066596152272864,0.018066960797778593,0.014201515331523104,-0.003910933418463319,0.018924901851070434,0.007800668567936574
2020-09-18,0.023707216448649197,0.03161787471462992,0.038014391745379024,0.03484259697528177,0.028551638413089695,0.026777455557440738
2020-09-25,0.025084970455040725,0.04223914513301059,0.053657461149526416,0.04954642952047317,0.02761007953898398,0.028988904547598473
2020-10-02,0.011216539344488151,0.02008457027836244,0.031882801645071165,0.025301111655421617,0.015520226864124602,0.009088333940821685
2020-10-09,-0.04110889706066591,-0.004120462958601652,-0.0014417367224313028,-0.00651027476618004,0.0004976909190879141,-0.010313618323563756
2020-10-16,-0.03943711211863075,-0.0004998107621213623,-0.007701737913213778,-0.010960796334361332,0.019143557373650137,-0.01632123693646842
2020-10-23,-0.0011434928170693168,0.008316805024899298,0.009557746157296198,0.003881641843280335,0.034651655743706926,0.017479030021605984
2020-10-30,-0.006562378242467627,0.015065119409849245,0.02146208224363862,0.012419675246728315,0.03612906290790231,0.029570140237229457
2020-11-06,0.03944803339276813,0.03548375677170365,0.03295052203114539,0.03668365451977598,0.03627941653754652,0.034741171146011766
2020-11-13,0.05465105651320609,0.05611501455239763,0.03134551640316209,0.031179953221512693,0.035764985203642005,0.050356204888180475
2020-11-20,0.0655107398809463,0.04606302457535343,0.033292832923235705,0.020819400508181332,0.0390387437127102,0.05441339780312264
2020-11-27,0.01727892967723514,0.017232932031907844,0.0070413211788620264,0.0016605481832832616,0.008477169464023463,0.020806254396301637
2020-12-04,0.04660458105811224,0.03466294979368699,0.024087807695864275,0.01991884145604981,0.028575882477980902,0.02074909863638179
2020-12-11,0.0325659333738362,0.02843664977775926,0.014927586461009765,0.013958921821753437,0.0259586408357973,0.020787568642164234
2020-12-18,0.021233946343630055,0.02164965798845053,0.020694384566440148,0.013574978749984342,0.019168025298873927,0.01877471045908985
2020-12-25,0.04918013681125689,0.025577530084828513,0.0003612074661396886,-0.01595361041298473,0.0365538026514618,0.018218664690747226
2021-01-01,0.047616446073212394,0.02084428597229468,0.021059064519500636,0.001467094086774019,0.02745054408606122,0.01564261803215045
2021-01-08,0.04484844533156787,0.0390233795983353,0.038859663830163975,0.010239335429225867,0.021580828797748013,0.031341685404520765
2021-01-15,0.04132548514449963,0.026615634381857024,0.04422797518766376,0.014290808431372449,0.019848107138941244,0.028390295492872097
2021-01-22,0.021604768814571126,0.016617179112944632,0.04032154137459878,0.025252005391178084,0.022060518925187445,0.036779013354600376
2021-01-29,0.019717182839886938,0.014028320582527365,0.028986760357182326,0.025244613039035874,0.02158311308282578,0.03664195059376878
2021-02-05,0.027945322630479753,-0.0016662989910676722,0.010429807531484408,0.013928364456603903,0.010477732968814811,0.019452387293127194
2021-02-12,0.05239836331809549,0.012696109546544003,0.03523944287154121,0.03905163072160491,0.02264153797887007,0.031407288100150664
2021-02-19,0.06335206083264806,0.012485260218721877,0.022579269469951167,0.03175254322571924,0.009574780150116825,0.016886487227994747
2021-02-26,0.06347001281458224,0.03703178481731112,0.028127734629821745,0.025768721226843615,0.013311527272418777,0.021050965229451542
2021-03-05,0.05431301122102377,0.010277801633561314,0.01915266044387205,0.027146327599258325,0.027819675872960498,-0.007386876974768836
2021-03-12,0.07288237114664026,0.03551457901740119,0.02691890846724056,0.030146367403825564,0.02908765529468683,-0.0024348245622537548
2021-03-19,0.07420176810739251,0.025525792791920198,0.023150974807718723,0.03427806307667029,0.029221172317342187,0.009896880243205211
2021-03-26,0.08961334872536,0.05210472283571763,0.043568757801211104,0.04299790296146744,0.06106724914346444,0.036453610439793505
2021-04-02,0.07934745196289068,0.05592596288777559,0.04216636489650744,0.03384978566802691,0.03736739722502248,0.040703790873805996
2021-04-09,0.04427347384849307,0.017811708156524057,0.030550610502080907,0.018619118282341213,0.009897951167153194,0.01607160240773281
2021-04-16,0.044038706953938696,0.03805399582102941,0.04479081498043986,0.033733879802523146,0.021477506636035707,0.02881516724078328
2021-04-23,0.037371072043070996,0.03281593292494492,0.028921770063518776,0.026408640309881472,0.02288542596827482,0.02111512261706768
2021-04-30,0.044079095135036585,0.04118445613577913,0.04363545390245149,0.04851167172345596,0.03492192616445408,0.03481722899433357
2021-05-07,0.0319067137460315,0.03888135032664524,0.038792433083760895,0.045957758206327005,0.04176208347576983,0.011811019162862767
2021-05-14,0.03332703167018391,0.023781560243921866,0.024811089751029893,0.02615553729270762,0.022788173228545025,0.007468407422787882
2021-05-21,0.03764817941444232,0.02109756318221625,0.016481851926377165,0.031007050875067995,0.028419948905862864,0.021024675830454174
2021-05-28,0.04122146035294256,0.014385107733127733,0.000831756166722346,0.016108934704562695,0.0185002170407774,0.014602133913975732
2021-06-04,0.043877981163515024,0.016055086340334878,0.009903006588344417,0.024360034172427037,0.039002575707698287,0.02077009932819655
2021-06-11,0.025198076188865614,0.01135949464968126,-0.01405818364609895,0.005587169930945658,0.013451379404182668,-0.008890940799160663
2021-06-18,0.016121605885579062,0.0007425548838526593,-0.015286755605593838,0.005447287870513757,0.015984393870878483,-0.0022730470720963626
2021-06-25,-0.003073810849934713,0.003966372424686001,-0.015184168792346135,-0.004673915854520191,0.01908395592334441,-0.005193453749236126
2021-07-02,-0.0002367352447995961,0.008987044975622787,-0.006679210720012183,0.009891855102496497,0.016677462933510613,0.0023280971874984715
2021-07-09,0.011489766683565428,0.006637016931532677,-0.00666709223029801,0.005419301501523156,0.02102049514905239,0.017562370463017667
2021-07-16,0.00774296974160349,0.005141082994066412,-0.019133826185136777,-0.004622699435314886,0.0024738296444034593,-0.0018886744295298105
2021-07-23,0.006883801978465144,0.009889472528541167,-0.012930873920379478,-0.010452467013315387,0.016624797562695356,-0.00938228234615602
2021-07-30,0.04198250446472813,0.039228070903670406,0.012079299859400176,0.018838567364640058,0.037790598026016815,0.017531231601523183
2021-08-06,0.039906453903463215,0.028994134722185455,0.008740728207886137,0.023773077464484496,0.0368922040261524,0.018721275070052838
2021-08-13,0.05924452710652654,0.03916740886470455,0.023022201287451895,0.04416219587588061,0.041911509157185854,0.03051902142490163
2021-08-20,0.03798634501623426,0.016860757876411264,0.00962867210137475,0.02565960909781871,0.012557982943247564,0.008335817640723968
2021-08-27,0.028242182292569203,-0.004715664382472778,-0.010652580879142046,0.0025769515206193055,0.005284157309260669,0.009285249212023602
2021-09-03,0.013446981677428652,0.0054611905019799085,0.002829975667403798,0.0035753963962331004,0.012806687783746698,0.013175409410359702
2021-09-10,0.020383374273110946,0.010284691216221145,-0.01211999052441583,-0.0039715161977654425,0.02088736374705571,0.016220297280186976
2021-09-17,0.025352144196828845,0.017959331464414488,0.00362173487026865,-0.003309188337114742,0.017252568630095586,0.01543110179079343
2021-09-24,0.00042053288577677234,-0.002240428690006768,0.0028592852874759584,0.00042202149556256425,0.0026466844314462015,-0.008888299123874248
2021-10-01,-0.02933118692829054,-0.018024053331287825,-0.013562646588974799,-0.011599888634635217,-0.025456242008507556,-0.0318487317776521
2021-10-08,-0.030788241202345072,-0.03949381606380883,-0.0250357843518413,-0.01796082002886741,-0.02494847264119754,-0.043525906166228784
2021-10-15,-0.04989155320619075,-0.05345167539362109,-0.019293217093324575,-0.021947564834466162,-0.0423813970957021,-0.056659807915288664
2021-10-22,-0.046262976168351046,-0.03767822959252954,-0.017010789851633516,-0.02102239397238058,-0.025550491617175212,-0.05696286057317477
2021-10-29,-0.04091499541981667,-0.03005081160565039,-0.010176406172583748,-0.015752465517434477,-0.0359596229364855,-0.030225354533795545
2021-11-05,4.034314141549445e-05,-0.01418642061140334,-0.005814782476611901,0.006210292939672908,-0.007979618259659699,-0.033999534711384484
2021-11-12,0.014550717338129772,-0.004970668438162779,-0.008575126634570796,0.013977803331085788,0.003759467812858399,-0.020532056427862596
2021-11-19,0.0505797009446493,0.017760063514311815,0.008834006735259931,0.032771147717927364,0.03503709742111323,-0.001336257582166818
2021-11-26,0.03301758596481694,0.013057593223648606,0.010687991212088674,0.01864086025116804,0.020156780306711274,-0.0034576123166929207
2021-12-03,-0.002029195417234313,-0.01576226454751845,-0.015484707087637667,-0.01339412234157949,0.0020742499606720474,-0.03265069204489572
2021-12-10,0.02813991486214954,-0.00011910317819362266,0.001086373458593696,-0.008134526385341866,0.009845840439230001,-0.018222786263624023
2021-12-17,0.03769081574317041,0.009555088569048017,0.03878135073911402,0.020137259087945888,0.019795660235253674,0.015777000454250917
2021-12-24,0.03324785331598803,0.006644573448605676,0.02019791436839222,0.01053353089653297,0.004002767195481857,-0.005708238750949492
2021-12-31,0.05260829445538961,0.01790059838336401,0.018156780840569195,0.03961028537951094,0.032355804127988864,0.007139862726712853
2022-01-07,0.03829227866599448,0.0036918183045344943,0.004578675536711172,0.02392847197478721,0.02228503871442998,0.0017918728290553815
2022-01-14,0.050819487056615174,0.024695225256336398,0.013509203604925107,0.009198685560127142,0.01931059582782403,0.0013552909573297468
2022-01-21,0.04176897659494524,0.021716524119755803,0.002702201581768065,0.009258967385784233,0.009900705517022252,-0.0015647536242451917
2022-01-28,0.00010287902096677876,0.007426966529231448,0.028259321339105657,-0.0002528059581690348,-0.022492513085671545,0.007685832204684902
2022-02-04,-0.01862598566455777,0.009083860085783272,0.026698633034670172,0.006555419207934255,-0.01929298755194203,0.0028704686812681987
2022-02-11,-0.011370878817713608,-0.017174731536257027,0.021437205613168968,0.011865734584776437,-0.014761205145790785,0.009809928740526396
2022-02-18,-0.0032596105684663985,-0.026177858701355947,-0.001387989470037777,0.0045587724942376985,-0.019540427096616752,0.006369795422582686
2022-02-25,0.001847055458086515,-0.026683102426449244,-0.02405312910783767,-0.022084454017455263,-0.018556250407919098,-0.01419590519624264
2022-03-04,0.04372697029872376,0.01738064253371765,0.0035677447356874444,0.0007062141545953509,0.01017826085320381,0.005057916351598154
2022-03-11,0.018762366373963578,0.019353029822008642,0.002880034638753143,-0.0016291368899883588,0.012239631621542154,0.02273435850252881
2022-03-18,-0.005508400203375438,-0.005095513699690904,-0.009873170889719266,-0.004445222606412169,-0.0015039940034996767,0.003634163968597727
2022-03-25,0.018354917705177772,0.013903118418230739,0.004729151079035382,0.017653300783732208,0.026201243392957176,0.016867549579448433
2022-04-01,0.05290563316224548,0.02527268070751061,0.0262340774252319,0.03489422326339124,0.03074129245798205,0.008988051514781903
2022-04-08,0.08175363778495455,0.03425162873493558,0.03596032430015222,0.04967150130441279,0.041285498167109545,0.00929270649433324
2022-04-15,0.06197960715494553,0.031269855477696284,0.022863813946170694,0.021599032056578416,0.01795170353778846,-0.008205403168016153
2022-04-22,0.03250525920015632,0.026752652371955152,0.009962978022304461,0.013047038480776168,0.0054122116835604635,6.008176292102573e-05
2022-04-29,0.03698108945571808,0.028156004477789664,0.014141695549146878,0.025543209008847666,0.017356495531116387,0.008537506096130248
2022-05-06,0.010518174741249173,-0.004116327044456992,-0.00622902449183775,-0.0077248910948743595,-0.006942006347976638,-0.012676806350309091
2022-05-13,0.01313643216734013,0.007483849996101995,-0.0071949711759447905,-0.00018871551011722786,-0.011107355661822223,-0.004888836865876152
2022-05-20,0.01846744433404273,0.006709205872278951,-0.0020870529146585584,0.004203387649513337,0.0016282808787171864,0.001967808875787309
2022-05-27,0.04525328769442961,0.035723061181459397,0.019479862887845166,0.03352522635444009,0.034751325747216635,0.031973705291842104
2022-06-03,0.026758006008608913,0.024295020482810493,0.004540961528362362,0.019523816601058484,0.02597865885824165,0.015998946096955242
2022-06-10,0.059434680191287254,0.035247109443245904,0.020995063989382504,0.03680724963923191,0.05705668763090606,0.02850018487573577
2022-06-17,0.05736420508274544,0.024812367849589893,0.0028315695478863907,0.04542172638099988,0.05413447065434914,0.022822123574860714
2022-06-24,0.019958784587278844,0.019330537754602826,-0.0027332379836056955,0.014826226145718303,0.03933769248840886,0.007971247719405156
2022-07-01,-0.0006964987530761218,-0.007822355714466801,-0.012744335808771419,0.007975511780086552,0.011322986368577913,-0.01879678000266869
2022-07-08,0.017659092637564364,0.007212625975383818,0.0017819905143126335,0.0008088789342512615,0.023078351085619724,0.004206044823273408
2022-07-15,0.039242784987424485,0.024381934843860184,0.015723167015096608,0.013034469928555913,0.046193105288087365,0.037760813064841095
2022-07-22,0.03436535859464001,0.022959235817323485,0.007197127864210857,0.011249792747616307,0.02473584657343799,0.02014732903244778
2022-07-29,0.045022136572696214,0.026596185587003465,0.016408474426022838,0.0257990293762357,0.026990243734491246,0.028233780029604756
2022-08-05,0.03969945629023899,0.025358265489463058,0.00956916196524715,-0.002558352230551573,0.022453111047595356,0.011965636581339454
2022-08-12,0.06084549615094651,0.030834796201667312,0.028100747715844976,0.026918116603989406,0.02437871290587884,0.022630873790379865
2022-08-19,0.023268662858174895,0.017176074635227297,0.009819777663283846,0.021709074999512735,0.008265835428086905,0.002621690865509549
2022-08-26,0.015581503691129353,0.013541956018096185,0.010633767929774907,0.02832375237013549,0.0037349762646793753,0.021010267280603637
2022-09-02,0.030702082604298495,0.02541850223679653,0.014540763842187254,0.021970572525352013,0.024150876928603484,0.018185916802152483
2022-09-09,0.015372079579427479,0.014822926929022696,0.01973861081322413,0.011648182398221454,0.0014048803482691733,0.01982077409597551
2022-09-16,0.026441962855052317,0.01443589031111117,0.0053920361264865515,0.00016871395216013724,0.012031909569553327,0.010489963744609023
2022-09-23,0.02743610278234945,0.03219737256294841,0.01049527850698715,-0.006595895524630577,0.021572028913072454,0.0064960432073551564
2022-09-30,-0.00042669431029235754,-0.014442703108547946,-0.017375755111341318,-0.027314019581865467,-0.008255780676902814,-0.013565963784170468
2022-10-07,0.0029404124974828053,-0.00014551466510201582,0.012094360075083433,0.0020584139265848304,0.011196381418072303,0.002929145404401759
2022-10-14,nan,nan,nan,nan,nan,nan
