,tabnet_None_1_2030_10-all,tabnet_None_1_2030_10-baseline,tabnet_None_1_2030_10-high_autocorrelation_small,tabnet_None_1_2030_10-high_autocorrelation_standard,tabnet_None_1_2030_10-high_calmar_small,tabnet_None_1_2030_10-high_calmar_standard,tabnet_None_1_2030_10-high_drawdown_small,tabnet_None_1_2030_10-high_drawdown_standard,tabnet_None_1_2030_10-high_kurt_small,tabnet_None_1_2030_10-high_kurt_standard,tabnet_None_1_2030_10-high_mean_small,tabnet_None_1_2030_10-high_mean_standard,tabnet_None_1_2030_10-high_sharpe_small,tabnet_None_1_2030_10-high_sharpe_standard,tabnet_None_1_2030_10-high_skew_small,tabnet_None_1_2030_10-high_skew_standard,tabnet_None_1_2030_10-high_volatility_small,tabnet_None_1_2030_10-high_volatility_standard,tabnet_None_1_2030_10-low_autocorrelation_small,tabnet_None_1_2030_10-low_autocorrelation_standard,tabnet_None_1_2030_10-low_calmar_small,tabnet_None_1_2030_10-low_calmar_standard,tabnet_None_1_2030_10-low_drawdown_small,tabnet_None_1_2030_10-low_drawdown_standard,tabnet_None_1_2030_10-low_kurt_small,tabnet_None_1_2030_10-low_kurt_standard,tabnet_None_1_2030_10-low_mean_small,tabnet_None_1_2030_10-low_mean_standard,tabnet_None_1_2030_10-low_sharpe_small,tabnet_None_1_2030_10-low_sharpe_standard,tabnet_None_1_2030_10-low_skew_small,tabnet_None_1_2030_10-low_skew_standard,tabnet_None_1_2030_10-low_volatility_small,tabnet_None_1_2030_10-low_volatility_standard,tabnet_None_1_2030_10-optimizer
2020-10-23,0.011012924818844454,0.004832544123093077,-0.0022779846719452276,0.004485375102513824,-0.00023127238824013728,0.0137743573039684,-0.008375125241168286,-0.0033838371401272264,-0.0037730353180855363,0.0019880201272813227,-0.005207980435213949,0.009619041894803395,-0.012183346097895691,0.009815128744401663,-0.0016607127910778458,-0.0015872174164939794,-0.01727654580134555,0.0051404361031065025,0.017936665188043197,-0.002636534981149932,0.017571122403928687,0.002428694822660725,0.023064827266042056,0.006308030636981438,0.025915971716498145,0.013217042176051026,-0.01353051333849681,-0.005978342883787399,-0.009418342987285902,-0.0045605070137787135,-0.00868606721056159,0.006950892000497446,0.01698167164663862,0.03936279852017021,0.0012911530532917375
2020-10-30,0.015867256301427088,0.0009305178732300773,-0.00426744638853288,0.01484426508682633,0.0060718412317338445,0.009174168385543713,0.0025471865255311337,0.01836666617748796,0.0008451058278938712,0.01368951248359212,0.007005739511945091,0.012167570788202815,0.003109989446649439,0.012117841005263641,0.00622463636541705,0.01715842776541284,0.00894655321589762,0.014400753548347604,0.02947022994824291,0.012406003312445932,0.01067853187971283,0.004032769890191506,0.012445666945968426,-0.0003647852355780118,0.0268707595421594,0.014848171353764124,-0.0019909942099999214,0.007360759080178549,-0.0016676755003772361,0.00687908631853807,-0.005099331005252588,0.010902841746565375,0.015597122918573198,0.03063039122877561,0.00944850851740757
2020-11-06,0.01702164571833431,0.013578536495769115,0.023068780561785924,0.024638840281649827,0.02156159560454405,0.01710728808085066,0.028080366557064536,0.028041013288373058,0.020670040517292043,0.011909490258621895,0.022668161270930402,0.021323515867900912,0.03046900442147286,0.018166056865339706,0.02432250634404544,0.02934479763463859,0.02792838151935947,0.018694838142355234,0.02979351536500593,0.017846255015168615,0.026760599657230814,0.024333965533396226,0.017370095541882326,0.0100653146671828,0.034202438467717935,0.028313621371875767,0.03321513883786403,0.029650878613350185,0.030287014401125613,0.024964522505303514,0.023010579942188556,0.01202016190314126,0.022974091470834745,0.018421325386009005,0.014215802894273306
2020-11-13,0.03007961082160805,0.030259416487109357,0.027661142195041302,0.02938397842129082,0.030382994967193207,0.01858009069403506,0.0391520577844999,0.03558206459165842,0.037671483812402255,0.024692576545574958,0.02948144706855218,0.03146894701887204,0.032404616361759835,0.03610427104273895,0.025585668260207015,0.0338111616352526,0.05018530095873592,0.02684252424133038,0.039718177050784974,0.03656016320869647,0.03844515047217071,0.03311063354945652,0.02931781249027323,0.026912992441405197,0.05431903975217574,0.03643050172055886,0.04363146164356975,0.03248250226710564,0.046403161395142965,0.03286822294119921,0.04001740728141833,0.024819716013920398,0.039692066728230925,0.023203694743573727,0.031197310651846947
2020-11-20,-0.011859650321573382,0.015407399220383795,0.010682745182996849,-0.002805189740157952,-0.00480747027286283,-0.018094090542868733,0.021020127810044614,0.011887843183283507,0.009749003476670187,-0.010222849126350362,0.002268644340737048,-0.005937093632946337,0.009763980934453706,-0.002416216351251008,-0.00349077552830691,0.012425856960918504,0.02482748568130487,-0.005325954620250696,0.012958584576982832,-0.002774941148948135,0.013322448698429206,-0.003927324371349711,0.0080450973970642,-0.011960821580522757,0.017967956854280202,0.003935694127169903,0.025396335401435308,-0.0038240973829006416,0.023619010411125838,-0.0045722360829689316,0.01297429622387336,-0.00942801599907465,0.014954404245545814,-0.0069235501171580754,-0.012062139677293542
2020-11-27,-0.011131264972464345,0.004810113555094044,0.01677237692157305,-0.001361093193329813,-0.0043252195089793985,0.002724794122421184,0.019052407222437815,0.020275580168822426,0.01569031145473107,0.006492103052633894,0.004327972118949947,0.0047996825433759055,0.012037742898027382,0.005774975718202542,0.013412309392791946,0.008386333334995494,0.019472107805841386,0.002919360185075992,0.003356880296183608,-0.003110739015133323,0.004436627775681973,0.00654860399413454,0.0021986109954202472,-0.006545561635746046,0.005607211384208286,-0.00032422847968836235,0.013696987213429854,0.010259701731264545,0.018890872479429523,0.006027201716029805,0.015985999715251147,-0.004118049390143675,0.013197895563507433,-0.002324216934602459,0.0029760060007856205
2020-12-04,0.005811800262323867,0.03245254869686781,0.035406386451698926,0.015900948674775636,0.012443508238742906,0.005458049756645723,0.033147615445511806,0.024101319499006804,0.023453184175925623,0.013638009133576472,0.024631873386230723,0.011416179972151367,0.03253282840252707,0.01494922900874759,0.0276730352914045,0.015687922161400993,0.01600717444628972,0.014384320643320878,0.01907435375964218,0.006187112155995405,0.03186111929523977,0.013716205100699154,0.026246102634002212,0.012846562451632597,0.03541860457156184,0.007223639948130779,0.022794843129194237,0.008422021892803177,0.0264655975637749,0.007968945259768828,0.02494307608626859,0.009594530171883501,0.036225431710274335,0.012810195577217076,0.011699065382624593
2020-12-11,0.009568784172133495,0.012207977889487133,0.026512345513396207,0.009866235853963004,0.0025205526023092855,0.014801017301773394,0.021500263438132706,0.017354486380058574,0.012927963636564219,0.011657316875774159,0.00865151170827179,0.015992522943980562,0.012760478943749216,0.016066567317896224,0.01571998868052419,0.00994523539630516,0.013939667453010538,0.015162461444424884,0.014963688402402687,0.011722158794040666,0.012114041828454795,0.006578410814873597,0.015751984910935168,0.010551323282983966,0.02648558760389323,0.00837416385262971,0.0165140898149277,0.01000512214614519,0.012831833369090521,0.00700922731549578,0.014951795998179139,0.01440502855637733,0.009983885710031705,0.010061044761244026,0.015617912210938717
2020-12-18,0.019848919143255588,0.007050459987342091,0.01036386709122592,0.015727889540262642,0.005511673485821088,0.02117307442321413,0.020762347573386047,0.01519457652294742,0.006482673884645405,0.008843265020529087,0.010811664672115395,0.02008861512023218,0.007194319585475721,0.018191127283744377,0.007841372345820259,0.009912839863312142,0.013805407044195585,0.01407796116915842,0.0043731527000412445,0.023873340174391515,0.0059093413281161656,0.012017446367661942,0.012320050251894258,0.018042001842883727,0.019830243358289038,0.013123811102634737,0.009708810423038566,0.01637185307301874,0.009128878153024916,0.015395516735632544,0.02021134170715515,0.029570016266930024,0.009289377568188496,0.017033790293562164,0.018642716189401526
2020-12-25,0.011377473866436446,0.04172591816385765,0.03749667482123356,0.008837935593425607,0.0025408012361791722,0.012722108652975099,0.03382229397686623,0.012248076477132112,0.014032362775487257,0.004976636200146807,0.00975302257349434,0.015491365893379396,0.018593343764015658,0.015276521825523958,0.010783319860362087,0.012774591789080875,0.003544997284234965,0.00364701664238708,0.03893827711325106,0.019509974365734564,0.039489771030084386,0.023288760165349757,0.04250039456487881,0.014943520536810098,0.029164205153618047,0.006078501399886048,0.02322687497010206,0.014270080509613384,0.024898476887994805,0.010025962947092511,0.023085563424491085,0.015723330128627585,0.047371362846609456,0.04619947335564887,0.015765990217868644
2021-01-01,0.008063983605056953,0.0420349310696273,0.040895177753934045,0.005595848099371846,0.014754419248392485,0.011850434308045289,0.03516551255190851,0.023963189289631186,0.029494575858884552,0.012400524675693879,0.02374044044477501,0.018098448516901868,0.028038528324994184,0.014204888199877242,0.015103574217385497,0.006308420675258262,0.007089509844979929,0.009146545787653627,0.03822414923262666,0.019441233926289117,0.0389887384879145,0.014869918649429024,0.040046131309510485,0.009717191133452803,0.02387607533461211,-0.0012100869450002182,0.030795272503487313,0.013083593167296141,0.03325389958390548,0.013981999525237723,0.04091321579598455,0.01379658523253258,0.0462959633055505,0.031049902538944393,0.015072951494834652
2021-01-08,-0.0019166995715840932,0.03207471780644725,0.027356125262533455,0.0014003545170369277,0.010213859251015523,0.005901702857217059,0.024615695928815216,0.013612632009633623,0.033974780675943,0.013611518296924979,0.018100755011398555,0.010382169084110035,0.02837907038542712,0.010513587183730558,0.015424085730250435,0.009719927664729905,0.008605240457461331,0.006379346395138688,0.032157897605871504,0.011051371207919198,0.029295377516467686,0.010850763706273895,0.02821089976642119,0.005299880352281116,0.009334583067537521,-0.0017373918254916727,0.014325129714991522,0.00686812706014681,0.018257927717406572,0.005556173489358853,0.03482134154860444,0.012557946074543486,0.037477407144642566,0.01910365330553655,-0.0005127254882440612
2021-01-15,0.015623979940861546,0.05079195659397093,0.05662035070483988,0.030221593254896432,0.033376116577939964,0.03179180986958536,0.04715871467013404,0.0392194994421922,0.05187185100131824,0.030769587387954506,0.041077043457123256,0.030876782610352538,0.047228198171250325,0.029211941347026194,0.04054037665426709,0.027989142237918586,0.02969183336069991,0.03423271138991198,0.05638523953406479,0.02321121910350673,0.05253519050899275,0.03459532409454453,0.050056853543730705,0.02368848649188978,0.03598803315667998,0.02978963518732082,0.04099568007311239,0.027575003994684898,0.04236476750763176,0.02786495602021776,0.04842972400168612,0.030336386076820116,0.05577646460480165,0.035035708590684944,0.0329322786274697
2021-01-22,0.017263820161609413,0.02713710447305859,0.03597894601297993,0.032255545135990854,0.038109622779017534,0.03310721201799714,0.02364926328435383,0.025261474455770178,0.02987373230903295,0.024813820996359193,0.03540160753850358,0.02577115714990027,0.04159272898788016,0.028531320862080756,0.03758402107774717,0.02901438038909687,0.03189956320045682,0.028519518839545677,0.03706363422364341,0.01905717865565679,0.03982448409992478,0.018704902006267475,0.040041723654261875,0.026701732903507164,0.01927977028998069,0.03869546968834478,0.03856180492149429,0.0235499067225471,0.03657426198689925,0.02697647300949759,0.028985698729680296,0.024341191163676383,0.03486338041777706,0.02375424639178773,0.030071210337264828
2021-01-29,0.004776230286375625,0.014316004204802233,0.008064667615941622,0.015431557249143543,0.019352143713342932,0.007184130092759534,0.011689409930997118,0.017679671040806727,0.015632078410964756,0.012386159248405994,0.01477046832986977,0.0023900010296276407,0.019748385598774863,0.002041214904790878,0.010079480110574782,0.012742626074379555,0.01423940270841167,0.014442529822404295,0.019847548936665946,0.005158208012553519,0.02006356865613818,0.0031318744662151747,0.0197073761409195,0.0060006163408065395,0.014825879102356615,0.02000335744544085,0.010449113852782839,0.016664858403108253,0.020676653193307002,0.01941413794394703,0.019038195054376587,0.005633177084637567,0.012997735076422963,0.010656218472721309,0.0022496910785037693
2021-02-05,-0.015319297577753166,0.037761890425195004,0.019793890266561583,-0.001309870667150411,0.012602473000403036,-0.0047151783842070425,0.014359967252219432,-0.0035366234153419228,0.006978628324411536,-0.00971927869060593,-0.0007229894545843758,-0.00972845298860918,0.011655329428933318,-0.007185940073320779,0.012663269840902174,0.007339438402599018,0.01484360337979368,-0.003380249559823869,0.03686232937705355,0.0055566121339079835,0.02952645114979908,0.005933306071324965,0.030906566815093777,0.0062993194827083016,0.01900065581383291,0.006970823324617732,0.01491686083399872,0.004272895062557876,0.018724331435167902,0.010970680324213248,0.00982375614398622,-0.017854690142352483,0.03155301249977045,0.021472239081872322,-0.015011479340271038
2021-02-12,-0.027096198875709295,0.04009391811648363,0.01202375403247661,-0.016659339685828486,-0.006687424521130056,-0.013566911809308852,0.0011021197254833914,-0.014219300402049388,-0.017827472498147572,-0.03360962593956251,-0.010413360704237625,-0.02262265769271749,-0.004276045240071793,-0.022302643633900766,-0.00979764604862804,-0.020032526925495047,-0.009610201481069858,-0.0234240511337271,0.01743220895351403,-0.02078868917737651,0.02057027550735219,-0.0032111427693064837,0.026443674453571982,-0.018186062105650193,-0.00476869846219755,-0.0120964227597546,-0.0006359532357300003,-0.00937087008394123,0.012414399377619602,-0.006616793234803783,-0.010675918928215867,-0.02995418521338441,0.030621379210374108,0.00030806107189996633,-0.027158680398228687
2021-02-19,-0.00438764884240279,0.059128165238710985,0.03850849593360414,0.0027858324967375797,0.01148821542545073,0.004277801472423716,0.021779651222971222,0.01047582730361638,-0.0030461259556373147,-0.007240693265147335,0.008011661580031389,-0.008416290952760237,0.015944977137222312,-0.00363460370778727,0.00944483709317,0.006465379936864864,0.020824291401991272,0.005454621195054924,0.03176788655428245,-0.012500467765616382,0.045693518714584096,0.01678356472311943,0.04183243118340363,0.003614779584156931,0.009344901785006096,0.004939193980666076,0.025966614759033977,0.017276180617166518,0.032810282424899716,0.01908574291594419,0.011004017994863106,-0.008820512980482993,0.0511246496809538,0.013282841740671306,0.0007139400140296438
2021-02-26,-0.0038200933091218623,0.05272866245705541,0.020304616826442967,-0.010587734733427362,0.00527717878894322,0.006276597795221577,0.006015132126460767,-0.009396583263676542,-0.0067207238405532395,-0.017880067750921977,-0.004381885675610005,0.005470806912365258,0.009093277671742736,0.0008149306718989749,0.010903226710751392,-0.0001823218658655741,-0.003339408107619597,-0.010747917999167415,0.020433115490168487,-0.006776645809066051,0.02803024354670015,-0.0006751934527580411,0.025942444920795026,0.0013581726517375803,0.006004570592455942,-0.002339312079930663,0.008576574931198329,-0.0014101678960691077,0.013110045700634164,-0.003045987028280046,-0.0004785864351295026,-0.014121244879456395,0.0361058903362203,0.011861753623831534,-0.003076046778909193
2021-03-05,-0.011824172460219813,0.05946309498924938,0.020743224772981173,-0.011310992152975046,0.014432392623032723,0.00031122939301587836,0.015725119529565536,-0.007010964364529773,0.001359820678435119,-0.019169534326625933,0.013474732816898247,0.002606345286951375,0.018595688393289865,0.00166073825421252,0.015345323247898994,-0.0018372444246061994,0.007759307672693598,-0.009423259999811614,0.027735574298599935,-0.003565076450721035,0.03720101900529622,-0.00612535335936024,0.0411967812253542,0.0007444596367363451,0.015661641589681936,-0.006857224543883374,0.02078661475720543,-0.008439485851319947,0.01053988249506393,-0.003139345710446731,0.00530777356402378,-0.007100288807361779,0.05085252583199697,0.023606160213554935,-0.006042457062339233
2021-03-12,0.02139392961111305,0.06652310068394063,0.04126297785526082,0.023520951823832507,0.043354407505258055,0.041236716676023834,0.03905064013639068,0.029419452630325995,0.03367029772428428,0.016773428425661246,0.04750074110418171,0.039877800629617315,0.0471824076218569,0.04020573210638403,0.05584606396598142,0.03224379580034901,0.026084949394617536,0.01846360858579348,0.037189962269435425,0.02043626305457153,0.042440731756575444,0.01685874393181194,0.04114460259047672,0.020743665487670742,0.031132028110822798,0.013187777668721668,0.0456607255863723,0.01822872433292235,0.04007042704584819,0.021189305701829742,0.03662861290005954,0.009097432370709403,0.06985700296357891,0.03528982598088547,0.014046264949363008
2021-03-19,0.01391338461675234,0.047308256095489845,0.031270638388367106,0.019722825051016257,0.025482069087794573,0.017098478132998075,0.03031413282470022,0.03203877536568001,0.023950550581351576,0.006875849689267736,0.028331375124018055,0.014240717966671748,0.023843024614106055,0.014907009095401984,0.026812802004295026,0.01897833321883473,0.020835467830019994,0.018816119597486438,0.022390895673160067,0.014445862717448524,0.02310487337950165,0.01441032895186002,0.02136873850541332,0.0029707020606689854,0.024044338587179977,0.015973286254622944,0.034658895218646756,0.019706709365507717,0.03692764028921413,0.021359623896396205,0.024643525058218922,0.009891992699239516,0.04521783952553079,0.011649130802802079,0.005149754094676531
2021-03-26,0.011938844426308805,0.07406446705526674,0.053050530300828,0.026516180975150547,0.054396963060527805,0.0413057449229007,0.04207026384688395,0.03737650998467428,0.04071343036478106,0.01864704706686672,0.044706386184565565,0.039401754449567464,0.04867287940684357,0.0423663552985868,0.0653069258972156,0.02523504895357637,0.04317155552918466,0.027277276876570784,0.059420775290642845,0.025322599338361784,0.059056091732965214,0.02977660996644481,0.05742765457595662,0.025527190763860327,0.04072988720402643,0.026014181550809555,0.05866705205320453,0.031212831241067444,0.04947834294686931,0.02708901063560367,0.03655419464126124,0.02135031330866946,0.07751065960801803,0.05087335629602149,0.015569618127981029
2021-04-02,0.007441045407709904,0.027945323019638778,0.015276669662278659,0.01124966382460809,0.029853996929873176,0.02091638260719137,0.026220908559834406,0.02625913627915798,0.02252750240428857,-0.001142731028499407,0.01822073315357527,0.028804255820697185,0.020601036991733233,0.026218792146307863,0.015036985830395233,0.013550073052138265,0.028237982926495767,0.016060007218798324,0.027624884383019115,0.013152584136680374,0.029213120458860358,0.0099926464656742,0.011141991286444122,0.01769030701348004,0.018282505973381866,0.016839376499955698,0.03849121280762822,0.013918725833296714,0.03238297881827231,0.011255219410115303,0.027234009259831733,0.01004621818306536,0.024205950606699625,-0.0006694480536214287,0.011645300878230227
2021-04-09,0.024409901277121233,0.026685017476966503,0.016716816103228505,0.029876026816755365,0.028879563918565193,0.021040422579032256,0.02616336904831253,0.027323615943842004,0.02532513366289923,0.020004799694402286,0.019405228550669153,0.022365776444415883,0.023375998256760563,0.020954958554572498,0.014852218640789233,0.021295623977148154,0.03260743587092889,0.02506569875273578,0.027540451139027054,0.015986270680524536,0.03218673061120441,0.026039671118173423,0.016439388766863013,0.02475625548151077,0.01633130191239921,0.02687777420633526,0.03726482831223104,0.025070329156537775,0.036432149411380114,0.022636985809961537,0.026959533907753394,0.023680943421435105,0.024363200347346795,0.014736326248487745,0.020914475595617883
2021-04-16,-0.0056229515569009144,0.019082922683485003,-0.0035458888989432745,-0.003798506412114673,0.001696485724889179,-0.0015545286801117355,-0.008108586397687795,-0.010645721933789282,-0.00932505923163185,-0.009601314243422003,-0.005655832770063326,0.0016456452948991123,-0.004505386468573908,-0.0039071860845349875,-0.0009802299008213851,-0.01757613088635673,-0.0002505046641328528,-0.010794809844071843,0.01598898509921241,-0.0009441794141011621,0.007934408405072492,-0.0015543966270468229,0.01618349926382373,0.006399159472437516,-0.013718464701162706,-0.005894848817549077,-0.0024580357502208454,-0.004673093861008662,0.003521459081935064,-0.007229509144586899,-0.002569356483939342,0.0006478523364447957,0.012934465654796471,-0.002269596026595339,-0.00043300199983743916
2021-04-23,-0.010801319892065899,-0.006177673714086905,-0.019833000263489838,-0.012650884612754841,-0.013291879406487248,-0.01017559320133248,-0.008049211134965808,-0.014191900886750711,-0.009835446419737121,-0.012495681026617054,-0.01710571876952727,-0.011684612842086963,-0.020711115335102535,-0.011412442310365457,-0.023982870658621144,-0.019723069921896944,-2.814641596338898e-05,-0.014701058930239473,-0.004182132560598801,-0.011540296077218046,-0.017079563845259403,-0.007246108917217809,-0.018626820126567932,-0.010106820354780421,-0.024111919320491053,-0.018458472695239692,-0.0036099106134184523,-0.010541496608856627,-0.003430410828595285,-0.012673720384196828,-0.010142401673073776,-0.004624907547570125,-0.014403928369267413,-0.026763524130023718,-0.00981420384165153
2021-04-30,-0.00403454246474522,0.0029418318897333536,-0.010795573734712266,-0.00563157088927297,-0.018256172459575486,-0.012003556992996737,0.0034276425808774163,0.0050673694725124055,-0.006457383037938214,-0.002260242695354317,-0.011330956991010364,-0.008067762995524268,-0.00776596547104808,-0.007434027852143262,-0.006122669357704439,-0.012830426688834906,0.0025139218234619806,-0.002170483379051502,-0.00637119294334406,-0.002142854959158583,0.002631573946450954,0.004569264754060243,-0.008541940709188784,-0.0063573126366992935,-0.006040841645198625,-0.0042381202955351195,0.0008314964647197637,0.0054580009595150795,0.0013671441078111069,0.0038781576765475247,-0.0007717450494489766,-0.003038068641047652,-0.006258299782633295,-0.005931253319403299,-0.011471478571614036
2021-05-07,0.0011816319743660653,0.012086980792413653,0.005767694480686661,0.0020967772491190186,0.0007245893950693714,0.005163030726169186,0.007691937824834869,0.01235313606396534,0.003413574033830862,0.0024242206279076845,0.008122742529182079,0.005283883968360714,0.00840208313723005,0.0034331861827829957,0.015430520760691043,0.012278132845675416,0.012235330655732582,0.003978218403324398,0.003037100282661859,0.0022326046320645366,0.006755855255930325,0.010999500242708252,0.010735133775414294,-0.00088519699324497,0.009078437247038777,0.0023078728793943467,0.009164041626924437,0.008269701131803146,0.003660846128051688,0.007040363930256206,0.0006103618788751926,-0.002810102909992909,0.007417102710465115,0.011199862196867893,-0.006441795843656291
2021-05-14,0.002332718799952902,0.017622056059049818,0.01818027128643193,0.008408112207799247,0.010258421756906017,0.016383511090882784,0.022486542874758875,0.02716300924971499,0.02110143502988354,0.016241864413730326,0.02668903767616643,0.014829251069633079,0.024106576915887037,0.013960369623197941,0.020709049816345828,0.02052674283599579,0.02772401513239572,0.018977930763867345,0.021503653127201032,0.009869491340372075,0.01697135808874621,0.017543392746477263,0.01998314381514149,0.010507167141173737,0.02530459421533026,0.018767055269832685,0.028533102015304932,0.01661950030159831,0.017015473188947545,0.014260405455290096,0.017930595764509373,0.011749166664010439,0.022934470593971735,0.010548226074794853,-0.003547478577183367
2021-05-21,0.009167712581944506,0.02491151394614425,0.038643464039426825,0.01312929975755372,-0.007302966830658909,0.01166184327581807,0.031936231603918314,0.040764778589159646,0.02872772505910644,0.02667051945745636,0.013689521519637525,0.012398298142071162,0.02658619357968779,0.008680511177739153,0.028740360640160074,0.033213356333151124,0.02326370079316041,0.0155540012586904,0.020426281312976705,0.021367698604531592,0.03174071261287766,0.026295841227686637,0.01863402389510415,0.01264994571421326,0.03408042320566404,0.014944301221322863,0.030312359929350125,0.02470575310667242,0.019874970960688618,0.025484370911809787,0.014894556933806397,0.0045343115126303115,0.030041692482569368,0.019730792330560697,0.01192266826998862
2021-05-28,0.0175683359120933,0.03834053802556339,0.05288928027265633,0.0421676543591805,0.03353933250416608,0.04165304933526791,0.047013063422628475,0.05084989989716629,0.04570584683148394,0.03813695891573796,0.0467852525051862,0.047238078297249984,0.05648113013813875,0.04637423421053728,0.0546704926943646,0.04234380505688721,0.054352010102592586,0.03296587743612175,0.03975653343342814,0.03647970439241584,0.049837599251161845,0.038515356710811556,0.02975442253915632,0.03359392191161866,0.0485631363044888,0.03483629693830126,0.04703822780801514,0.034202793522059086,0.03834160262123695,0.036570376066745604,0.04218855810788793,0.0276138520425347,0.05045139722276261,0.03142658929085568,0.025524142896271352
2021-06-04,0.02118324102983796,0.03313962898435938,0.05622618670609504,0.032557165347542424,0.038770150182645825,0.03457089796425262,0.04136667914170372,0.04981422749662048,0.04733217877037226,0.03399263285347131,0.04873112988073671,0.036513596862583826,0.049842614329668744,0.03573609083439803,0.057656989708940856,0.044467107705247456,0.04038819966639687,0.029935448071836093,0.035505131296028815,0.029390101025669434,0.04829559856429665,0.035206203284163774,0.03423611991440643,0.0352395211633284,0.03781112834877116,0.022771570965374154,0.041281518642558926,0.03386509201202914,0.034477874445624966,0.03626051425244931,0.03349206503690193,0.022704801935528242,0.050660368355885395,0.03582951416757565,0.01780507462557787
2021-06-11,0.009521593242724316,0.01852760190261687,0.024400751230533823,0.016643991154719116,0.02284677591318968,0.020657643491970693,0.025589319102636694,0.03348333882793288,0.021943194050772833,0.016849483158913915,0.03673729345270676,0.018205385912575794,0.04097949105574559,0.022486933048332765,0.03709316161728909,0.028417848308023366,0.02365668733913603,0.015632032464815922,0.018217707483426927,0.024215132727711832,0.023996524212610993,0.024142793182714815,0.00918679098959715,0.019036760720004767,0.01568277613832114,0.015914368674318877,0.029304206469250443,0.023227287219474306,0.02156798234485429,0.023117717981905574,0.010486650469387702,0.007028793720528887,0.030764511350124125,0.01718375545200449,-0.002848866421791517
2021-06-18,0.022987659951727128,0.028589394877621473,0.03077693358594682,0.03467103805794771,0.036062455086477097,0.03385774781774275,0.02777543877538509,0.029279579880735557,0.03139285687700699,0.03135812135864771,0.037704739747601204,0.03580173906936672,0.047028631244659,0.03691540503729918,0.03674798250053302,0.02526223751601173,0.023214039709309964,0.030036707711945835,0.02676677788019387,0.031079971039219098,0.030838020187199337,0.022150946526728145,0.032922816720141704,0.03421787928395036,0.02585526996738685,0.030092737034663277,0.02751818300148292,0.0278588838712137,0.02536897271035707,0.026613063229983323,0.01772356534183226,0.023610237556649205,0.0436513007871755,0.034427090911769424,0.028698924453143627
2021-06-25,0.007588001648853235,0.005147912943112434,0.0016569315505002393,-1.7194009038001164e-05,0.010584539023206371,0.008588706252092168,0.009685272434678132,0.009031501774422263,-0.0037183538232729227,0.012436844969841154,0.0036061612546465726,0.00855259219449883,0.0054404101724846885,0.005964595096670349,0.002074234796882099,0.01167592708724035,0.010039774397083336,0.008011014102869326,0.014988595237805746,0.004044840836589174,0.0018971165879500566,0.003424794333056487,0.0010155087114067922,0.004329371812407287,0.014349296755041317,0.0013418629524524852,0.0052229291933012685,0.005109010585157584,0.012628568128535208,0.006669217536552132,-0.010575112191996345,0.001980232029322964,0.014040999542792304,0.005258512161812346,0.004824479609339477
2021-07-02,0.007468595696924005,-0.006158995157368472,-0.005284345263520552,0.0034949210672983516,-0.005316444957600336,0.0006700142395526662,0.010010222724415676,0.011363492327328917,0.006474708918978947,0.022069542795286404,-0.007460570773404078,0.006640958584567109,-0.01078329035683695,0.006065972814363112,0.0008495050289487493,0.0029191328047423553,0.0029988470450404664,0.01608843354714669,0.012985195621984294,0.0034772662355544623,0.0024896656477000115,0.0026524378464295407,-0.005189249919809219,-0.005332093558464218,-0.0001276631583297709,0.0016717921922923637,0.00435171540177771,0.01089791301444683,0.008140014298092685,0.011689036724787981,-0.0024786982522227463,0.008311747661419488,-0.007785178929785817,-0.0034610826397892367,-0.00569776257352301
2021-07-09,0.015737267665943015,-0.009244077628813225,-0.006919858407921289,0.016361363532322218,-0.010345769107278472,0.005706554021730671,0.0038067308157235073,-0.005228824609342756,0.011527928850747651,0.008542186857320352,-0.01375804567119538,0.0045850795477702,-0.013143707568415606,0.005558850887794286,0.005564464943563818,0.0010852504474475563,-0.014243795163254094,-0.0028316227957542977,0.003302134136438552,0.0029404285432875323,0.00011589015124239537,0.0007530854810838252,-0.006751303066840936,0.0007280895661099732,0.002174644602725022,0.010683147125428201,0.0008374299856212517,0.0002238938908085598,0.0024375695479312426,-0.002628848448078729,-0.012266979192407651,0.011500526911872576,-0.008179812924196778,0.004071126108869367,0.005576896067053484
2021-07-16,0.026795706461480117,0.01388040914426992,0.007781975589709233,0.03271496694287734,0.0185061190932154,0.025815675180040708,0.02705248964404186,0.030861551694486143,0.015442517756711436,0.021158653240125995,0.012787842634855046,0.026847625103915747,0.014652498001711678,0.028342828481687964,0.013499716804333131,0.021566107534498325,0.01274194548445448,0.024744652463404862,0.020838443674794975,0.030434694814667495,0.01633731147312122,0.020251548917777883,0.012531059452293297,0.017646651463411295,0.031853224527193344,0.03546598593729467,0.019961714434490352,0.02238917859022386,0.021104861244612794,0.022672991581476308,0.013052654473463526,0.03990369175619913,0.011298526938183756,0.015591047893576232,0.027439203243626774
2021-07-23,0.0037024214197780006,0.004547783068529767,-0.0007264596055614125,0.012118432865693416,0.014427285693316349,0.019788379597414318,0.0017994545613303095,0.0002703899112161399,0.02095839642184527,0.00888994654642121,0.004562369734291712,0.014387272536447447,0.008348765254187566,0.020297443305539148,0.010379800979269186,0.008534645772217367,-0.0029053700408107333,0.009315638359130225,0.012753691914712482,0.00814174065995278,0.011870324528452757,0.013263424739172892,0.013769678158688214,0.019641709296650687,0.026181250891008184,0.020419490125152668,0.0051343303779629755,0.0026201926585778332,0.009070206487231981,0.005274175692103472,-0.0028566583715790204,0.02104618448507606,0.008402696030836957,0.026902692124052583,0.02190479456691856
2021-07-30,0.005183795062379638,0.011148955204070561,0.00756828656727654,0.015203403965247475,0.024747605721573328,0.02898939785799909,0.0009674881108839796,0.008977563070113857,0.025190478589481143,0.013995297751964854,0.028679508854008502,0.024158870837788938,0.03288713999786839,0.024714935883444835,0.012376717389914312,0.014341516700430271,0.010141748007240324,0.007052347131936151,0.014332569773805879,0.015594221987340576,0.019773385637395544,0.01148094025151984,0.016223760278911998,0.023823225529879633,0.020299220915820506,0.02018155527476023,0.016789992286641076,0.00427012407073637,0.01686414333002815,0.00559806487698822,0.0045576457581659475,0.01442054788561248,0.0195071467905725,0.026632018251963995,0.025073355186398083
2021-08-06,0.0028141299101804,0.013912508935942789,0.007966628235924159,0.01050679022660375,0.015664376910578724,0.0070827268494994934,0.013399923593531673,0.020913286234387284,0.0148207806775117,0.012029146666879752,0.025520794612736968,0.004496234018083222,0.026330513092317334,0.005026226699111684,0.010779285200300784,0.0021491618318612202,0.024977947131966546,0.012170951176533404,0.004785467012277631,0.01479533888635571,0.017564343093275203,0.02465952303002475,0.012441169779442806,0.012522181798650034,0.00617324976775487,0.008494478450328965,0.0378743910689376,0.026110910263391945,0.02329396836576801,0.026465890202100016,0.010070664364524489,0.014981867386778308,0.02340202902609899,0.020353968541447467,0.009734297104609518
2021-08-13,0.007236597933776545,0.012365934131771436,0.000903448456990405,0.004979187127131564,0.012869231927909647,0.01034823687361638,-0.005402804667994887,0.012243084857985965,0.003215324376032094,-0.007270756300563614,0.016491498106688554,0.007301283659857577,0.0116969544346698,0.005523434805821684,-0.0011707981938908114,-0.006490493134821085,0.007136274541559387,-0.0031830487538710857,0.007377131371935963,-4.8816878518538103e-05,0.004874425836867263,0.011028580092418779,0.005502859096694026,0.014724273311613986,-0.0044302325868763055,0.0017319905742154648,0.026026792747124387,0.011169651457614208,0.01228894313780641,0.01275384657868403,0.0007022637455200763,0.012292036218263509,0.008217911329230412,0.009547666962264206,0.008098222563716636
2021-08-20,0.02165029096382476,0.0260069183328002,0.012806821368266993,0.010385566877368297,0.020827075220816282,0.02209620510790073,0.016103997899131157,0.028463557136187704,0.012759641818561249,0.017964354943385274,0.01726097525662939,0.0200533306056421,0.026427287770887896,0.01947086536484634,0.021023072550165278,0.017632076114743423,0.024068445084314213,0.011415294249374494,0.02458458935809503,0.02560124125489706,0.02035703210703363,0.030986854253164234,0.014995278481046214,0.02190155576568619,0.011914319086547802,0.007403145342398174,0.03963378732451924,0.03193718518295134,0.029757489986546034,0.031010713625444022,0.012240666771798091,0.016648719500162303,0.022903514602722712,0.012385305791324549,0.03093077798837114
2021-08-27,0.01289422572226735,0.033673163406425545,0.014846281377609467,0.013499914831512243,0.01772972944167425,0.011984609987637672,0.0178115610430796,0.015152236885673761,0.02044802645563005,0.018200430223311616,0.01405961593335574,0.01231653519399921,0.022774749112447878,0.016814568094387344,0.00868524097428125,0.006563164950399454,0.01568569777152944,0.003985401876708355,0.029359961254630924,0.014998041802033927,0.022871053410300133,0.023379491409775664,0.02236248015197929,0.01444118113594168,0.016469117003496,0.008407419306038966,0.03208826742313877,0.02246487109786996,0.028916718018589065,0.02317200434108838,0.006301439084747626,0.014024989668959438,0.025824971332765213,0.021518194439628574,0.020167499610481802
2021-09-03,0.012480557764168194,0.019295350353892307,0.005657382317240436,0.00848384248692075,0.004883431972270573,0.0012761256736243207,0.005783264178031308,0.004427093325472307,0.013375387146245515,0.010591248160697897,0.003166652180152746,-0.00025649612236335246,0.0044668454920378416,0.0016067176710826228,0.0025484654266233462,-0.0003291046714983672,0.004533639948784005,0.00037156106708197123,0.013456919651140146,0.009181127939228517,0.010462797282339868,0.006009608146843253,0.021559060212161186,0.011459711309849099,-0.0035970302283776082,0.004043768862161742,0.010324881602418613,0.005904008003687856,0.005626554106434507,0.005373843904696448,0.004114349239533215,0.007455559402801981,0.020950473471645935,0.016872360900954765,-6.747051400069966e-05
2021-09-10,-0.003365482814931088,0.01673816829487558,0.012944602204433352,0.008672845557563152,0.0003470980022803223,-0.0035355784414875017,0.008491780388211292,0.004849621327217506,0.010024672424032995,0.004899187409478368,-0.005225971443619006,-0.0011989303996050376,-0.006788251020016123,-0.0019521723382250836,0.008976607094478777,0.0028198496306987716,0.0037488751069543426,-0.010012619469603426,0.006441017591281534,-0.005078492034924787,0.012052006444374966,0.002326626484266876,0.023196655645176707,0.002732364141243797,0.008658354926956833,-0.0013927256556577653,0.004929658361687923,0.0004615333561339705,0.004616281546519489,0.0011061632784337492,0.010614860911718376,-0.0017931816809183727,0.01634367078002207,0.014805497112484052,-0.006893612801434034
2021-09-17,-0.005530035289868778,0.025477230995065527,0.02390451008418986,0.012740347919932357,0.013750960340395652,-0.00013154132351869577,0.013306736593926036,-0.00035575948860735535,0.022504029836066308,0.000858551737594074,0.01889724284347025,0.003501744179496949,0.025852354434723803,0.004552308200285135,0.007383028562080362,0.0015267218695583123,0.013216641658499497,-0.0021068354130513666,0.008028369208144665,-0.0014908469631441299,0.021747259556442782,0.0037649627163313447,0.028369169365394888,0.004355403884398185,0.02042029568850893,0.0021395848541340143,0.017478281582951515,-0.0009487825628176321,0.011323968565557063,-0.00013194899290976545,0.018411436819111445,0.00438353307238204,0.020829188087752453,0.008969270162734948,0.00625935583049357
2021-09-24,0.014422281813641842,0.025949416726627195,0.028216978350493086,0.022560252836779603,0.038957584423385316,0.02337276431965844,0.02121563023619929,0.012450818242259578,0.03342441370378718,0.020830079734080416,0.033147667204372275,0.02668952713342888,0.03553594212939654,0.023548420532979026,0.02397511085701583,0.012199513474820196,0.02835135941353416,0.013700981646462588,0.024241843057674437,0.01324736097847292,0.025306877263246784,0.015883692790258846,0.036900052014043255,0.0231115805818243,0.03100690785266335,0.015447123495827293,0.019223055440411807,0.013225167127175103,0.01775420140390832,0.012729188682013379,0.019304523114078216,0.024120182860621106,0.03178707585712645,0.027475649585801166,0.030671834829410834
2021-10-01,0.009097161529815191,0.019919179498473633,0.021142606279933723,0.010040068384732736,0.00885857999429326,0.013592010470269793,0.0035332497999904606,0.012525530614902436,0.02135195987805554,0.003884800712161273,0.01708590451269125,0.01597075674295532,0.028983306361280773,0.01390495331629346,0.016678480659722987,0.002148117455014311,0.015848815069244102,0.011158614751840771,0.009277559078326674,0.009061408285460634,0.020853045783830165,0.014154818195090808,0.02878428449917016,0.008035031879084147,0.01665958445833407,0.009453334534412073,0.01061157651882634,0.013097446580680709,0.00772507979874794,0.012596221440242278,0.015100851759590667,0.015475649077786688,0.021152666128155164,0.016177935238759007,0.010816036136732324
2021-10-08,-0.006581374792351666,0.028756377070754107,0.029568660751079643,0.006125398549207378,0.005932307954284464,0.01244415926942055,0.0029031483259156247,0.0006961852884457187,0.028477603838136103,-0.0019505952152375115,0.008193857784411902,0.003859775077836833,0.03161104868232828,0.006156358222654934,0.01783467293837276,0.0012288817750016924,0.012504856523942719,0.005182350601429835,0.012188470387395331,0.001696671577750975,0.026703397288724808,0.012811737497589544,0.03366226283627037,0.014243215030414763,0.010006899713674078,0.002993718949553869,0.007261944456032165,0.008667486472942947,0.009931129986552437,0.00848702416587363,0.018840590749335473,-0.0002427890180887369,0.027790244772383777,0.020014478367555325,0.012483402013395746
2021-10-15,0.004311232799824511,0.0009533115967679239,0.002660035919371512,-0.003078387884899666,-0.011235912630661303,0.0012033205612553262,-0.016314643193078255,-0.008211968737390727,0.008996666467487915,-0.007151665228773073,-0.010122519458564502,-0.0032329167268121384,0.005235968060629388,-0.002277573649817761,0.002055328400406398,-0.008879110784069827,-0.0020779456805110185,-0.005169335115650483,-0.011292658980145372,-0.0015056066043303898,0.006409087104140223,-0.0014315248545265912,0.013637678171832035,0.004991376396743395,-0.0015967528888238896,-0.002924536207062178,-0.012297976765873941,-0.0005207391736664885,-0.003480081614183103,-0.00048430774643207366,0.009723128087136037,-0.0020316276577817824,0.005877107006828919,0.01512811630088267,-0.0035805727629114594
2021-10-22,0.012273474511036164,0.002802490654074312,0.0016329515443867862,0.007159729397551619,-0.0016515906935286775,0.006274910078504659,-0.00866963554434234,0.0016039122902889258,0.016292372211882216,0.005848775907905796,-0.0016894092570049573,0.005706416029677201,0.011238731601065347,0.0024861653496714257,-0.0022872126925265425,-0.004026326347243183,0.010175759834785445,0.0076602850984198905,0.004145589888491616,0.006664711414906658,0.017772023507891917,0.01921304584263654,0.018223955341433524,0.01598779770959999,0.004836859202318872,0.0056573869634561616,-0.003995801363865892,0.016137856366821957,0.004791206793551073,0.013940597828849731,0.018924139030937356,0.010374037160439688,0.010794093347622727,0.016534411018130444,0.002951873945622255
2021-10-29,-0.0011910226256958336,-0.003381178693155462,-0.0018931090675233452,0.012006474600166047,-0.011377823079383363,0.001167399259550904,-0.01166211341710472,-0.002271082925842325,0.011152523661692514,0.014030389620800493,0.0037067086341360197,0.002097349941679275,-0.004161627170755643,0.0005823497231385913,0.0014705882901882047,0.004833880675908681,0.013620287984524387,0.0048344206385634155,0.005154348511497697,0.009158306587068853,0.012923331187916937,0.007915852518508891,0.0023123900689300393,0.010183965649750134,-0.004015162300657032,-0.009989579094043214,0.000629191483437412,0.004468460949312445,0.0023046956010999682,0.0031181493404678954,0.01886413530604548,0.0077090468217429365,0.003661621752465102,-0.00034139138846024707,0.005810943099663225
2021-11-05,0.002501946024984751,0.0072640478330380995,-0.017962565483948197,0.0019907091467307268,-0.007783339815330034,-0.007569071417826522,-0.0044333151769181305,-0.0008903684287239093,-0.0017177720213393346,0.006211232713346171,0.0034448075260293774,-0.011521893740944446,0.00748932490898122,-0.012131001334599498,0.003388286852251816,0.00316797705256305,0.0017141471800281832,-0.0008368013293480298,0.0019407668886659893,0.01282723937310406,0.02300592802819466,0.009649730330426503,0.0055711125884734865,0.004393173415731695,0.00023037880333085835,0.0018353779838788645,0.007256395291394363,0.00432658373831205,0.0018206101118704709,0.003417017075977227,0.011016966771639462,0.005000267208658331,0.016658159625461844,-0.004798484375671,-0.004322287630091424
2021-11-12,0.0092400837990591,0.04552249483650238,0.013830748067527864,0.017802844422830696,0.02193870686709578,0.011463024637642016,0.037338467753485115,0.028061686981838148,0.036272985525706306,0.02984145673069876,0.0182727528331999,0.01175980889682254,0.04244837078891658,0.014688080254070581,0.034064616526875945,0.029299223867979726,0.029318073679035783,0.016987356143100377,0.03500510178063051,0.03248564405607354,0.04491502230519594,0.03177710505893078,0.036798373876417836,0.019743706528588874,0.027807281375882918,0.01917473634522292,0.03848135452453666,0.02710783306776015,0.035062587020021345,0.02730635767356335,0.027296598551527218,0.01500892810183333,0.052274870873063733,0.03812681765275883,0.006935326759296677
2021-11-19,0.02235017691364609,0.066311600238763,0.03432520822570904,0.03175673225703612,0.029614004392500833,0.024734952433130706,0.0494520543512569,0.03777022440878312,0.04780994018363946,0.032283722088065084,0.034951175166054185,0.027737302486652342,0.04871032548897948,0.029331460046794957,0.04206100864979531,0.029597086367086106,0.03471672064062165,0.029379416654269755,0.04177207008975942,0.026375601259964163,0.06043997882612951,0.02996581939344816,0.052141753966602346,0.02554302126908165,0.030762298715926006,0.025053997085636888,0.04747171288814336,0.03286079993134559,0.045531601690189265,0.03375905383190893,0.043710582734131004,0.023969911331108564,0.06860285948233885,0.04992789046764606,0.014686577826369179
2021-11-26,0.026074038709824107,0.05084457662665621,0.030703426368648836,0.02726398318278819,0.04113972168009033,0.01800534146168896,0.04991461029278015,0.04161024873002633,0.04353697817754938,0.028060085025652576,0.04327726648388799,0.02321507253474476,0.04421324391485089,0.025470048706201027,0.03390787322264198,0.028571759813061638,0.04296318099427996,0.035664534261712955,0.055138235407060636,0.0408727957727161,0.047491168871474566,0.03925160163558583,0.034916660773484244,0.03222068238969446,0.028012658250318328,0.0349676946556749,0.05571096381792814,0.04150911614149662,0.056186834729873625,0.042755705551761364,0.03808770848991804,0.026055602385891358,0.0489752929480613,0.040974596343997007,0.015861116830379447
2021-12-03,0.018562207432722033,0.02056723569354022,0.02031391232785967,0.02962179438091928,0.03168961754078366,0.012691726569975725,0.02910216075728331,0.026987341616512926,0.0241902104566627,0.027252447149828864,0.03192888197918547,0.0165611962229206,0.020066748280131778,0.018411311505425514,0.014123965908299303,0.020131284071575353,0.025046179989232826,0.030346683955349858,0.04316132309077204,0.024856723257090367,0.02239311628082095,0.02322752925234872,0.01045935053109856,0.020995822671889014,0.02396594188681209,0.028580518758394974,0.037364750437313826,0.022951444600986377,0.03530603191192695,0.02229390254335272,0.01797857358437648,0.026770437089254442,0.025250900373293476,0.02165590867150903,0.01654620035436938
2021-12-10,0.007436090903559626,0.05034908042847872,0.007840814336702693,0.012310025677904082,0.02632808856762358,-0.002589574603701056,0.019278598154315138,0.008798053467900607,0.039604113913695484,0.009902282372074146,0.022783615434205113,-0.0038876053104602835,0.046335683771623545,-0.0013536032733391882,0.03191664241112977,0.005058708542648213,0.01329227580777938,0.00546129199729481,0.051027051630488714,0.016339203940770833,0.05577084896251721,0.022265205643437605,0.040962064018355594,0.015758333527637884,0.014814603010698858,0.01173035900267539,0.025389039253645593,0.02205722648331287,0.02397103600242856,0.0257242133856537,0.017777670736360267,0.009286102313749598,0.049852337184588084,0.022029540511514914,-0.0008428171559653044
2021-12-17,0.0153618657603849,0.02903785222536603,-0.01300508910294807,0.009761042698258738,0.029080131531389698,-0.006834262445617283,0.01218463345635991,0.016601354710334578,0.020814944966112515,0.0038245359150887418,0.028956585940825327,-0.014030961139506193,0.028605307781799438,-0.0062323978003976845,0.025531321412000173,0.0060373328908123365,0.0067866725228101004,0.010708673675286438,0.044016645552334165,0.016424304065314643,0.030540093570050587,0.020550780564089616,0.02582385155897311,0.017922580024879627,0.018153539028785654,0.01925106481917493,0.015175807983082261,0.017045124018770997,0.01878820576769155,0.017983344559085398,0.0032111098761928216,0.014360595294091496,0.03009471104389188,0.01262934380846765,0.0076263523472554105
2021-12-24,0.008517644761802305,0.024954947844956367,-0.010698451201700349,-0.004177869420383379,0.030812029800715776,-0.01461420317524379,0.010173680417508138,-0.0026115954254916206,0.0153952635969544,-0.002502139788349654,0.028702764744212832,-0.01689146990735994,0.022175216386235666,-0.01886327904745206,0.013298056076978728,-0.014958780774667396,0.0038604882644601287,0.0022439745340381047,0.021006975069371738,0.012309873972255298,0.016705113981699656,0.003931627729971,0.01781668487688544,0.0011049392500957708,0.009004769237503818,0.0058464985031288046,0.019897011845722918,0.0013158121666948367,0.020550798270756857,0.0023427123609336053,0.010205163985107115,0.009270570931615974,0.011333481458802986,-0.0009720384030397034,-0.0010818959580658968
2021-12-31,-0.009920467921558478,0.03273954207064019,-0.00215201307457606,-0.006739167088520116,0.0219103699571287,-0.015196673651899523,0.016147001982159893,0.004750032970251904,0.011935340936625948,-0.005354897045034633,0.018872375794290415,-0.016766880413408874,0.02171478115280512,-0.017261817949778078,0.004027064895051713,-0.021947637734785967,0.00760088390427886,-0.00537138602579666,0.012470361442489851,-0.012844916013620814,0.013120402643425459,0.0008599740779546197,0.01836859051214648,-0.00016274489955369248,0.007667912281360271,-0.005318567664656517,0.029597050184071765,0.0015336092676228937,0.026528357024530203,0.0001309734488170918,0.014407615596897053,-0.000624436360890508,0.01835826814207594,-8.767311722249426e-05,-0.00736990411685628
2022-01-07,-0.014730888985519431,0.026304923035917784,0.0026174371424608363,-0.00170452366948494,0.0301903401651995,-0.0035851632256154067,0.01601831029257326,4.245952192412078e-05,0.01011366911332545,0.003863951501524186,0.02900646878919748,-0.0033406665826755414,0.020256702124960908,-0.002876109460446901,0.002132629055880468,-0.010702297143815686,0.001959280801029677,-0.011412565966845282,0.008125564439701817,-0.008262460958719502,0.009647761926806692,1.478320397675772e-05,0.013823105756845961,0.007679638204676757,0.018576412109483537,0.0026463285182692963,0.03235921844726957,-0.0003378535886013294,0.021873404112373856,0.000307342135644722,0.020163547688942962,-0.0004191274588662573,0.01533774288392619,0.00299964034299245,-0.0031173659490904885
2022-01-14,-0.0008389380925962954,0.03556461602145213,0.01106410500279367,0.006702709422057609,0.030557914085033094,0.009833166320801983,0.01951613566051013,0.007017717144567959,0.03312019339493683,0.005613037089851487,0.034209595101951824,0.010468053019263564,0.027568452910883123,0.012680819894784071,0.023756832405988776,0.006081083357962871,0.009441165731406593,0.0027730963338174707,0.016600961101333606,-7.80753676496828e-05,0.015886781221862118,0.009754955640556723,0.029544693369329713,0.01822335912233835,0.01486260018591673,0.006390137326267703,0.02765505297205435,0.00505392544491474,0.027982915391144805,0.005769323137746454,0.024251805880620595,0.002477302999879496,0.029064468967616133,0.024551658592425973,0.006065928347257906
2022-01-21,-0.0032766880516720436,0.00619284764455309,0.0003344278683073276,0.007839903096425016,0.009467095007049894,0.0042851917956290425,0.01482811000198342,0.006272234329601852,0.0058153026790055745,0.0011695145258807558,0.009409198919570785,0.0019919914969540424,0.003357769691748175,0.00275643679252134,0.0015041457762284042,0.0036585039353750435,0.002224118198978025,-0.008997146905872853,-0.004128723212605864,1.810100158889719e-05,0.020585313211469558,0.008518792347029036,0.006124985732406723,0.008057657467599379,0.006180170059348175,0.009982871861313473,0.01181466610450505,0.010553290690410942,0.01230264741325756,0.010343807188876465,0.008598653694863212,0.004670939732111657,0.011873511308172336,0.017053245111163066,-0.00019734837312845467
2022-01-28,0.031686806373910165,0.027427983045952994,0.039728119297043896,0.04037276427736828,0.03477930479029519,0.042827017864268624,0.04434834733621283,0.034492932083573125,0.03331612136959692,0.03654887841076738,0.03661533104076275,0.03850255849794814,0.04136424296383676,0.04145166630083892,0.03259099789679859,0.04064279617343572,0.03987545893977961,0.041038788484965776,0.023746534129990764,0.026257572033915905,0.04665866561593053,0.04446709056030304,0.03665100847735866,0.04248277145314482,0.04064306852027997,0.04117019583731325,0.039304892301089515,0.04368177843492686,0.039831338751012184,0.04388903438339622,0.03712802397505117,0.034988194819829926,0.03368229170168233,0.040501856681539716,0.042009024117583255
2022-02-04,-0.009402558509711155,-0.002122359634258941,-0.0036606661433359385,0.00022469876036353451,-0.0034723939579675922,0.006216119986911723,0.015231492654539268,-0.0013760241026269512,0.007986697104093223,-0.003709371339116023,0.01134408131404232,0.005819929822919192,0.0005281171228702044,0.002093777702063825,-0.004184008247012023,0.004865744558813215,0.007222148316553915,0.0028103034394222166,0.0015498348012930908,0.003263657404624419,0.012819425815907053,0.003525192027342618,0.006483930349142209,-0.001233864959761863,0.015099019979182258,0.008129401963437647,0.0017881764736398446,0.005705602220499864,0.013312344225860572,0.007317921558676071,-0.0019656707585414433,-0.005714606542408788,-0.00029973477627120944,0.007132377955704367,0.00274222530862598
2022-02-11,-0.0002944534815263615,0.008652501767360037,0.008005696122357709,0.004294753191549606,0.0029068192181606455,0.007532042587569175,0.021301837199783208,-8.555664279752917e-05,0.010518846054000426,0.007884870299566605,0.007567243811531938,-0.0027707712444667194,0.008239328956303617,-0.002859114084527713,-0.006605258239298575,0.010268496036473743,0.007131237917815543,0.0023063597298691777,0.007533265796123874,0.0029367198717197454,0.0146068090437765,0.019319831604999494,0.0030389257420672337,0.0008985825954818946,0.017850622218754428,0.006165174983733217,0.016180398893355177,0.021221784995481784,0.01975271152129834,0.021655616296212068,0.006180533046697665,-0.0027729458374528356,0.009313441979383623,0.008355126032814339,0.01808303184414563
2022-02-18,-0.000777800689624192,0.021217903691452718,0.015407266705443328,0.002089787998400482,0.023808219887739065,0.009412460517798985,0.01618018154184356,0.015360851099815788,0.01565047362148007,0.015067971342668872,0.01009349416995988,-0.0004610345389379441,0.014833043233483832,0.007915896531673369,0.006651003419250162,0.009432139648839903,0.005392896214082454,0.003994185010580995,0.008315993623457018,0.00013612529954511746,0.021933545149337604,0.016931788629461552,0.0209195948872224,0.010267484831990636,0.016085043122121608,-0.0034665128623941493,0.016518391159457146,0.018020519589532272,0.016446324824403842,0.017564913776398718,0.010429939451687043,0.0008787749895858674,0.02482488451275648,0.004755970959082231,0.007018935310642791
2022-02-25,0.027788236931845692,0.03052426795309729,0.029340909777889033,0.0330612093479786,0.027003399474167113,0.023725153706236138,0.024689472685944982,0.024926541862102598,0.021544226976355767,0.023262944225132993,0.015590486220360173,0.01981659735253502,0.024646556172273883,0.021737968298455652,0.018167670856021657,0.02612971249297776,0.02715696655184006,0.024684399487843286,0.02182147039694033,0.024003082694131754,0.03991811647953823,0.027604093552100337,0.028998674576217874,0.02892339928546568,0.03546220318470278,0.027971557630817784,0.03239428946779889,0.02605580833684766,0.03013671631254424,0.02572783293524613,0.02049859971355758,0.02306783176841102,0.03364654671814453,0.02960677278111033,0.021266709328846785
2022-03-04,0.0015108436435809732,0.040502271711895355,0.031243263082688943,0.01746168237641167,0.027687536967740015,0.012443942556996554,0.02240552484774309,0.024811584041761706,0.02768478985442836,0.019376557710305227,0.027991779767006526,0.02121217882515739,0.03959792144177914,0.02338102478471405,0.03251957192728683,0.020548201537728825,0.022584224568666652,0.019734231863483553,0.013664485001367709,0.004785677422412515,0.043851826404886815,0.02393017273571515,0.02308474861405137,0.010679196965585272,0.022542193734998234,0.012080774177194924,0.026727695576645526,0.023350119759957863,0.03048286211802105,0.023215099140689695,0.016505412232622328,0.012866173872998904,0.03429997606457457,0.015421950742503085,-0.002772455431961455
2022-03-11,0.01692327987518829,0.004935532762600051,0.019537680918578357,0.019736493640573706,-0.010500226541346134,0.007379994236392498,0.015201336216633655,0.0233642071051988,0.012996522378516248,0.016784963417147265,0.013785586148593302,0.009323986681961346,-0.0006775581562885078,0.008463014852684024,0.00796942033542027,0.021077173344707094,0.021895797789216378,0.018879509065057004,-0.0028618857595668415,0.01385089461536218,0.022470787279800498,0.017688007648174655,-0.001962278816264135,0.0071490085012941365,0.019031712165505758,0.015431634494187083,0.018716444135398285,0.016127479021170867,0.02126113698373185,0.01510192985563597,0.018452460438143033,0.024573307435231503,0.0016948578312841985,0.017683195445360105,0.0104856524413935
2022-03-18,0.00024210502257622133,-0.02613521714127337,-0.021040111781905506,0.015382456651066892,-0.03329754710329832,-0.012032633246406443,0.0017112206435325554,0.010621148702855718,0.0014770177545013095,0.006406859137111363,-0.007824610890025355,-0.01753701423520892,-0.018981197262394035,-0.0161698088882464,-0.012981570490212532,0.0036849828619128335,-0.0009720986697137568,0.00026335903693857764,-0.005089655221373061,0.001052346198299803,0.0007203203457290375,0.009114021094674397,-0.024053277048813645,-0.007621880291492195,0.007005105143938698,0.010731369841439936,0.004948915498063431,0.010902491905793182,0.004693594838351642,0.010638724137809195,0.012329235741706645,0.007729921531167468,-0.019499876959044392,0.005587489634706519,0.002017087709195821
2022-03-25,0.015112321048050029,-0.010396051305928446,-0.004846573088165626,0.025810062681247314,-0.001827905433123336,0.007862257736047557,0.0032791384166348933,0.01563204225012419,-0.0036941831856275907,0.011690947426360142,0.010607573462213901,0.004692134672000099,-0.00841506319935472,0.005825270619230411,0.002461658863463724,0.017300763573872353,-0.0016055358084425004,0.006212112411434327,0.00923186479635309,0.008734109374277889,0.006916237692512093,0.01162206707920291,-0.014981204324229055,0.0027823321332016144,0.011346274508104853,0.017217646147086166,0.005345142057648196,0.01782807788508197,0.0037133015497007576,0.017834450673106347,0.015073135181261766,0.021748969614896353,-0.00783337680308597,0.026507272809362457,0.014960052091637486
2022-04-01,0.0013296142308262913,0.021069225118181302,0.00038458574201232057,0.011032727382005352,0.010903134296937532,0.007849309771461548,0.003626712537231954,0.002047922458081108,0.010302785537510633,-0.002526794609584318,0.009342200467503767,0.0012458792416227618,0.015095430016495744,0.003397016234053301,0.004985410811158004,0.003658231523474957,-0.004880843530617904,-0.0008473602138463593,0.01348309183181584,0.011238750626846993,0.025992341680956113,0.012026725282922186,0.005769868327137433,0.011540548301989266,0.01002330817451469,0.004784122177983782,0.020209892814245276,0.007945760574857534,0.01662349211349582,0.007721204707203476,0.014121723308439213,-0.00010821969525496015,0.020936858617120514,0.00942228304199244,-0.006903334360314095
2022-04-08,0.0021488223616212446,0.06544569275587002,0.03567828414080013,0.0136772478722652,0.027280450003562613,0.023453597484600283,0.026344441123706996,0.010680741164780237,0.006822883266679849,0.00010913077525557959,0.02035564335239173,0.020274186237901882,0.05943982759495338,0.019960324768381808,0.02465954354686382,0.014198219834887171,0.0055334402623516245,-0.0024288226933984833,0.036161587287539466,0.009453444907233053,0.04547625592542884,0.016085468307157492,0.046531526724161866,0.0240953272396546,0.023787313275849115,0.012494555844355208,0.024115589526898316,0.014903320233267464,0.02894059767249736,0.016440398305184997,0.014069710697670329,0.009607791860398264,0.0634762384001074,0.028036138125799706,-0.004189329879016847
2022-04-15,0.002107788816110291,0.05035575009973627,0.03235639773854172,0.013606484743760361,0.03741009530060482,0.009249455707766537,0.018373614250770415,0.011174932397900397,-0.003701764231758327,0.004580473383988767,0.011028865497267004,0.008283459364915965,0.04625963178042901,0.01277881755680702,0.01877190447982095,0.005489454765625561,0.012783433053667187,-0.0004236754617814292,0.018625294579556955,0.006442147617526251,0.03573657043907281,0.018116775425493115,0.04257388603777361,0.01690086350265548,0.04077995100815438,0.002455444329606681,0.021440204664625755,0.014919729350384369,0.020122887560772178,0.01604984733158602,0.01445383566732321,0.005434883302749515,0.05173876955307301,0.013199913770343063,-0.01251627723540834
2022-04-22,-0.0002652756790631376,0.02636003654824057,0.01228777997960809,0.014049904949009697,0.01698167625186362,0.00836011415370602,0.025368106081024248,0.013967061835630542,-0.0067089934880402,0.0021442832589254435,0.0056379113208360285,0.010318410521951028,0.031702049929533536,0.011475206603493033,0.0018201561602092888,0.006316103871123197,0.021388355723443206,0.006243376913503195,0.015596309732087367,0.005772428851471493,0.016491179402351366,0.008325527837394266,0.02573092064027885,0.01072497061962367,0.023451914793506612,0.004932377809037608,0.014470408937053102,0.011195508567232696,0.019540106725281076,0.01099031465109059,0.012928105298202134,0.0082940857316563,0.021649872020298534,0.007657314738058732,-0.009751222275399653
2022-04-29,-0.01786453528966453,0.018450514001382513,0.01862104744562608,-0.004795763824828132,0.008683110373115067,-0.002896607380430734,0.011598483309469512,0.0010655274418296006,-0.010893884625734918,-0.010906486312924575,0.01706651975089358,-0.004680567966931395,0.01999860362026039,-0.0017056109661475998,-0.010798002223204938,-0.010313659115567777,0.007835646909610805,-0.010229419576202154,0.003583673281988418,-0.014920808557133364,0.02706513668672,-0.00042106072196736654,0.01877980130924358,-0.004799051221486292,0.017887273116550206,-0.0106393853344482,0.007230902899368124,0.004210470244812977,0.009823015164335794,0.00155206214723888,0.0023999365353254217,-0.023839241741029162,0.0154722693465415,0.009612895727934374,-0.018031507644927464
2022-05-06,-0.007159036864542071,0.007126986620262793,0.002851167610525577,-0.0021793538600114615,0.002126305025917802,1.5679798618836376e-05,0.01003790315016084,0.005515075599660694,0.005495182286875569,-0.006772360597281325,-0.002428711009852712,-0.005710140583359228,0.003816269576614781,-0.0030585277667093663,0.0035050221203309284,-0.008159781016037938,0.0033759918832385652,-0.005322911724076658,0.013753946348820037,-0.013687911602213873,0.010932964077485742,-0.001733273950406237,0.0042830716870378245,0.005201341479278712,0.004658972409873301,-0.0065788152416427735,0.008953441307360933,0.0006580680239716366,0.003732966329327087,-0.00022925661504795598,0.006620259643278436,-0.007043959576000382,0.004809139291799859,0.004434896345029802,-0.00526792881790667
2022-05-13,-0.002813945504824415,0.004719286749901806,0.005377902413222236,-0.003433531119582925,-0.008932860562294956,-0.006151510101100871,0.009654707880460208,0.012438436520803299,0.0005423647388617645,-0.008580050690897139,-0.007614649849296671,-0.0027206369464491858,-0.0038582459370150313,0.0010045708511133016,-0.002271580765962654,-0.00986524668159175,0.010064873837216127,0.00034903276333764536,0.012529786578702885,-0.0045206387764554325,0.008033349272410749,0.008518218033023304,-0.007932066819241815,-0.010202948120748899,0.0009353238700102449,-0.0022673839792291396,0.008901804340466918,0.005221222375170844,0.0004615066477959668,0.005086365628133778,0.015457045325332309,-0.00917571462127459,0.0006230829370364343,-0.008035867344450866,0.008764849200063086
2022-05-20,-0.010350594249833934,0.008694936769509465,0.0074864794416314925,-0.0007352912006375068,-0.004137485914421165,0.0017142212570279596,0.00023587740943587123,0.004995055173853882,0.0030541291257647654,0.0006197162091161395,0.008464845029198888,0.006514040776706229,-0.002349389800175329,0.005435481973045835,0.003806707184108468,-0.001342377419837701,0.005050937587336739,-0.005265012388481952,0.002932062742778208,-0.001775183889918351,-0.001565060370534556,-0.005484872995063506,-0.000806837623960269,-3.0410757842311988e-05,0.002541732551632763,-0.0010669166341847956,-0.003459982209544327,-0.004989551602829057,-0.003938087302675503,-0.0058629259893074335,0.01304014707450535,-0.0013532434446815917,0.002704440689879593,-0.0006782798495085303,0.011939009517922582
2022-05-27,0.019976417571504843,0.00805584965504677,0.006019380821729664,0.014346297120374985,-0.005300169206086913,0.017524784982854452,0.008555659847332314,0.024191328864359485,0.014391026675687537,0.01612231525488978,0.012759954948261534,0.017187190079625173,-0.0003758131941609036,0.017458681494465323,0.023219168782439716,0.015963355474459383,0.013126708991979373,0.01002310066988074,0.012436231869148159,0.008275392380500455,0.0013546260896873054,-0.00182994838949608,-0.002457011459225963,0.010127280899975812,0.007778696147615112,0.005543067677341194,0.009070332831878091,0.0036175735605160544,0.00154784078273049,0.0019110560958065191,0.02091687062687396,0.00806887206024405,0.0006042736443965643,0.007218444312402724,0.020174303388995226
2022-06-03,-0.005865173074653038,0.015175501317916184,0.008322646247388252,0.0005349707228850697,-0.0011530491829052606,0.0094249544819406,-0.004177294508551719,0.0076881723834434385,0.007370582102248523,0.007336801916576258,0.016205867401658997,0.011317916936788618,0.005214727825850644,0.011534025321277726,0.02443310935896868,0.005471118021706266,-0.0021175512206774443,-0.00014459050185241783,0.008128445514694965,-0.014473042814454,-0.008361373322175692,-0.015752591019018995,0.0020464573571077798,-3.0529372825144474e-05,0.011910412913098845,0.0049419422260704084,-0.0072266982988411325,-0.01052726271649296,-0.014443926838518896,-0.01236708144827498,-0.0014006763180425482,-0.005619242015783816,0.01253357960192323,0.004758624649430527,0.004583080755685944
2022-06-10,0.002418970102671124,0.03527480726336865,0.03050362419332343,0.009787024775520558,0.0237835447184063,0.03186292332620637,0.02321965573642665,0.031371331445442754,0.019315186158180165,0.017569402914474418,0.03492596259481871,0.02734328921875236,0.029852524169798327,0.027959163935594618,0.04077435776686206,0.013005169023559053,0.021525148039948757,0.014197289987225348,0.02846112455582536,0.008470052825667835,0.018935945961231625,0.012757313539036502,0.03686363853742991,0.01589563269693079,0.03220963692948402,0.014781348298031485,0.02397898835548537,0.01634021015627495,0.009402955302655815,0.017834160864703658,0.007735576773824823,0.01410652800750619,0.043629027983443154,0.028685543848401652,0.00693235455893946
2022-06-17,0.018037348319730626,0.0486084906851023,0.048561757748726495,0.024093154103611496,0.04371925441380459,0.05116096815840303,0.03386974441883949,0.031940266543891205,0.0244785866965076,0.02366605312229422,0.03807723887605089,0.051400850755633415,0.040202326685532024,0.051060703598764516,0.04027596977479031,0.030482741040574697,0.029829357561025612,0.016903331554295367,0.03157320855283364,0.02517103429020153,0.033073125854092576,0.0170701497898844,0.04638082272420866,0.04747736687644566,0.049588709905023974,0.022857425959495335,0.03380492692573986,0.025805175076486664,0.03550826698436059,0.02567669754552131,0.017521702013018284,0.015399218477813484,0.05905076176043361,0.047977242855595834,0.01826218399892002
2022-06-24,-0.01115957683848916,0.022724246043184047,0.02365284123740903,0.007534003295122069,0.0373500504391816,0.023112482481775748,0.006315186232940017,0.0019543565164425233,0.009211310866343421,0.010071352377275373,0.019793985683418586,0.02017542372507533,0.030906679494879,0.022766312940814326,0.01762093613455199,0.012166074693674013,-0.0061971996422604606,0.005165631407063254,-0.0003002779978879597,0.007474655898369682,0.017106072680626187,0.006328217164923839,0.02102852484832024,0.02035644036719836,0.027087624939665236,0.0073857056235236244,0.00521095638787654,0.011522459966125477,0.010429136444570187,0.007830598638318953,0.007083161376594991,0.00037917179261608326,0.030498188105299362,0.020476693206918594,0.0016168270499486448
2022-07-01,0.0005153381953884429,0.02678486987032722,0.026561875917647915,0.019697371023735876,0.04600977766934435,0.011733394591604355,-0.003836962486052862,0.0030657619342161725,0.0012958504136466663,0.003830291441452379,0.03870720751333299,0.011531178552151774,0.037156328623813156,0.01263301275200062,0.010489800693994935,0.010520654275272233,0.0014223223008644266,0.0021894924299216446,0.011046832918136474,0.0013581134965846339,0.024140703667954812,0.008215530405608625,0.033252516711659456,0.023938487628502238,0.015338955218077455,-0.005042614817496959,0.010248114307322748,0.009820611532507515,0.011269895971965621,0.009925541504869512,0.005121138571648653,0.0010285916893392295,0.035271202603789194,0.02470218325516335,0.00011632634022118171
2022-07-08,-0.004038531712374881,0.022020157153881722,0.020262595285674544,0.0062618494767755885,0.0348155759835023,0.004778660474028211,-0.011535022613602171,-0.004196692007914908,-0.007823071670349875,-0.00499391482153282,0.041555745189022754,0.005140767982087191,0.03979197172552034,0.005851442355074192,0.014886959962681716,-0.012811193330130791,-0.004787175723832218,-0.008581487279942955,0.0003884210258959542,-0.015318864600281739,0.009445296555143031,-0.009169318704937715,0.022835596669075933,0.008349900404125738,0.002150658952548478,-0.0008390312942130061,-0.005366212710504793,-0.011704908826905091,0.001452548062878858,-0.011354527236608996,-0.006268410406952459,-0.008876589543642534,0.02705148288761461,0.018788619504026577,-0.007764721270053549
2022-07-15,-0.002633549716014033,0.026294645054181585,0.02766653185283874,0.01970232658654041,0.04313652548837652,0.014469422728612746,-0.0018989054560376792,-0.0051544922853491255,-0.00710209840532075,-0.006249871822925439,0.049016762775688165,0.009991624416803456,0.03646292285277682,0.011378367063210538,0.01669045329559198,-0.0036433001725438975,0.01021137302413708,0.0012256450544874352,0.005740161564715998,-0.0042932963720422376,0.01438505495972572,-0.008633611658472505,0.0278177491661761,0.005285388458339947,0.013287292943626001,0.002153129929062688,-0.00286324867482769,-0.008821547170229139,-0.0015084592697930863,-0.00851560889866707,0.0011885064186816976,-0.0026161716373728373,0.029148994077567814,0.017169611770383873,0.0016895276375705531
2022-07-22,-0.0252454412326465,-0.008332515742746323,-0.012100741385715633,-0.016150563908472117,-0.004458716404687136,-0.016470397156734987,-0.025637280950683315,-0.01817418934003296,-0.032537449802330164,-0.02860673572581631,0.0022211018214108457,-0.019353092256820796,-0.00929005275540378,-0.016219728017597097,-0.012953720281421372,-0.03144841962225269,-0.00748501839279957,-0.02266268285628077,-0.03531700781601043,-0.027230897821206863,-0.01758284297453973,-0.0287848569931519,-0.015054224801011554,-0.022433669798277885,-0.018337828103109497,-0.03238531583235664,-0.029876323482357074,-0.028354713081607502,-0.030263967334673996,-0.02708404252100997,-0.02503740750324317,-0.031493491341114954,-0.015154384176261033,-0.022755262603132986,-0.023837525257855777
2022-07-29,-0.021279071480129724,0.0160070886969392,0.007121056696893843,0.008434035981502079,0.01783417872119152,0.0026095908428957234,0.0033638759378610437,0.00015922578952191422,-0.0017632629689551572,-0.012873867351267965,0.006955187938948862,0.0001589518526797237,0.017003328278834592,0.00014744650530782005,0.01301138364604646,-0.015662544404744256,0.015320945162535514,-0.008206805370906923,-0.0069413541284183535,-0.004323476696046445,0.007641673665472591,-0.00908737535012102,0.014773619351843422,-0.0011874477266754805,0.004964214969924739,-0.012412009835338595,0.004900250717273784,-0.007728511644446265,-0.001939130421640003,-0.007707692444439953,-0.0031596560220097077,-0.011093551813886595,0.007501007097008925,0.0062943153071697375,-0.008094354297188655
2022-08-05,-0.010299806181018382,0.006841044128416978,-0.01345065791737467,-0.0025760490206068716,-0.0036957482487564646,-0.014639772461555116,-0.012248922406643182,-0.0060706849110605384,-0.014974228075158233,-0.013783192949111334,-0.01085608900019832,-0.010673496538465025,-0.003268144414629751,-0.013995280060936777,-0.0017455345477794086,-0.02271815134516766,0.0005104632232228216,-0.007320572152872721,-0.009551602359610892,-0.007138939982072666,2.9357465673124766e-05,-0.0066276536523356445,-0.008582120070302734,-0.018095036423746245,-0.006631906369325682,-0.00680297533986017,-0.006352050154497796,-0.010222982906359751,-0.011036486511227078,-0.009462981224915398,-0.008577867353312693,-0.0048216207757625605,-0.0010709987593927842,-0.010036549280893535,-0.006128851104730654
2022-08-12,-0.03285232223160123,-0.016769660203856413,-0.038575890487117646,-0.025700903237013697,-0.02548001420826211,-0.04744753746861018,-0.017877659009558622,-0.006996824012212513,-0.03212677831785534,-0.031874860941624436,-0.01861905881893269,-0.039990072350647186,-0.02238087005672476,-0.04064262446900114,-0.0293867155267947,-0.03911649451478625,-0.025458007318640216,-0.024619285115410245,-0.025665774226871895,-0.029447268645443805,-0.0204618966194455,-0.014956756995083172,-0.036674413210531547,-0.05048079764003721,-0.028923614023446727,-0.019702863960622794,-0.017749034890712553,-0.015793155489471085,-0.01210843670973339,-0.013587682420840758,-0.017635719912473043,-0.023959351804263833,-0.01813518062476156,-0.02726708299656536,-0.022034910816767932
2022-08-19,-0.040428072932613066,-0.026259284329093708,-0.05364345176308159,-0.030641896226353976,-0.03411150112075104,-0.057025721376467005,-0.010017846462587604,-0.01496249255949197,-0.02235375085109272,-0.03964477612877311,-0.03197532367880958,-0.047296543864513055,-0.04260955045021949,-0.04717302293747474,-0.04663663195144818,-0.03699152485018767,-0.021593988320796394,-0.03310524088143112,-0.029206985721507844,-0.03585031663771572,-0.02258460438984167,-0.020869459182683923,-0.03994596041562646,-0.0500035294670854,-0.022596439544745123,-0.028983342104711568,-0.015636824316462218,-0.013994322473884269,-0.008829433666765092,-0.016986984229298573,-0.01378333022957101,-0.0326170067325979,-0.030792896478570395,-0.032284534105195176,-0.03161401136359613
2022-08-26,-0.037941986435649236,-0.04662203215054457,-0.06270801936104914,-0.03524743658247621,-0.04766156872923265,-0.050060006687978,-0.021109563925109175,-0.026349308347984067,-0.03619225919989255,-0.038525183256822235,-0.04242633779019891,-0.05039441480893673,-0.0592627266956297,-0.0511621173786469,-0.05459099737555299,-0.04092704052150787,-0.02587840153388961,-0.034717717706209066,-0.029078324805035024,-0.03956328454028923,-0.033124321138041674,-0.027341864476326617,-0.05739250311853778,-0.052703814040997346,-0.034045892475064156,-0.04269345397025308,-0.016384356660126633,-0.024360229696408237,-0.013142307539797043,-0.023335668864464743,-0.025457143042047936,-0.03553028156985563,-0.04935152649715334,-0.05427601091233503,-0.029276097460620442
2022-09-02,-0.00790402071830675,-0.008021826251665897,-0.021791152221690736,-0.011870183027768294,-0.009005995188003194,-0.010362635220493303,0.0035573204624752197,-0.0009707472941116192,-0.0020042916945046813,-0.0035876411029389004,-0.00575987854680096,-0.00731096011767749,-0.006632083759405575,-0.004296838101674511,-0.020462329290543455,0.0015404415296128944,0.009463030163065989,-0.008052703124984205,0.006341255964866237,-0.0011779846991157388,-0.000946407330436627,-0.004940803997761151,-0.012163097104908354,-0.023005646866318934,-0.007499142808261772,-0.0193475589542293,0.012171303149804486,-0.005577815618512095,0.016786438433594397,-0.0044054638824182835,-0.0005557161420765012,-0.010839003080989364,-0.006176300553903212,-0.010869740977973198,-0.006331937235916381
2022-09-09,-0.024481863590426943,-0.015155003808639291,-0.022737710367123205,-0.02023186997668049,-0.007769041424648687,-0.015265043640970527,-0.020963095246472864,-0.023301814401931516,-0.00778189690426284,-0.012310938265721012,-0.012788547280081882,-0.014982362822933087,-0.018138802268631547,-0.013365506794504338,-0.023629070198196322,-0.025087049266610935,-0.014707786546391521,-0.02117954239780259,-0.014996336170339767,-0.02078437613314122,-0.015314649024264307,-0.01943636730881731,-0.012923529816030548,-0.01692116477561209,-0.007044802828559654,-0.02512435810418681,-0.012374097795999284,-0.02508607113229246,-0.010478054286384757,-0.023300417067190837,-0.001989944404187516,-0.01816325562659328,-0.019213212950732368,-0.020283431628611185,-0.013910187876417335
2022-09-16,-0.017380907138955314,-0.0077819750445191046,-0.015605303372775502,-0.021906906394906948,-0.001828331264337261,-0.009939800394993148,-0.013026921691906055,-0.02239767232316306,-0.0052313962918871144,-0.006334110121528103,-0.0084005225393298,-0.010961351790719408,-0.015368275365079837,-0.01174320720946906,-0.018607049652698472,-0.018864157639719072,-0.013022709108830908,-0.026120472406117548,-0.004569459071343691,-0.00836064341955162,-0.011815101960618453,-0.022170473675976108,-0.011045463032786758,-0.00840529680014831,-0.01642830168622587,-0.016748879258245523,-0.007654895335026518,-0.02398455236757573,-0.008758732520154211,-0.02238882589870522,-0.010789478401252888,-0.0155515227288493,-0.005927315015903513,-0.0077273517639192615,-0.008821219169102414
2022-09-23,-0.023287945987625226,-0.025318276806681063,-0.040883809914713735,-0.03493866865524507,-0.02570597198837073,-0.02762716485680731,-0.025748827060162734,-0.03406371093949121,-0.02819813726331643,-0.02669249574102318,-0.034296271129082595,-0.03041345877448561,-0.03203466614037801,-0.030350318968712035,-0.05316221653384748,-0.032967763903529734,-0.029284370483005015,-0.041441925799685225,-0.03062030592100179,-0.01682054425325108,-0.03592904936435883,-0.03366587302302188,-0.03209609174327992,-0.025924532854510053,-0.04041426117811242,-0.03499609445144641,-0.03004404805563833,-0.034568972235919204,-0.020901347039527216,-0.034956382084919115,-0.024725162245290526,-0.03313975559165508,-0.026565930428997422,-0.029401650529475867,-0.02676820636785576
